review_id,review_text,rating,review_date,sentiment,pain_point,feature_request,topic,urgency,user_segment,competitor_mention,churn_risk,churn_signal_phrase,suggested_opportunity,confidence,high
1,V good app easy to operate I love it👌👍 Loaded with full easy functions Map is showing clearly and when dilevery person accapt our order then notification come,5,2023-06-25 14:22:29,positive,,,App Bugs/UX,low,,,unknown,,"Continue refining app usability, map accuracy, and notification reliability to maintain high user satisfaction.",0.95,
2,Don't be interested it's show different price and bill diffrent price totaly fake app don't be interested,1,2023-04-27 17:42:55,negative,The final billing price was different from the price shown initially.,Ensure price transparency by showing the exact final bill amount before checkout.,Pricing & Offers,high,,,unknown,,Improve price display consistency across the user journey to build user trust and prevent billing discrepancies.,0.85,
3,Seems like zomato and swiggy are copying each other's layout,4,2020-02-28 13:03:40,neutral,,,App Bugs/UX,low,,Zomato,unknown,,Monitor competitor UI trends and user feedback to ensure distinctive app layout and user experience design.,0.85,
4,I have entered the correct address in the app but the app is showing my address in some different location. The delivery person not able to find my address. At last I have to guide him. Swiggy please correct this issue in your app.,2,2022-06-28 13:44:40,negative,"The app incorrectly displays the saved address on a different location, causing delivery partners to get lost.",Fix the address location mapping and GPS pin bug in the app.,App Bugs/UX,medium,,,unknown,,Enhance address geolocation accuracy and map integration to prevent location discrepancies for delivery partners.,0.9,
5,"Cannot connect with Amazon pay, other modes of transactions are ok. Seems you have some problem with Amazon. Location services has improved, delivery executives are getting better. Still I am unable to fill up my cart from two different restaurants, this is strange.",3,2021-06-01 19:29:19,mixed,Unable to pay using Amazon Pay and unable to add items to cart from two different restaurants simultaneously,Allow adding items from multiple restaurants to a single cart,Refunds & Payments,medium,,,unknown,,Integrate more reliable payment gateway integrations and enable multi-restaurant cart functionality to improve user checkout flexibility.,0.9,
6,Food is best but too late,3,2020-01-04 11:25:41,mixed,The food delivery was significantly delayed.,,Delivery Time,medium,,,unknown,,Optimize delivery routing and ETA accuracy to prevent delays while maintaining food quality.,0.9,
7,I can't pay on delivery cod on instantmart🙃,2,2023-05-03 04:44:55,negative,Cash on delivery is not available for Instamart orders,Enable cash on delivery payment option for Instamart,Refunds & Payments,medium,Instamart user,,unknown,,Expand payment flexibility by introducing cash on delivery for Instamart to accommodate users who prefer offline payment methods.,0.85,
8,I don't why you remove Google pay option it was very easy to make payment,5,2020-09-13 16:34:33,neutral,Removal of Google Pay payment option makes payments less convenient,Bring back the Google Pay payment option,Refunds & Payments,low,,,unknown,,Ensure popular and friction-free payment methods like Google Pay are maintained or re-integrated to preserve user convenience.,0.9,
9,"Delivery boys are very professional but, I felt that application itself increases delivery time estimate to keep itself always ON-TIME. I have never seen it saying that it took extra time and re-bating or, refunding as a professional application. Also, is always giving options from far-away restaurants leading to higher delivery costs Also post Covid everything's price is skyrocketing. Please do a great money and time saving by walking up to your nearest restaurant or, food outlets.",1,2023-05-07 12:35:16,negative,"App artificially inflates delivery time estimates, shows restaurants that are too far away causing high delivery fees, and general high food prices.",Transparent delivery time estimates and filters for nearby restaurants to reduce costs.,Delivery Time,medium,,,unknown,,Improve ETA accuracy algorithms and introduce distance-based restaurant filtering to help users minimize delivery costs and times.,0.85,
10,"Trust me guys ,। am saying best prices and tasty food but their can be more offers",4,2019-10-06 08:19:13,positive,,Provide more offers and discounts,Pricing & Offers,low,,,unknown,,Enhance promotional offerings and loyalty discounts to further drive user engagement and satisfaction.,0.9,
11,Swigy is cheater. I order for food after 40 minute call from swigy order fell down from delivery boy.. after that 1 hrs order send on cash but I paid already online...no support by Customer care...totally fake company and fake delivery boy.,1,2019-11-16 16:28:28,negative,"Order dropped by delivery partner, delayed replacement order charged incorrectly as cash despite prior online payment, and unhelpful customer support","Implement automated refund sync when replacement orders are sent, and improve customer support escalation channels for delivery accidents",Refunds & Payments,critical,,,unknown,,"Build robust exception workflows for damaged or dropped deliveries that automatically handle order replacement, payment adjustments, and support intervention without double-charging the customer.",0.88,
12,restrictions on placing order from multiple restaurant...and deliver charges implied on all orders.,3,2019-07-19 14:36:55,negative,Inability to place orders from multiple restaurants simultaneously and delivery charges applied to every separate order,Allow cart combination from multiple restaurants and optimize multi-order delivery fees,Pricing & Offers,medium,,,unknown,,Introduce multi-restaurant cart functionality and tiered delivery fee structures to improve perceived value for users ordering from different places.,0.9,
13,This is a very nice delivery app but sometimes it switches th order so i gave it 3 stars but otherwise it is a good app with no ads.,3,2021-07-21 14:53:39,mixed,The app occasionally switches the order items.,,Order Accuracy,medium,,,unknown,,Enhance order validation algorithms during placement and assignment to eliminate item-switching errors.,0.85,
14,It doesn't allow to deduct payment from Amazon Pay balance.,1,2021-07-13 07:20:54,negative,The app does not support payment deduction using Amazon Pay balance.,Add Amazon Pay balance as a supported payment method.,Refunds & Payments,medium,,Amazon Pay,unknown,,Expand payment gateway integrations to include popular digital wallets like Amazon Pay to reduce payment friction.,0.9,
15,"It's very disgusting, cancelling my order but not refunding",1,2022-12-21 15:06:54,negative,Order was cancelled by the platform but the refund was not processed.,Automate instant refunds upon order cancellation to improve trust.,Refunds & Payments,critical,,,unknown,,Implement automated refund initiation and real-time tracking for cancelled orders to prevent customer anxiety over lost funds.,0.9,
16,"Now a days worst service, i even mention on app that they send me the spoiled cake on my birthday, but no response from ur side, no purchase from ur app better to order from Zomato.",1,2021-09-28 16:09:49,negative,Received spoiled cake for birthday and received no response from customer support regarding the complaint,,Restaurant Quality,high,,Zomato,high,no purchase from ur app better to order from Zomato,Implement automated food quality escalation workflows and proactive customer recovery for spoiled perishable items.,0.95,
17,Date:-17/07/2023- Galti se bhi online payment mat karna dosto This app is very bed and 3 hours complete my order is not coming,1,2023-07-16 20:06:58,negative,Order has not arrived after 3 hours and online payment failed or is risky,,Delivery Time,critical,,,unknown,,Implement proactive tracking alerts and automated compensation for severe delivery delays exceeding normal thresholds.,0.85,
18,Always i face problem in delivery.,1,2021-05-18 16:24:32,negative,Consistently experiencing problems with order delivery,,Delivery Time,medium,,,unknown,,Investigate recurring delivery bottlenecks and improve operational reliability for consistent users.,0.75,
19,Good coverage of restaurants,5,2020-11-01 16:15:21,positive,,,Other,low,,,unknown,,Maintain and expand the restaurant partnership network to preserve a strong competitive edge in catalog coverage.,0.85,
20,Semmma experience always swiggy the best,5,2021-04-22 09:02:55,positive,,,Other,low,,,unknown,,Leverage positive brand sentiment and high customer satisfaction to encourage user advocacy and reviews.,0.95,
21,Delivery boys are not able to reach on the given location and will cancel your delivery and also they charge to you only..,1,2020-10-18 13:40:04,negative,"Delivery partners are unable to reach the location, leading to order cancellation and unfair charges.",Improve in-app map location pinning and communication between delivery partners and customers to prevent failed deliveries.,Delivery Partner Behavior,high,,,unknown,,Enhance location accuracy and partner navigation tools to minimize delivery failures and wrongful customer charges.,0.88,
22,Fast Devilery as of now in Imphal with user friendly Apps,5,2021-08-08 07:02:28,positive,,,Delivery Time,low,,,unknown,,Leverage successful regional expansion and fast delivery benchmarks to scale operations in Tier 2 and Tier 3 cities.,0.9,
23,this app is very good and very helpful,5,2019-03-29 14:42:52,positive,,,App Bugs/UX,low,,,unknown,,Maintain high platform reliability and user satisfaction by continuing to deliver seamless core experiences.,0.95,
24,"Issue with live location of delivery boy, rates are high",2,2023-07-01 13:37:38,negative,Inaccurate live location tracking for the delivery partner and high delivery rates.,Improve the live tracking accuracy for delivery partners and provide more competitive pricing.,App Bugs/UX,low,,,unknown,,Enhance map tracking reliability and re-evaluate pricing transparency to improve user trust and perceived value.,0.85,
25,Good offers on listed restaurants... loving it,5,2022-06-19 08:17:30,positive,,,Pricing & Offers,low,,,unknown,,Highlight and expand targeted promotional offers to increase user engagement and drive positive sentiment.,0.95,
26,Horrible experience waiting for food from last two hours,1,2021-10-15 17:06:40,negative,Food delivery was delayed by two hours,Provide real-time proactive updates when delivery is significantly delayed,Delivery Time,high,,,unknown,,Enhance delivery delay detection algorithms to automatically alert customers and offer compensation before they complain.,0.9,
27,Hello...5 days ago I ordered something and that time the resturent didn't take the order.... but the money had deducted....still not receive that money,3,2019-03-05 13:15:00,negative,"Money was deducted for an order that the restaurant did not accept, and the refund has not been received after 5 days.",Implement automated instant refunds for unaccepted or cancelled orders.,Refunds & Payments,high,,,unknown,,Automate the refund initiation process for unfulfilled or rejected orders to drastically reduce resolution time and customer anxiety.,0.9,
28,Map is not working and support is pathetic,2,2019-08-25 15:32:36,negative,The in-app map is not functioning properly and customer support is unhelpful.,Improve map navigation reliability and upgrade support responsiveness.,App Bugs/UX,high,,,unknown,,Enhance map rendering stability and streamline support escalation workflows to improve user trust and problem resolution rates.,0.9,
29,"Now a days, wrong ETA displayed.after placing order we have to wait double the ETA",1,2021-10-18 05:18:57,negative,"The estimated time of arrival (ETA) displayed before placing an order is incorrect, requiring users to wait twice as long as originally estimated.",Improve ETA prediction accuracy by reflecting realistic delivery times before the order is placed.,Delivery Time,medium,,,unknown,,Enhance delivery estimation algorithms and real-time traffic tracking to provide more accurate ETAs and maintain user trust.,0.9,
30,"Map and live tracking is such a botchy, please make it better",1,2019-09-18 15:47:08,negative,The map and live tracking feature is buggy and unreliable.,Improve the map and live tracking functionality,App Bugs/UX,medium,,,unknown,,Enhance real-time GPS tracking reliability and map performance to provide a smoother delivery monitoring experience.,0.9,
31,"I ordered pizzas for a family dinner from a popular pizza chain and they were all torn and crushed from one side as if they had been squeezed in a bagpack. It was a waste of money and time. I contacted their customer care through their app and phone but they did not offer any compensation or apology for their poor service They just said that they will look into the matter and get back to me, but they never did. I feel cheated and disrespect. I would never order from swiggy again",1,2023-06-02 16:34:45,negative,Pizzas arrived damaged and customer support refused compensation or a meaningful resolution,Implement proactive order quality checks and automated immediate compensation for severely damaged food,Restaurant Quality,high,,,high,I would never order from swiggy again,Enhance delivery partner handling guidelines for fragile food items and empower customer support with instant resolution policies for damaged orders to protect user trust.,0.95,
32,From last 2 times it has given me insufficient quantity of food I even complained but no executive talked to me or solved my problem....am a very old cxt. But am highly dissappointed from them this time,2,2019-11-06 15:25:51,negative,Received insufficient quantity of food twice and customer support failed to respond to the complaint.,Improve customer support responsiveness for order complaints regarding restaurant quality or quantity.,Restaurant Quality,medium,long-term user,,unknown,,Implement automated follow-ups and escalation pathways for repeat complaints regarding food quantity and restaurant quality issues.,0.88,
33,i download app from play store and open app then it crash..no any things i do in app,1,2019-07-20 21:18:47,negative,App crashes immediately upon opening after download,,App Bugs/UX,high,new user,,unknown,,Implement automated pre-release stability testing and crash reporting monitoring to catch startup crashes before app store updates reach new users.,0.92,
34,They will tell delivery on time but they will not deliver on time,2,2022-08-06 18:15:51,negative,Delivery is consistently late despite being told it will arrive on time,Improve ETA accuracy and real-time delay notifications,Delivery Time,medium,,,unknown,,Enhance delivery time estimation algorithms and provide proactive delay notifications to manage user expectations.,0.9,
35,"Apart from offers, I've faced a lot of issues such as bad quality food and late deliveries and cancellation without informing. Not the best service one would expect. Awful customer support.",2,2022-10-21 09:27:44,negative,"Received bad quality food, late deliveries, unannounced order cancellations, and awful customer support.",Improve proactive notification systems for order cancellations and provide better training for customer support.,Restaurant Quality,high,,,unknown,,"Enhance service reliability across multiple touchpoints including restaurant quality control, delivery punctuality, proactive communication, and customer support responsiveness.",0.85,
36,"Worst Consumer Service Ever. After Placing Order for more than two hours, I received a notification that my order was delivered, but it was not. I contact the customer care to initiate my Refund & he also told me that he will initiate an extra coupon of 49rs to me. But the coupon was never initiated. What kind of irresponsibility is this? When I called the customer care after a day, she replied that since the order time has passed 24 hours, she can't do nothing about the coupon.",1,2023-06-16 07:11:12,negative,"Order marked as delivered but not received, followed by unfulfilled compensation promises and unhelpful customer support due to arbitrary time limits.",Automated refund processing for undelivered orders without reliance on support agents and better tracking of promised support coupons.,Customer Support,high,,,unknown,,Improve customer support accountability and streamline the compensation promise workflow to prevent unfulfilled agent commitments and disputes.,0.92,
37,There is a very fast and good service by swiggy,5,2019-12-10 13:13:51,positive,,,Delivery Time,low,,,unknown,,Maintain and highlight efficient service operations to reinforce positive brand perception and customer retention.,0.95,
38,Cancellation time should have been increased to 5 mi s atleast. Not good,3,2020-11-25 13:21:36,negative,"The cancellation window is too short (currently less than 5 minutes), making it difficult to cancel orders when needed.",Increase the order cancellation time window to at least 5 minutes.,App Bugs/UX,low,,,unknown,,Introduce a flexible order cancellation grace period with clear UI indicators to improve user control and reduce accidental order commitments.,0.85,
39,nothing good. when we try to order services unavailable,2,2019-02-11 14:57:55,negative,services unavailable when trying to place an order,better visibility or notification regarding service availability before attempting to order,Other,medium,,,unknown,,Improve real-time service availability indicators and inventory status to prevent user frustration during checkout.,0.85,
40,"worst app, placed an order after almost 30 minute shows its unavailable. highly disappointed with swiggy. never use this app",1,2019-05-03 15:59:46,negative,Order marked unavailable after waiting for 30 minutes,Real-time inventory sync to prevent ordering unavailable items,Other,high,,,high,never use this app,Improve real-time inventory tracking and restaurant availability status to prevent order cancellations after placement.,0.95,
41,"pathetic service, nowadays every order on swiggy is getting pathetic. Either the food is cold due to delay in service or there are missing items. This company once they have made name in the market they are least bothered about the service provided.",1,2019-08-12 15:22:29,negative,Orders frequently arrive late with cold food or missing items due to declining service quality.,Implement stricter quality control checks for restaurant packaging and delivery timelines before dispatch.,Delivery Time,high,,,unknown,,Enhance quality assurance protocols and rider dispatch algorithms to address recurring issues with cold food and missing items.,0.85,
42,Good app but at times slow in its functions,5,2022-06-24 05:04:08,positive,App functions slowly at times,,App Bugs/UX,low,,,unknown,,Optimize app performance and reduce latency during peak usage times to ensure a smooth user experience.,0.9,
43,This service just gets worse and worse every week. The number of orders I was forced to cancel in the past month alone... Coupons be damned. I'll stick to their rivals.,1,2022-04-14 12:12:40,negative,Orders frequently have to be canceled and coupons are ineffective,Improve order fulfillment reliability and coupon value,Pricing & Offers,high,long-term user,rivals,high,I'll stick to their rivals,Improve platform reliability and restaurant partnership management to drastically reduce order cancellations and retain frustrated users.,0.9,
44,"Worst experience ever, Zomato is better than these people, unnecessarily cancels the order and that to after the payments are done and then asks is to wait untill 7 business days and when you get in touch with them.... They all give diff answers in such a way that we have made a mistake, such pathetic service I have never seen in my life, they literally point out the issue in such a way that, they are responsible for this. Such a pathetic service, they don't have a co-ordination between the hote",1,2021-06-27 10:07:22,negative,"Orders are cancelled after payment is completed, and refunds take up to 7 business days with unhelpful and contradictory customer support responses.",Provide instant refund processing for cancelled pre-paid orders and implement unified training for support agents to ensure consistent information.,Refunds & Payments,high,,Zomato,high,Zomato is better than these people,"Streamline the order cancellation and refund workflow to minimize friction and ensure support representatives provide consistent, customer-first resolution.",0.95,
45,superb but ...extend ur delivary points,5,2019-02-25 13:59:27,positive,Limited delivery radius or coverage area,Extend delivery radius/service points,Other,low,,,unknown,,Expand delivery zones and restaurant coverage to capture demand from customers in underserved areas.,0.85,
46,"If we are paying full amount while ordering then why don't you guys refund full amount when we get food qith pathetic quality. That's restaurent's mistake and you have to deal with them, why would Customer suffer in that. I would have given you 5 star but this above thing I can't take.",2,2020-12-28 09:06:47,negative,Partial or insufficient refund provided by the platform for food received with poor restaurant quality.,Provide full refunds to customers when food quality issues are caused by the restaurant.,Refunds & Payments,medium,,,unknown,,Revise refund policies and dispute resolution workflows to fully protect customers from financial loss due to poor restaurant food quality.,0.92,
47,The very bad and worst app in the world don't install,1,2020-10-21 16:20:54,negative,Extreme dissatisfaction with the app's overall quality and experience,,App Bugs/UX,low,,,unknown,,Investigate underlying systemic user experience and performance issues driving extreme negative brand sentiment.,0.6,
48,"When payment gets failed, coupon codes cannot be used agian. Do you guys don't have developers to sort this issue?",2,2019-10-06 15:42:20,negative,"Coupon codes cannot be reused after a payment failure, leading to lost discounts.",Automatically release or allow reuse of coupon codes when a payment fails.,Refunds & Payments,medium,,,unknown,,Implement automated transaction state rollback for coupon validity when payments fail to prevent promotional lockouts.,0.9,
49,It doesnot pick up correvt address,1,2019-10-30 13:44:54,negative,The app fails to automatically detect or pick up the correct address.,Improve address auto-detection accuracy and map pin placement.,App Bugs/UX,medium,,,unknown,,Enhance location services and GPS address resolution algorithms to improve location accuracy and reduce user friction during checkout.,0.85,
50,"I love this app this app is good..the delivery boy asked me sorry for late nd he gave a sorry card for me i always feel great to order foods,shakes ,dishes,deserts from this app...people please download the app to order your food from this app",5,2018-11-13 14:26:03,positive,,,Delivery Partner Behavior,low,,,unknown,,"Leverage delivery partner customer service gestures, such as apology notes for delays, to enhance positive brand perception and customer loyalty.",0.95,
51,Super duper app for food delivery,5,2021-05-12 14:58:32,positive,,,Other,low,,,unknown,,"Leverage high customer satisfaction to encourage app reviews, referrals, or loyalty program enrollment.",0.95,
52,"Firstly, my area suddenly went 'unservicable' for about a week. Secondly, when service resumed I placed an order. But the agent calls and says the items are not available. So I try cancelling the order, the process of which is hidious. To cancel an order, you are connected to a chatbot, and there are 4 useless options and no option like ""ordered items no longer available"". So I picked ""expected faster delivery"" and was given a cancellation charge of 85. Never using again.",1,2019-05-07 14:48:44,negative,"Area became temporarily unserviceable, ordered items were out of stock upon agent call, and the cancellation process via chatbot lacks a relevant option, resulting in an unfair cancellation charge.",Add a cancellation reason option for items being unavailable and improve the self-service cancellation flow.,App Bugs/UX,high,,,high,Never using again,Redesign the order cancellation flow to include accurate reason codes and prevent unfair cancellation charges when restaurants report out-of-stock items.,0.95,
53,Nice contribution by them during lockdown.,4,2020-07-11 03:25:41,positive,,,Other,low,,,unknown,,Leverage historical positive brand touchpoints like pandemic contributions to reinforce brand loyalty and community connection.,0.85,
54,"If there a zero star i would have given , totally unreliable . I think they get food packed from roadside in name of restaurants you order and they deliver with premium charges . Ordering non veg is like may be instead of chicken you get Crow biryani and may be instead of mutton they might be serving us something else . I stopped ordering from these App ,its better get yourself packed from genuine restaurant and be assured . How much time it gonna take anyhow . Anyways they served beef in bengal.",1,2019-08-22 17:23:46,negative,"Suspected poor quality or substituted meat in restaurant food delivered by Swiggy, with exorbitant pricing.",Implement restaurant quality transparency or verification audits to ensure ordered food items match what is prepared.,Restaurant Quality,high,,,high,I stopped ordering from these App,Enhance restaurant verification protocols and quality control measures to rebuild consumer trust in food safety and authenticity.,0.9,
55,At first swiggy service was good but later on i was regular customer of swiggy today and before 2 days i ordered food from new restaurant some of them i got cold and steal food i raised my complaint but they didn't respond yet. Swiggy is good for first 10 ordered after that they don't focus on their old customer they don't respond.,2,2021-01-02 07:44:39,negative,Received cold and stale food from a new restaurant and customer support failed to respond to the complaint.,Implement a loyalty program or dedicated support queue for long-term and regular customers.,Restaurant Quality,medium,long-term user,,unknown,,Enhance customer support prioritization for repeat users and implement stricter quality checks on restaurant partners to ensure food freshness.,0.85,
56,Yummy and professional. A very efficient food and neccecities shopping platform ❤️❤️,5,2022-02-26 14:09:32,positive,,,Other,low,,,unknown,,Leverage high customer satisfaction and brand perception to drive referral programs and cross-platform adoption.,0.95,
57,Their service and their restaurant is not good with swiggy one. U will save money but u will regret after ordering food.,3,2022-03-30 17:19:59,negative,"Poor food quality from restaurants associated with Swiggy One, leading to regret despite saving money.",,Restaurant Quality,medium,,,unknown,,Enhance restaurant curation and quality standards for Swiggy One members to ensure cost savings do not compromise food satisfaction.,0.85,
58,A very good experience from d time of covid lockdown...this app has helped us a lot..specially in case of emergencies...,5,2022-10-21 04:43:56,positive,,,Other,low,long-term user,,unknown,,Leverage historical brand loyalty and positive emergency-use sentiment to drive user retention campaigns.,0.95,
59,Swiggy is awesome but when I opted for veg only then also they showed me chicken tikka with veg green mark. improve on it.,3,2019-03-08 14:36:37,mixed,Non-vegetarian items like chicken tikka are incorrectly tagged with a green vegetarian label when the 'veg only' filter is applied,Ensure strict dietary filtering and accurate green/red marking for vegetarian items,App Bugs/UX,medium,,,unknown,,Enhance the dietary preference filter algorithm and menu tagging validation to prevent non-vegetarian items from being mislabeled as vegetarian.,0.88,
60,"the worst experience of customer servicing they hold you on chat and never answer to you complain, please don't use this app. us blinkit for your grocery and everything, swiggy I'll appreciate if you'll contact me for my complaint and I'll edit this statement, but for now I have to rate you with 1 star because there's no other option",1,2022-05-15 16:09:13,negative,Customer support chat keeps users waiting and does not address complaints,Improve customer support chat responsiveness and follow-up,Customer Support,high,,blinkit,low,please don't use this app. us blinkit for your grocery and everything,Enhance customer support queue management and proactive complaint resolution to rebuild user trust after poor support interactions.,0.85,
61,It is good but think it should be little bit fast.. Otherwise the service is awesome.. Hoping for the change 😊😊😊,4,2018-10-09 14:39:52,positive,Delivery speed could be slightly faster,,Delivery Time,low,,,unknown,,Optimize dispatch and routing algorithms to shave minutes off delivery times and enhance an already strong service.,0.95,
62,"The worst app, worst Service, worst customer support, They will deliver wrong food and they have no option to connect other than email. And after connecting them over email you will get reply that they will take care in future without connecting you but what about this time. And ofcourse in future also they will repeat same. Trust me Swiggy is fraud company.",1,2020-02-14 15:58:28,negative,"Received wrong food with no direct phone support to resolve the current issue, only automated or unhelpful email responses.",Provide an in-app phone or live chat support option instead of email-only communication for order issues.,Order Accuracy,high,,,unknown,,Implement real-time customer support channels and instant order-correction workflows to quickly resolve wrong-item complaints.,0.92,
63,delivery boys are very very good,5,2020-12-08 08:39:47,positive,,,Delivery Partner Behavior,low,,,unknown,,Leverage and highlight positive delivery experiences to reinforce customer trust and brand loyalty.,0.95,
64,Felt bad because when i applied the coupon code it was applied but when i made order on cod it didn't work and the order was placed 🤔.This was for Domino's only!,2,2019-11-12 10:31:52,negative,"Coupon code applied successfully on screen but did not apply when placing a Cash on Delivery order, resulting in full-price order placement.",Ensure that applied coupons dynamically persist and validate correctly at the final payment step for Cash on Delivery orders.,Pricing & Offers,low,,,unknown,,Improve payment checkout consistency to ensure applied discounts and coupons do not drop out when selecting Cash on Delivery.,0.88,
65,It was good experience ordering food from swiggy but one thing is that the item can be added more than one.,5,2021-11-04 15:13:32,positive,Inability to add more than one quantity of an item easily or clearly in the UI,Make it easier to add multiple quantities of the same menu item,App Bugs/UX,low,,,unknown,,Enhance the menu item selection interface to streamline adjusting item quantities before adding to cart.,0.85,
66,Hey team - It will be good if you can give an option to add additional no. for tracking while ordering.,5,2021-11-14 08:58:28,positive,,option to add an additional phone number for tracking while ordering,App Bugs/UX,low,,,unknown,,Introduce secondary contact number inputs in the checkout flow to improve delivery communication and order tracking for users.,0.95,
67,"Removes items from cart, without any explanation",2,2020-07-25 14:03:56,negative,Items are being removed from the shopping cart without any explanation.,Show a notification or explanation when items are automatically removed from the cart.,App Bugs/UX,medium,,,unknown,,Improve cart state management and add clear user notifications explaining why items are removed to prevent user frustration.,0.85,
68,excellent food delivery app on time delivered,5,2019-01-25 13:16:02,positive,,,Delivery Time,low,,,unknown,,Maintain and highlight reliable delivery timing to reinforce positive user habits and satisfaction.,0.95,
69,Not for middle class people. most of the times money will be decuted but order will not be placed.. money may back after 2-5 days... you have to wait and ask them.,1,2019-08-15 12:29:09,negative,"Money is deducted but orders fail to place, requiring a 2-5 day wait for refunds.",Implement instant payment failure resolution and immediate automated refunds.,Refunds & Payments,critical,,,unknown,,Enhance payment gateway reliability and automate instant refund processing for failed transactions to restore user financial trust.,0.95,
70,Excellent service in agency areas,4,2019-10-16 14:11:28,positive,,,Other,low,,,unknown,,Expand service reliability and logistics infrastructure in remote or agency areas to capture more regional demand.,0.85,
71,I'm not getting the Instamart and Swiggy Genie Option on the App.,4,2021-06-25 11:17:33,neutral,Instamart and Swiggy Genie options are missing from the app interface,Restore or enable the Instamart and Swiggy Genie options in the app,Instamart,medium,Instamart user,,unknown,,Ensure consistent feature availability and visibility across user app versions to prevent confusion.,0.9,
72,There are no swiggy Genie available ever.,1,2023-05-15 05:33:15,negative,Swiggy Genie service is consistently unavailable.,Increase the availability and capacity of Swiggy Genie pickup and delivery partners.,Other,medium,,,unknown,,Improve service capacity planning and rider allocation for Swiggy Genie to ensure reliable availability across service zones.,0.9,
73,EASY ; CONVENIENT & FOOD DETAIL'S DESCRIBED ELABORATELY.😃👍👍👍,4,2020-04-11 08:18:55,positive,,,App Bugs/UX,low,,,unknown,,Enhance UI consistency and item description depth across all restaurant menus to maintain high user satisfaction and ease of navigation.,0.95,
74,"In lockdown, ppl stuck @home, can't go out to eat & ordering more food. Giving more business to Swiggy. I am happy that Swiggy is covering my favourite restaurants within 12km radius & charging accordingly for long distance restaurants. But they r unnecessarily charging surge for restos within 3km redius witch wasn't before. If it's not raining, only dark clouds, they starts ""surge due to rainy wheather"". Means food of 150 rs will become 275- 300 rs aft adding tax, delivery charge and surge",2,2021-05-14 05:29:05,mixed,"Swiggy is charging unnecessary surge fees for nearby restaurants (within 3km) based on false weather conditions like dark clouds instead of rain, significantly increasing the total cost of food.","Implement more accurate, location-specific and weather-verified surge pricing triggers instead of automated surge fees for merely cloudy conditions.",Pricing & Offers,medium,,,unknown,,Refine weather-detection algorithms and transparency in surge pricing rules to maintain user trust and avoid perceived price gouging on nearby orders.,0.88,
75,Your customer service is pathetic you guys say that you will refund the amount in such days or weeks but the amount does not get refunded out .....recently I ordered the food which was not delivered to me because the swiggy driver had an issue with the bike so the customer care called me up and reassured that he will re order the same order and it will be in my door step half an hour but spending like 3 hour and arguing for my refund it's all drama......,1,2020-10-20 15:25:16,negative,Failure to receive a timely refund after a non-delivered order and broken promise of a redelivery by customer support,Automated and faster refund processing with transparent tracking,Refunds & Payments,high,,,unknown,,Streamline the refund workflow and improve customer support accountability for failed deliveries to rebuild user trust.,0.9,
76,"swiggy geine is the worst app ever, delivery guy found the item to be too pricey and he didn't deliver it to me, Neither customer chat service helped nor anyone from swiggy, Swiggy's downfall is going to start from tomorrow when i report this issue to consumer court",1,2022-09-17 17:49:43,negative,Delivery partner refused to complete the order due to item price and both customer chat service and support failed to help.,Improve delivery partner accountability and training regarding order fulfillment and price handling.,Delivery Partner Behavior,high,,,high,Swiggy's downfall is going to start from tomorrow when i report this issue to consumer court,Enhance support response protocols and rider accountability mechanisms to resolve delivery refusals and prevent escalations to consumer forums.,0.92,
77,My all time favourite app.. i will order foods only in swiggy,5,2022-07-03 14:23:43,positive,,,Other,low,long-term user,,unknown,,Leverage brand loyalty through a dedicated rewards or referral program to encourage continued engagement.,0.95,
78,terrible experience. delivery guys dnt ans calls. then the back office people agrue n charge u for the cancellation from their side. 4th tym in a row. does not deserve even 1 star,1,2018-12-27 14:59:43,negative,Delivery partners do not answer calls and customer support argues with users while unfairly charging cancellation fees.,,Customer Support,high,,,unknown,,Enhance delivery partner communication tools and retrain customer support agents to handle order cancellations fairly without penalizing users.,0.9,
79,"FALSE ADVERTISING & CHEATING Over a month ago I got cheated on meat delivery, they did not send qty ordered and refused to refund. 2 days ago they cheated on organic sugar in Instamart, they advertised 1kg for the price mentioned and I ordered 2kg but received 2 500 gm packets and CS gaslighted me and refused to make it right. Today I got badly packaged chicken livers and cheated out of a whole kg. Uninstalled!",1,2022-11-15 06:41:57,negative,"Repeated short delivery quantities, poor packaging, refusal of refunds, and gaslighting by customer support across meat and Instamart orders.",Improve quality control for weighted items and empower customer support to issue refunds for missing or incorrect quantities.,Instamart,critical,Instamart user,,high,Uninstalled!,Implement automated weight and item verification at packing alongside a strict CS quality assurance protocol to prevent systematic order discrepancies and retain frustrated customers.,0.98,
80,"Amazing app , according to me it's the best app to order food . Zomato was giving me pizza in 120 rupees and Swiggy gave me the same pizza from the same shop of 70",5,2019-08-27 10:30:48,positive,,,Pricing & Offers,low,,Zomato,unknown,,Leverage competitive pricing advantages to attract and retain cost-conscious users comparing multiple food delivery platforms.,0.95,
81,"I receieved an incorrect product from Instamart. I needed it quickly so I paid express delivery fee also. But after raising the concern to support, the guy first took so much of time to admit that product is wrong and then replied we can't do anything. Its better so stay away from this service with no customer support in case of any issue.",1,2022-05-22 10:22:46,negative,"Received an incorrect Instamart product despite paying an express delivery fee, and customer support refused to resolve the issue.",Improve customer support resolution policies and error handling for incorrect Instamart orders.,Instamart,high,Instamart user,,low,Its better so stay away from this service,Enhance quality control for Instamart order fulfillment and empower support agents to issue refunds or replacements for incorrect items.,0.92,
82,What's with the super? I paid 49 for it. And the offer goes to phonepe users only. So my 49 rs is for their better service.,2,2018-10-28 14:19:58,negative,"User paid 49 for a subscription or feature, but realized a discount offer is restricted to PhonePe users.",Make promotional offers applicable across all payment methods for subscribers,Pricing & Offers,low,,PhonePe,unknown,,Improve transparency around subscription benefits and payment-specific offer limitations to prevent customer confusion and perceived unfairness.,0.85,
83,prices are little high as compare to zomato,4,2019-07-23 18:51:29,neutral,Prices are slightly higher compared to the competitor Zomato,,Pricing & Offers,low,,Zomato,unknown,,Optimize pricing competitiveness and dynamic discounting strategies relative to key market rivals.,0.9,
84,Beautiful app.. easy to use,5,2021-04-18 16:09:07,positive,,,App Bugs/UX,low,,,unknown,,Maintain and enhance UI/UX design standards to sustain high user satisfaction and ease of navigation.,0.95,
85,I got veey good discount and also i was able to search the several options over here..loved the app,5,2021-07-11 15:42:13,positive,,,Pricing & Offers,low,,,unknown,,Enhance promotional discounts and search capabilities to continue driving positive user engagement and discovery.,0.95,
86,It's good and thanks for offers.,4,2019-10-16 16:14:33,positive,,,Pricing & Offers,low,,,unknown,,Enhance promotional offerings and personalization to sustain positive user engagement and loyalty.,0.95,
87,easy and simple app to order food online,5,2021-07-23 15:25:17,positive,,,App Bugs/UX,low,,,unknown,,Maintain a streamlined and intuitive user interface to support frictionless food ordering.,0.95,
88,"Please friends don't encourage these food apps they charge whatever they want please un install the app they charge from you PLATFORM CHARGES for their app maintenance and RAIN FEE 30 and small order fee up 1 KM 59 ,charges and delivery charges all is double the product amount please don't use for at least one month then they will step down take reasonable charges otherwise complete they monopolized now i am uninstall my app and complaint against swiggy because charge unreasonable manner",1,2023-05-11 08:44:29,negative,"Excessive and overlapping fees including platform charges, rain fees, small order fees, and delivery charges that double the product amount",,Pricing & Offers,medium,,,high,now i am uninstall my app,Introduce a transparent fee capping mechanism and subscription model to improve price competitiveness and prevent user churn caused by high cumulative fees.,0.95,
89,"The service is pathetic, in my last order no delivery executive was assigned for more then an hour. Before thay once a delivery executive reached my place to deliver without the content and multiple times they have spilled the food onway.",1,2019-07-06 07:46:12,negative,"Severe delivery delays due to unassigned executives, missing food items, and spilled food during transit.",Improve real-time delivery tracking and spill-proof packaging standards for restaurant orders.,Delivery Partner Behavior,high,,,unknown,,Enhance delivery dispatch algorithms to prevent prolonged unassigned states and enforce stricter transit handling guidelines for riders.,0.88,
90,Swiggy very good food delivery app with lot of offers,5,2021-11-07 08:37:14,positive,,,Pricing & Offers,low,,,unknown,,Leverage promotional offers and perceived high value to further engage and retain users through personalized deals.,0.95,
91,Fantastic...bestest option when you are really hungry,5,2019-09-26 06:59:31,positive,,,Other,low,,,unknown,,Leverage high customer satisfaction during peak hunger moments to drive loyalty and repeat orders.,0.95,
92,Very useful and powerful app for ordering food 🍔,5,2021-06-09 06:49:07,positive,,,App Bugs/UX,low,,,unknown,,Continue maintaining core app performance and user-friendly interface to sustain high user satisfaction.,0.95,
93,NO Proper customer service even though delivery men makes mistakes that will effect us in extra fee charge #wrost app don't install,1,2019-07-16 13:58:15,negative,Poor customer service unable to resolve extra fee charges caused by delivery partner mistakes,Improve customer support accessibility and dispute resolution for delivery fee errors,Customer Support,high,,,unknown,,Streamline dispute resolution for delivery-related extra charges and expand support agent availability to resolve billing errors efficiently.,0.85,
94,Worst.... The customer care is useless. I have logged a request and no one responded. Swiggy has cancelled my order with no refund. Hence uninstalled this app. I am not gonna use Swiggy.,1,2022-05-20 12:39:19,negative,Order cancelled by Swiggy without a refund and customer support is unresponsive to requests,Implement automated refund processing upon order cancellation and improve customer support response times,Customer Support,critical,,,high,Hence uninstalled this app. I am not gonna use Swiggy.,Automate refund processing for cancelled orders and integrate a proactive communication system for customer support escalations.,0.98,
95,app is working fine but status delay,5,2018-12-24 14:57:12,positive,Order status is delayed or not updating in real-time within the app,Improve real-time order status tracking accuracy,App Bugs/UX,low,,,unknown,,Enhance the reliability and speed of order status synchronization to ensure users receive timely updates.,0.85,
96,The restaurant and dishes are Very very nice excilent 🤘👑👑👑😎😎😎😎😎😎😎😘😘😘😘😘😘😘😘,5,2019-12-17 15:35:59,positive,,,Restaurant Quality,low,,,unknown,,Highlight and promote top-rated restaurant partners to reinforce positive discovery experiences.,0.95,
97,Poor service and customer unsatisfactory service...,1,2019-09-28 15:16:50,negative,Poor service and unsatisfactory customer support,,Customer Support,medium,,,unknown,,Enhance overall service quality and customer support responsiveness to address general user dissatisfaction.,0.6,
98,nice but late Delivery it's time consuming,3,2019-03-27 15:43:21,mixed,"Delivery was late, making the overall process time-consuming.",,Delivery Time,low,,,unknown,,Enhance real-time tracking accuracy and optimize delivery dispatch logistics to reduce late-order wait times.,0.9,
99,food items get missing often from the order,5,2019-06-27 17:18:07,neutral,food items are frequently missing from delivered orders,implement a pre-dispatch checklist or tamper-evident sealing to verify order completeness,Order Accuracy,medium,,,unknown,,Enhance restaurant packing verification processes and partner with vendors to eliminate missing item errors before dispatch.,0.85,
100,Excellent app supports me a lot when on time not with family. Infact I am able to manage my diabetes on getting food on time. Door delivery. Excellent work swiggy team and hotel's. Faster Than i could buy when I visit. Thanks and all the best. swiggy recently used in Trivandrum found excellent service too. am impressed. thanks a lot team swiggy and staffs.,5,2019-02-21 08:11:44,positive,,,Delivery Time,low,,,unknown,,Enhance reliable delivery scheduling for health-conscious users to support consistent diet and medical management.,0.95,
101,tax and delivery charges are too high,2,2022-04-22 06:45:14,negative,Excessively high taxes and delivery charges,,Pricing & Offers,low,,,unknown,,Introduce transparent pricing breakdowns and loyalty benefits to help users better manage fee perception.,0.95,
102,Works very slow....very limited options on offer....,2,2019-09-26 14:28:50,negative,App is slow and restaurant/offer options are very limited,,App Bugs/UX,medium,,,unknown,,Optimize app performance for faster load times and expand restaurant or offer availability.,0.8,
103,The number of fraud issues with the billing are at rise and Swiggy holds the first position.,1,2022-08-25 03:41:19,negative,Increase in billing fraud issues related to Swiggy charges,,Refunds & Payments,critical,,,unknown,,Enhance billing transparency and security measures to rebuild user trust regarding financial transactions.,0.85,
104,Better food delivery app and not good delivery speed,4,2019-10-23 15:35:35,mixed,Slow delivery speed,,Delivery Time,medium,,,unknown,,Optimize dispatch and routing algorithms to improve overall delivery speed while maintaining food quality.,0.85,
105,I get my oder with missing some items in it. I didn't recieve any good response from swiggy executives & didn't get any refund or coupon...zomato is better than swiggy...i appeal to everyone do not use swiggy...its an fraud app.,1,2021-03-13 14:09:58,negative,"Missing items in the order, unhelpful customer support, and failure to provide a refund or coupon",,Order Accuracy,high,,zomato,high,zomato is better than swiggy,"Improve cross-departmental coordination between delivery verification, customer support, and refund processing to resolve missing item complaints effectively and prevent competitor switching.",0.92,
106,There is no provision to rate the orders if you not rate them at delivery time.,2,2019-09-11 10:11:35,negative,Inability to rate orders after the delivery time has passed if missed initially,Add a feature to rate orders at a later time even if skipped at delivery,App Bugs/UX,low,,,unknown,,Introduce a post-delivery feedback window in the order history section to allow users to rate and review past orders at their convenience.,0.9,
107,They remove the features as per their convenience.,1,2022-04-13 06:31:07,negative,Swiggy removes app features without user consideration,Maintain consistent feature availability and inform users before removing features,App Bugs/UX,low,,,unknown,,Improve product change communication and stability to prevent user frustration when features are modified.,0.8,
108,Pathetic quality and customer service,1,2020-02-27 17:24:20,negative,Poor food or service quality combined with unhelpful customer support,,Restaurant Quality,medium,,,unknown,,Enhance quality assurance measures for partner restaurants and improve support agent training to resolve complaints effectively.,0.8,
109,this is not good as they do not solve the customer's issue . I suggest not to purchase anything from this,1,2020-09-24 07:19:49,negative,Customer support failed to resolve the user's issue.,,Customer Support,medium,,,unknown,,Enhance customer support agent resolution efficiency and follow-up processes to improve customer satisfaction and trust.,0.85,
110,Never delivered the order on time and evertime gave new excuses.,1,2021-11-08 04:57:53,negative,Orders are consistently delivered late accompanied by new excuses.,Provide more transparent and reliable delivery time tracking.,Delivery Time,medium,,,unknown,,Enhance delivery ETA prediction accuracy and operational reliability to prevent chronic delays and recurring rider excuses.,0.85,
111,Late delivery taking almost an hr to deliver,1,2021-05-26 14:36:09,negative,"Delivery took almost an hour, resulting in a late delivery",,Delivery Time,medium,,,unknown,,Enhance real-time order tracking and dispatch algorithms to improve delivery time reliability.,0.9,
112,"This app is really useful, especially during the pandemic days and the delivery is rather fast. Just one problem,i.e. for some orders the delivery cost is absurdly high, I don't know why. Other than this, this app is very good.",4,2021-04-25 14:10:43,positive,Delivery cost is absurdly high for some orders,,Pricing & Offers,low,,,unknown,,Introduce greater transparency and consistency in dynamic delivery fee calculations to address perceived high costs.,0.9,
113,Now a days there are lot of issues coming with Swiggy. I am putting this here as Swiggy confirmed it as there technical glitch,2,2022-06-25 09:24:06,negative,Technical glitches occurring frequently on the app,,App Bugs/UX,medium,,,unknown,,Enhance system stability and proactive communication to reduce recurring technical glitches.,0.8,
114,So Swiggy's idea of updating means is to double the font size of the numerous items. Do you understand the time it is takes (wastes)? It's only out of utmost respect for swiggy and with the intention of not messing up the ratings I have given 5 stars. And with a hope that the idea of increasing the font size will be reversed.,5,2020-07-28 04:32:46,neutral,"App UI update doubled the font size of item lists, making navigation cumbersome and time-consuming.",Provide an option to adjust or revert the font size in the app interface.,App Bugs/UX,low,,,unknown,,Improve UI design flexibility by allowing users to customize text scaling or ensuring typography updates do not hinder app navigation efficiency.,0.9,
115,Very bad service I got item half and stole in the way,1,2021-03-15 15:31:54,negative,"The ordered item was received half-consumed or missing contents, indicating it was tampered with or stolen during delivery.",Implement tamper-evident packaging seals and improved tracking to prevent order tampering during transit.,Order Accuracy,critical,,,unknown,,Introduce tamper-evident packaging and delivery verification protocols to ensure item integrity and build customer trust.,0.9,
116,One if the worst app and service providers,1,2021-05-16 08:43:22,negative,Poor overall app experience and service quality,,Other,medium,,,unknown,,Conduct a comprehensive service and app audit to identify core drivers of user dissatisfaction.,0.7,
117,"Why don't you people has the# location of the restaurant we're upto order. It's making big confusion, just an name of area or location of an hotel under it's name makes great user experience. Consider it!!",3,2020-01-27 09:33:03,neutral,Lack of clear restaurant location or address details causing confusion during ordering,Display specific restaurant addresses or location details under restaurant names,App Bugs/UX,low,,,unknown,,Enhance restaurant listing UI to include precise location details and addresses to improve decision-making clarity for users.,0.9,
118,most of the restaurants are not add,2,2019-08-04 06:26:22,negative,lack of restaurant availability or coverage in the app,Expand restaurant partnerships and coverage area,Other,low,,,unknown,,Expand restaurant discovery and onboarding coverage to improve selection variety for users in underserved areas.,0.75,
119,"Disgusting service, they accept orders but they don't deliver and mark it as successfully delivered. To hell with such delivery platforms.",1,2019-04-25 15:45:20,negative,Orders are accepted and falsely marked as successfully delivered without actually being delivered.,Implement delivery confirmation photo or OTP verification to prevent fake successful delivery status.,Delivery Time,critical,,,high,To hell with such delivery platforms,Introduce mandatory delivery verification mechanisms such as OTP or photographic proof to eliminate fraudulent delivery closures.,0.92,
120,Great app..fast delivery..COD...(caah on delivery) as well as credit or debit card accept.. Good offers ..great saving of time and money,5,2019-09-15 06:01:22,positive,,,Pricing & Offers,low,,,unknown,,Maintain strong delivery performance and payment flexibility while continuing to offer compelling promotional discounts to drive user retention.,0.95,
121,very nice taste of Happy diet foods and saladd. and very nice app for fast on the spot,5,2019-08-03 09:00:37,positive,,,Restaurant Quality,low,,,unknown,,Leverage positive sentiment for healthy food options like Happy diet foods to improve targeted marketing and recommendations for health-conscious users.,0.95,
122,"A two star app with no good customer service, has suspended my account without any fraudulent activities and not even giving a valid reason for doing so. The app has downgraded since it started and I would wish for its downfall more if this is how they are treating their customers.",2,2023-06-20 08:40:41,negative,Account suspended without a valid reason and poor customer service,Provide transparent reasons and appeal processes for account suspensions,Account/Login,critical,,,high,I would wish for its downfall more if this is how they are treating their customers,Implement a transparent account review and appeal workflow to reduce false-positive suspensions and retain frustrated users.,0.9,
123,Offers are fruad Eg : 50 % of 300 is 150 not 100 But swiggy calculate 98,3,2020-02-21 06:03:59,negative,"Swiggy calculates incorrect discount amounts for promotional offers, giving less discount than expected.",Provide a transparent breakdown of discount calculations at checkout,Pricing & Offers,medium,,,unknown,,Improve discount calculation transparency and accuracy at checkout to rebuild user trust in promotional offers.,0.85,
124,"I have been a Swiggy customer for a long time, but the experience I just had was miserable. The app told me that my food was delivered, and I had not recieving the order. The amount was deducted from my account, and I had to contact the customer service personnel, who helped me with the refund. But the two hours I spent waiting for my food were wasted. It was supposed to be a treat to celebrate my class 10 result. And it was ruined. Thanks a ton 🙏",1,2019-05-06 18:09:20,negative,"App incorrectly marked order as delivered when it was not, leading to wasted time and a ruined celebration",Improve delivery confirmation verification to prevent false delivery status updates,Delivery Time,high,long-term user,,unknown,,Enhance delivery verification protocols and real-time tracking accuracy to prevent false delivery confirmations and reduce severe delivery delays.,0.9,
125,Refund is not upto the expectations when we cancel our order as it takes about one hour to get delivered for 2.5 kms distance. Not so user friendly in refunds.,1,2023-01-10 15:26:08,negative,"Long delivery times for short distances and slow, unsatisfactory refund processing on cancelled orders",Faster refund processing and automated instant refunds for cancelled orders,Refunds & Payments,medium,,,unknown,,Streamline the order cancellation and refund workflow to provide instant status updates and faster processing times.,0.85,
126,the best app for food delivery within the time,5,2019-03-12 09:30:46,positive,,,Delivery Time,low,,,unknown,,Maintain and highlight reliable delivery timing to reinforce positive brand perception for timely deliveries.,0.95,
127,Writing this after observing 4 years of continuous usage of this app. In my experience: 1. Swiggy takes unfair advantage in business by fraudulently claiming false short delivery times. 2. 80 percent of deliveries are much late than their expected delivery time. 3. There is a lot of dwindling happening in billing 4. Hidden charges are always around to be levied & there often is overbilling. 5. The customer care service is as tardy and inefficient as it's primary service. Hence 1 star,1,2023-05-06 05:14:27,negative,"Consistently late deliveries, fraudulent delivery times, billing discrepancies, hidden charges, overbilling, and inefficient customer support.",Provide transparent billing breakdowns and accurate delivery time estimations.,Delivery Time,high,long-term user,,unknown,,"Improve delivery time prediction algorithms and implement transparent, itemized billing to rebuild customer trust over time.",0.92,
128,The app is good but I am very upset with your delivery guys. Of late they have been reluctant in delivering any order to my residence or even nearby. I once had to put a complaint against one of them and next delivery boy called me around 3kms away from my home to receive the package. Please do not make commitments you can not keep. I am writing this review now as I am waiting for my last ever order from swiggy. Please take care of your management. Today you have lost me as a customer.,2,2021-08-03 08:33:49,negative,"Delivery partners are reluctant to deliver to the user's residence and demand pickup from a distance, culminating in a refusal to complete the delivery.",Implement stricter delivery partner accountability and accurate location fulfillment guarantees.,Delivery Partner Behavior,high,long-term user,,high,Today you have lost me as a customer,Enhance delivery partner compliance and routing verification to ensure doorstep delivery without forcing customer pickup.,0.95,
129,Not downloading so how could get share suggestions Stuck on 95% download,3,2018-10-07 17:08:56,negative,App is stuck at 95% during download and will not complete installation.,,App Bugs/UX,high,,,unknown,,Enhance download and installation reliability to prevent users from getting stuck before onboarding.,0.9,
130,"No option to edit the profile name. Basic requirement, in all applications there is a option to edit the name, but in swiggy there is no option if i need to change the name.",1,2021-03-15 15:16:27,negative,Unable to edit profile name within the app settings,Add an option to edit the user's profile name in the app,App Bugs/UX,low,,,unknown,,Streamline account management by introducing self-service profile editing to match industry standard expectations.,0.95,
131,Great service and very convenient,5,2021-08-27 08:41:33,positive,,,Other,low,,,unknown,,Maintain and highlight reliable service features to reinforce positive user sentiment and loyalty.,0.95,
132,I loved this app because whenever iam hungry i call the swiggy food ambulance it saves my life thankyou for your service🙏🙏🙏🙏🙏🙏🙏🙏🎆🎆🎆🎆👑👑👑👑🙏🙏🙏🙏🏼🙏🏼🙏🏼🙏🏼🙏🏼,5,2019-08-27 15:45:37,positive,,,Other,low,,,unknown,,Leverage emotional brand loyalty and positive customer sentiment in marketing campaigns to reinforce user retention.,0.95,
133,I would recommend Zomato Than Swiggy Because Swiggy Has Shut Down Their Realtime Customer Support Chat.Recently I Had Ordered Food And I Get Stale Food When I Want To Complaint There Is No Customer Support Chat.Then I Mailed Them With Pics And Dumped Food.They Sad The Problem Will Solve In 3Days.But I Doesnt.Then Again I Mad After Another 3 Days I Got Mail That Its A Food Quality Matter We Cant Do Anything Just Rate The Food.🙂🙂And Money Is Wasted.Thanks Swiggy For Your Support.,1,2021-06-24 11:16:43,negative,"Received stale food and customer support was unhelpful, refusing to issue a refund or take responsibility after a delayed resolution process.",Bring back real-time customer support chat for quicker issue resolution,Restaurant Quality,high,,Zomato,high,I would recommend Zomato Than Swiggy,Introduce a streamlined escalation path and automated quality guarantees for food spoilage complaints to rebuild user trust after poor restaurant experiences.,0.92,
134,Werest service I received incorrect order but the customer service is not responding properly,1,2021-08-12 10:32:14,negative,Received an incorrect order and customer support is unresponsive.,,Order Accuracy,high,,,unknown,,Enhance order verification workflows at packing and improve support agent response times to handle order discrepancy issues efficiently.,0.9,
135,Delivery charges are very high. Further swiggy has now doubled its membership charges. Rs. 749/- for 3 months of membership is really too much.,2,2023-01-20 14:16:39,negative,Excessive delivery charges and a doubled membership fee of Rs. 749 for 3 months.,,Pricing & Offers,medium,,,unknown,,Evaluate membership pricing tiers and perceived value to ensure competitiveness and maintain user retention.,0.95,
136,When we go to cart it shows a different location. Hence confused and we stop proceeding further.,3,2021-09-14 03:58:00,negative,"The app shows an incorrect location when going to the cart, causing confusion and abandonment of the order process.",Improve location detection and display accuracy in the cart screen.,App Bugs/UX,medium,,,unknown,,Enhance location resolution and address confirmation logic in the cart to prevent user confusion and reduce checkout abandonment.,0.88,
137,It's good ..it's easy to use,5,2020-12-16 08:22:13,positive,,,App Bugs/UX,low,,,unknown,,Maintain and optimize user interface design and navigation to sustain high levels of ease of use for customers.,0.95,
138,Best offers available on Swiggy.,5,2018-12-06 10:33:38,positive,,,Pricing & Offers,low,,,unknown,,Highlight and personalize discount offers on the homepage to further drive conversion for value-conscious users.,0.95,
139,Super easy and great offers,5,2021-07-26 13:53:33,positive,,,Pricing & Offers,low,,,unknown,,Enhance promotional offerings and streamline the user interface to maintain high user satisfaction and engagement.,0.95,
140,Great service ang good quality management at any time,5,2021-09-27 22:29:17,positive,,,Restaurant Quality,low,,,unknown,,Maintain high service standards and consistent quality management to reinforce positive brand loyalty.,0.95,
141,"This is a great user friendly app, great chatbot but still still it should have others as option as it does not cover general query options... Which frustrates the user sometimes in order to connect with human.",4,2020-05-10 17:23:28,positive,"The chatbot does not cover general query options, making it frustrating to connect with a human agent.",Add general query options and easier access to human customer support agents in the chatbot.,Customer Support,low,,,unknown,,Enhance chatbot capabilities to handle general queries more comprehensively and streamline the handoff to human support agents when needed.,0.9,
142,It take too much time to deliver order,1,2019-08-19 15:57:33,negative,Orders take too much time to deliver,,Delivery Time,medium,,,unknown,,Optimize dispatch algorithms and rider routing to reduce delivery delays and improve overall fulfillment speed.,0.95,
143,Best app here so far.. to order and eat!,5,2019-02-06 18:02:59,positive,,,Other,low,,,unknown,,Maintain high service standards and user satisfaction to encourage continued positive engagement and word-of-mouth growth.,0.9,
144,Very pathetic service in prayagraj. Everytime delivery partner was late by more than 20 minutes.,2,2023-07-09 10:40:33,negative,Delivery partners are consistently late by more than 20 minutes in Prayagraj.,,Delivery Time,medium,,,unknown,,Optimize local delivery partner allocation and routing algorithms in specific tier-2 cities like Prayagraj to address chronic delivery delays.,0.9,
145,Awesome service and tasty food,5,2021-08-15 15:50:44,positive,,,Restaurant Quality,low,,,unknown,,Maintain consistent food quality and delivery standards to drive long-term user retention.,0.95,
146,Stale Food was delivered & No action taken by Swiggy Customer care... Poor customer care😡,1,2023-07-24 12:30:31,negative,Stale food was delivered and customer care failed to take any action.,Improve customer support resolution workflows and quality control for delivered food.,Restaurant Quality,high,,,unknown,,Enhance restaurant quality auditing and customer support escalation pathways to quickly resolve food quality complaints.,0.9,
147,"Worst experience continuously... day X - Ordered items not received, no refund for the missing item, support team excuse is the application has no option for refund...😂 Day y - Order item not delivered.. Delivery guy absconded with food.. Customer support conveniences me by saying that they have reinitiated the order and I will get food in 30 minutes, What happened next is crazy, I received a message that I have cancelled the order...😂😂😂 Without my consent they cancelled my order..",1,2022-03-29 18:43:09,negative,"Missing items without refunds, delivery partner absconding with food, and support arbitrarily cancelling orders without user consent",Add an in-app option for automated refunds of missing items,Order Accuracy,critical,,,unknown,,Enhance delivery partner accountability and streamline the automated refund and cancellation workflows to prevent unauthorized order closures and unfulfilled deliveries.,0.92,
148,i like this app but plzz start swiggy in Banswara Rajasthan...zomato has also started to deliever here...plzz start soon swiggy in banswara rajasthan,3,2019-07-27 14:46:52,positive,"Swiggy service is not available in Banswara, Rajasthan.","Expand delivery operations to Banswara, Rajasthan",Other,low,,Zomato,low,,Expand geographic coverage to high-demand Tier 3 cities to capture market share from competitors.,0.95,
149,They don't have staff at all,1,2023-05-24 15:45:29,negative,Lack of available delivery staff,,Delivery Time,medium,,,unknown,,Optimize delivery fleet allocation and capacity planning in underserved areas to prevent partner shortages.,0.65,
150,Worst app GPS FUNCTION NOT CORRECT,1,2019-10-22 03:41:39,negative,The app's GPS location function is incorrect.,Improve GPS accuracy and location detection in the app,App Bugs/UX,medium,,,unknown,,Enhance location mapping and GPS calibration within the app to prevent address errors and delivery confusion.,0.85,
151,best experience at swiggy!,5,2018-12-28 16:04:37,positive,,,Other,low,,,unknown,,Leverage positive brand sentiment to drive user advocacy and retention initiatives.,0.9,
152,orders Very delay every time,2,2019-07-20 15:23:08,negative,Orders are consistently delayed every time.,,Delivery Time,medium,,,unknown,,Enhance delivery time estimation algorithms and partner routing to ensure more reliable and timely order fulfillment.,0.9,
153,"Swiggy sucks big time. I recently ordered twice on this app. They showed initial ETA as approx 35 minutes and my order got delivered after more than 1 hour. There can be variation of 10-15 mnts but not more than twice of their estimated time. They are deceiving the customers, looting their trust. Zomato is a lot better than Swiggy. they atleast do what they promise. I am switching to Zomato. Never going to come back to Swiggy again. They are pure cheaters.",1,2022-01-15 15:29:17,negative,Orders took more than double the estimated delivery time on multiple occasions.,,Delivery Time,high,,Zomato,high,I am switching to Zomato. Never going to come back to Swiggy again.,Enhance delivery ETA calculation algorithms and exception management to prevent severe fulfillment delays and protect customer trust.,0.98,
154,Placing order should be easier,3,2020-01-24 16:59:54,neutral,Placing an order is not easy enough,Simplify the order placement process in the user interface,App Bugs/UX,low,,,unknown,,Streamline the checkout and ordering flow to reduce friction and improve overall app usability.,0.85,
155,Why means some some times this app wont be cash on delivery. And on 5 orders only have offer after that we can offer at same rate only.,1,2019-10-13 11:44:14,negative,Cash on delivery is sometimes unavailable and promotional offers are capped after the first 5 orders.,Provide consistent availability of cash on delivery and extended promotional pricing for frequent users.,Pricing & Offers,medium,,,unknown,,Improve promotional transparency and loyalty reward structures to maintain perceived value for regular customers.,0.8,
156,very late delivery. delivery boy's are not available. very slow response...,1,2023-05-30 08:25:33,negative,Late delivery due to delivery partner unavailability and slow response time,Improve delivery partner capacity planning and response times,Delivery Time,high,,,unknown,,Optimize delivery partner allocation and support response workflows to mitigate severe delivery delays during peak times.,0.85,
157,I have used sbi net banking for discount because offer was available for sbi users. But it has deducted full amount without otp. Pls be aware for this fraud from swiggy. Pathetic experience. Pls use another app .,1,2019-11-05 11:44:51,negative,SBI net banking payment deducted the full amount without requesting an OTP and failed to apply the available discount offer.,,Refunds & Payments,critical,,,low,Pls use another app,Enhance payment gateway integration and two-factor authentication security to prevent unauthorized full-amount deductions and ensure discount applications work reliably.,0.85,
158,Love the experience using swiggy..,5,2021-11-15 03:06:01,positive,,,Other,low,,,unknown,,Maintain and reinforce current user experience standards across the platform to sustain positive engagement.,0.95,
159,Don't buy groceries.. you will receive Rotten vegitables and warm inside wheat floor. After all these customer service won't help you. So avoid and buy from local shop.,1,2022-06-18 13:39:14,negative,"Received rotten vegetables and warm wheat flour from Instamart, combined with unhelpful customer service.",Implement stricter quality control checks for grocery items and provide more responsive customer support.,Instamart,high,,,low,,Enhance quality assurance processes for perishable goods and empower customer service agents to quickly resolve product quality complaints.,0.9,
160,Very helpful App doing to change my mood,5,2021-09-30 13:22:50,positive,,,Other,low,,,unknown,,Leverage positive emotional sentiment to increase engagement and loyalty through personalized recommendations.,0.9,
161,Very poor service didn't deliver my order from restaurant which is 10 mts away waited for 1:30 hrs. Got insulted in front of guests,1,2022-11-16 17:42:27,negative,"Order was not delivered after a 1.5 hour wait from a nearby restaurant, causing embarrassment in front of guests.",,Delivery Time,high,,,unknown,,Improve delivery ETA accuracy and provide proactive customer communication for delayed orders to prevent severe service failures.,0.9,
162,"I ordered food and the apps location was completely wrong. It was 400 km away from where I was. They cancelled the order and charged me cancellation charges because of the apps fault. I'm uninstalling, Zomato and uber eats it is from now on.",2,2020-02-23 06:55:38,negative,"The app had the wrong location set 400 km away, leading to an order cancellation and unfair cancellation charges applied to the user.",Improve GPS accuracy and ensure users are not charged cancellation fees when an order is cancelled due to app location bugs.,App Bugs/UX,critical,,Zomato,high,"I'm uninstalling, Zomato and uber eats it is from now on.",Enhance location detection reliability and implement an automated refund policy for cancellation charges incurred due to system mapping errors.,0.98,
163,I sincerely request you all not to order from this app. They don't provide quality assurance. They just provides apologies and u hv to eat burnt food. Also talking to customer care is waste they just laughs at your waste of money. Please please don't download.. go out and taste the rich food which swiggy can't assure. There is no option of attaching snaps otherwise i would have attached here.,1,2019-10-27 05:09:31,negative,Received burnt food and unhelpful customer support that did not provide a refund or resolution,Add an option to attach photos of incorrect or poor quality food items in the chat or review,Restaurant Quality,high,,,unknown,,Implement stricter quality assurance checks with partner restaurants and introduce photo attachments in customer support for faster issue verification.,0.9,
164,Why iPhone users are having cigarette options on instamart pan corner and not Android users.,3,2022-03-27 18:00:34,neutral,Discrepancy in available catalog items on Instamart pan corner between iPhone and Android users,Provide feature parity for product catalog and options between Android and iOS apps,Instamart,low,Instamart user,,unknown,,Ensure consistent inventory visibility and product catalog availability across different mobile operating system platforms.,0.85,
165,Very good app for foody people very less expensive with many offer💜,5,2019-10-20 12:29:22,positive,,,Pricing & Offers,low,,,unknown,,Leverage affordability and promotional offers to strengthen engagement and retention among price-conscious food enthusiasts.,0.95,
166,"Very useful app including Instamart for food deliveries and groceries from restaurants. Only two things, Swiggy should have the Pay on delivery option in instamart like Zepto and others. And one more thing, Swiggy Genie should have an option of re booking an old pick up order. It is very tedious to keep filling details for regular daily pick Ups. Hope someone sees this review and takes corrective action.",4,2023-02-06 09:16:49,positive,"Instamart lacks a pay on delivery option, and Swiggy Genie lacks a re-booking option for old pickup orders which makes regular daily pickups tedious.",Add a pay on delivery option for Instamart and a re-booking feature for old Swiggy Genie pickup orders.,Instamart,low,Instamart user,Zepto,unknown,,Enhance user convenience by introducing cash-on-delivery options for quick-commerce and quick re-ordering workflows for recurring courier tasks.,0.95,
167,It was delivered very fast,5,2019-08-30 17:26:38,positive,,,Delivery Time,low,,,unknown,,Highlight fast delivery experiences to reinforce user trust and drive positive engagement.,0.95,
168,"takes 2- 3 times the time shown. should work on communication with the restaurant. they cancel part of the orders without reason. deliver wrong items. got my refunds promptly, but sometimes refunding alone is not enough.",3,2019-01-19 16:35:46,negative,"Orders take much longer than estimated, restaurants cancel parts of orders without reason, and wrong items are delivered.",Improve restaurant communication and order accuracy checks before dispatch.,Delivery Time,high,,,unknown,,Enhance restaurant-partner communication channels and order verification processes to reduce delivery delays and fulfillment errors.,0.85,
169,This app good from sinario but this app takes more money for delivery and Extra itom and this app don't give any type of discount after 1st order. Iam very absence from charges of this app,1,2021-03-01 09:59:20,negative,High delivery fees and lack of discounts after the first order,Provide regular discounts and loyalty offers for returning users,Pricing & Offers,low,,,unknown,,Introduce tiered loyalty rewards and transparent pricing structures to improve perceived value for recurring users.,0.75,
170,Easy to use and very efficient...,5,2019-12-29 08:16:36,positive,,,App Bugs/UX,low,,,unknown,,Maintain and optimize current UI and performance standards to sustain high user satisfaction and retention.,0.9,
171,It very good aap but the price very good but delivery charge is very much,3,2021-08-16 15:28:28,mixed,Delivery charges are too high,Lower delivery fees or more delivery discount offers,Pricing & Offers,low,,,unknown,,Introduce tiered delivery fee structures or subscription benefits to improve perceived value for cost-sensitive users.,0.85,
172,Very very bad service Don't expected Food price :- 240 then App give 120 off add 120 delivery charges. You get or only money not customer ❌❌❌,1,2023-07-22 18:04:36,negative,"High delivery charges are offsetting discounts, resulting in misleading pricing for food orders",Show transparent pricing upfront without hiding high delivery fees behind promotional discounts,Pricing & Offers,medium,,,unknown,,Improve pricing transparency by displaying delivery fees alongside item costs prior to checkout to maintain customer trust.,0.85,
173,Best App For Ordering Food.,5,2020-12-03 14:39:16,positive,,,Other,low,,,unknown,,Leverage high customer satisfaction to encourage user referrals and reviews to drive organic growth.,0.95,
174,very nice fast delivery ☺️😊👌,5,2019-03-23 15:55:42,positive,,,Delivery Time,low,,,unknown,,Maintain and leverage consistent fast delivery performance to drive customer satisfaction and retention.,0.95,
175,"I am firing you as you decided to fire Sachin panchal , Jay shree ram!",1,2023-03-08 13:10:33,negative,Displeasure with the company's decision to fire an employee named Sachin Panchal,,Other,low,,,high,I am firing you,Monitor brand perception and manage sentiment risks arising from corporate or public relations events.,0.85,
176,The swiggy only problem is it takes so much time,4,2021-02-19 13:38:08,neutral,Delivery takes too much time,,Delivery Time,medium,,,unknown,,Optimize dispatch and routing algorithms to reduce overall delivery lead times and improve ETA reliability.,0.9,
177,Rude behaviour from from your customer chat support named somya and she instantly closed the conversation as well.. very dissapointed as a valued swiggy one customer as well.,1,2022-05-31 18:57:07,negative,Rude customer support agent who abruptly closed the chat conversation.,Implement agent behavior monitoring and prevent support chats from being closed prematurely without user consent.,Customer Support,medium,Swiggy One user,,unknown,,Enhance customer support quality assurance and implement session persistence rules to prevent premature chat closure by agents.,0.92,
178,superb offers ..swiggy pops is great saver ..just some restraunts needs to improve their food quality and some should work on quantity too...,4,2019-07-17 14:59:25,positive,Some restaurants need to improve their food quality and quantity.,,Restaurant Quality,low,,,unknown,,Implement quality assurance guidelines and feedback loops for partner restaurants to ensure consistent food quality and portion sizes.,0.9,
179,I expected fast delivery but not,2,2019-09-20 14:35:46,negative,Delivery was slower than expected,,Delivery Time,low,,,unknown,,Enhance real-time ETA accuracy and manage customer expectations for delivery times.,0.4,
180,Loved it.... Swiggy is the best option to order food at your door when you are starving very badly 😅,5,2019-10-07 12:37:50,positive,,,Other,low,,,unknown,,Leverage high customer satisfaction and convenience messaging in marketing to drive acquisition of hungry users looking for quick food delivery.,0.95,
181,Swiggy doesn't delivers on time. It only knows to put fake promises while enquiring about the order. The Customer care executive are the worst.,3,2021-12-09 16:29:04,negative,"Orders are consistently delivered late and customer support provides unhelpful, false updates",Provide real-time accurate tracking and reliable delivery estimates,Delivery Time,medium,,,unknown,,"Enhance delivery tracking transparency and train customer support to provide truthful, real-time updates regarding order delays.",0.85,
182,Horrible response from the help team !!,1,2021-09-21 19:04:37,negative,Horrible response from customer support,,Customer Support,medium,,,unknown,,Enhance customer support agent training and response quality to improve customer satisfaction during issue resolution.,0.9,
183,Simple and responsive app,5,2018-12-28 17:06:52,positive,,,App Bugs/UX,low,,,unknown,,Maintain high performance standards and responsive user interface across all device types to ensure continued user satisfaction.,0.95,
184,"Previously I gave it 5 stars. But now I feel like swiggy cheats on the ETA. When they promise to deliver at 30 mins, even with almost no traffic all my orders took 1 hour. We order based on the ETA planning our other priorities this is really irritating. Next when our order is picked up due to demand it was with an other order nearby which took its time getting prepared. Guess what ?? My food was almost cold. Everyone likes a hot meal not a cold meal that seems to have been cooked hours before!",3,2020-03-08 07:45:56,negative,Inaccurate ETA promises leading to delayed and cold food due to clubbed orders,Accurate ETA prediction taking delivery batching into account,Delivery Time,medium,long-term user,,unknown,,Enhance ETA calculation algorithms to account for multi-order batching and food transit time to maintain meal temperature.,0.9,
185,Service experience is manipulative I always prefer swiggy over Zomato and have been using since a long time. The concept is good but gradually swiggy has started manipulating prices. All prices are inclusive of GST. Plus it us taking delivery charges. Recently i noticed delivery charges has been increased plus it is charging restaurant charges. What is this restaurant charges now and why should we pay for it? Whereas this restaurant charges is not even charged by restaurants. This is cheating.,2,2019-10-02 12:00:10,negative,Swiggy has increased delivery charges and added an unexplained and unfair 'restaurant charges' fee.,Provide transparent itemized billing explaining all added fees like restaurant charges.,Pricing & Offers,medium,long-term user,Zomato,unknown,,Improve fee transparency and communicate pricing changes clearly to retain long-term user trust.,0.92,
186,It won't allow to deliver to friends and family. I can't add a name to deliver some items for other friends. It's really stupidity to restrict only in my name. There a lot to improve the interface and app.,1,2023-03-02 07:01:26,negative,"The app restricts delivery names to the account holder only, preventing users from adding a different recipient name for friends and family.",Allow users to add and edit recipient names for sending orders to friends and family.,App Bugs/UX,low,,,unknown,,Enhance the checkout and address management flow to support custom recipient names for gifting and third-party deliveries.,0.92,
187,Best choice of food and best offers !,5,2018-11-06 04:37:03,positive,,,Pricing & Offers,low,,,unknown,,Enhance promotional campaigns and restaurant variety showcases to sustain high user satisfaction and engagement.,0.95,
188,"After months, I'm finally open to buying the swiggy membership again. Thanks for being reasonable and bringing back the free delivery",5,2022-06-12 14:47:19,positive,,,Pricing & Offers,low,long-term user,,unknown,,Introduce targeted loyalty campaigns and flexible membership tiers to successfully re-engage lapsed subscribers.,0.95,
189,I installed first after some time I uninstall it because some reasons but after some time again I installed it when am going login with my number it say this number using last 6 months but I didn't use. so how to login... am unable to login,3,2019-05-26 07:48:37,negative,Unable to log in with mobile number because the app claims the number is already in use by someone else over the last 6 months.,Provide an account recovery or number verification flow to reclaim a phone number associated with an old account.,Account/Login,high,,,unknown,,Implement a streamlined mobile number re-verification and account recovery process to assist returning users encountering login conflicts.,0.9,
190,The delivery charges are very costly you could order something of 300 then after applying coupon of 120 you would still have to pay between 220-250.,3,2021-11-20 07:55:15,negative,"High delivery charges significantly offset coupon discounts, making the final price higher than expected.",,Pricing & Offers,medium,,,unknown,,Provide greater transparency on final out-of-pocket costs including delivery fees before applying coupons to improve perceived value.,0.9,
191,Worst app ever...poor customer support...no regards for customer...charges are even higher than the Taj hotel...hope this shuts down eventually,1,2023-03-14 18:28:11,negative,Poor customer support and extremely high prices compared to perceived value,,Pricing & Offers,medium,,,low,hope this shuts down eventually,Enhance customer support responsiveness and review pricing transparency to improve customer perceived value.,0.85,
192,"Waste app I ordered a food, within 2 minutes I cancelled my order but they don't refund the money",1,2020-10-01 11:14:06,negative,The app refused to refund money after an order was cancelled within 2 minutes.,Implement an automated immediate refund system for quick order cancellations.,Refunds & Payments,high,,,unknown,,Introduce a grace period for instant refunds on immediate order cancellations to improve customer trust and reduce payment disputes.,0.9,
193,Good but not Better😡😡 19.11.19 feedback Now day by day swiggy trying to Better his experience.,4,2019-11-19 07:51:24,mixed,,,App Bugs/UX,low,,,unknown,,Continue iterating on the overall user experience and app features to bridge the gap between user expectations and service quality.,0.65,
194,"Worst experience... Will never use this app again... I ordered a meal, I paid the amount through my debit card. I did not know where on earth delivery guy went, his phone was not reachable after 30 min the order status was showing delivered. When I contacted customer service they just helped me by telling that I had already received the order, its been 2months did not got my refund or my order.... Still waiting 😂😂😂",1,2018-10-12 18:16:48,negative,"Order marked as delivered without receipt, delivery partner unreachable, and refund denied or delayed for 2 months by customer support.",Implement automated refund triggers and GPS tracking verification for disputed 'delivered' orders.,Refunds & Payments,critical,,,high,Will never use this app again,Enhance delivery confirmation verification and streamline the dispute resolution workflow to prevent prolonged refund delays.,0.95,
195,"At 1st swiggy used to be good. But later on the offers reduced and the restaurant packing charges and taxes are increasing day by day, we use swiggy for offers and to save money but due to packing charges and taxes it's all going waste. Kindly please look into this and reduce the taxes. Why customers should pay the taxes. Better directly go to the restaurant and buy them without any taxes.",1,2022-08-26 07:37:03,negative,"High packing charges and taxes are negating the savings from offers, making it more expensive to order through the app.",Transparent and reduced additional fees such as packing charges and taxes for customers.,Pricing & Offers,medium,long-term user,,unknown,,Provide greater transparency and competitive pricing on additional fees like packaging and taxes to maintain value perception for discount-driven users.,0.9,
196,Use zomato app. Better then swiggy,1,2021-10-16 12:28:19,negative,User prefers a competitor and considers them better than Swiggy,,Other,low,,Zomato,high,Use zomato app. Better then swiggy,Analyze competitive disadvantages and improve overall value proposition to prevent user switching to alternatives.,0.85,
197,The location option is very bad. It doesn't allow you enter the exact location. It arbitrarily takes some street and house number based on Google maps which isn't always correct,3,2020-08-27 12:10:46,negative,The location picker uses arbitrary Google Maps data and does not allow entering an exact location or correct address details.,Provide manual address editing and precise pin-drop functionality that overrides automated location mapping.,App Bugs/UX,medium,,,unknown,,Improve map integration and address entry UX to allow precise manual location pinning and reduce delivery errors caused by incorrect mapping.,0.95,
198,Delivery time is so long. It shows half an hour and it took one and a half hour. Very poor.. everytime everytime they do it,2,2023-04-01 11:39:40,negative,Delivery times are consistently much longer than the estimated time of arrival shown in the app.,Improve delivery time estimation accuracy and reliability.,Delivery Time,medium,,,unknown,,Enhance delivery ETA prediction algorithms and rider dispatch efficiency to consistently meet promised delivery times.,0.95,
199,"Useless app, little rain and everything becomes UNAVAILABLE, closed restraunt show false online",1,2023-05-21 15:19:21,negative,Restaurants show as open online and take orders even during rain when everything is actually unavailable or closed,Implement real-time restaurant availability status updates based on weather conditions,Other,medium,,,unknown,,Improve inventory and operational synchronization between restaurant availability and weather events to prevent false open listings.,0.85,
200,Good service and local boys are very helpful..,5,2020-08-29 02:11:12,positive,,,Delivery Partner Behavior,low,,,unknown,,Recognize and reward helpful delivery partners to maintain high service standards and positive customer experiences.,0.9,
201,Good app..& I got a great offer also on my order,5,2019-10-10 17:55:06,positive,,,Pricing & Offers,low,,,unknown,,Expand targeted promotional offers to increase user engagement and satisfaction.,0.95,
202,"SWIGGY is worst service provider post lock down, this company and its employees are extremely unprofessional, they deliver without required hygiene in times like these on top of it they are tied up with some pathetic street level kitchens which can very comfortably spoil your mood & party. After 2 years of regular user am signing off and deleting this app forever. Only one word for SWIGGY is PATHETIC.",1,2020-10-26 17:34:18,negative,Poor hygiene standards of delivery and partnership with low-quality kitchens leading to ruined experiences.,Implement stricter restaurant quality vetting and hygiene standards for delivery partners and listed kitchens.,Restaurant Quality,high,long-term user,,high,After 2 years of regular user am signing off and deleting this app forever.,Enhance restaurant quality audits and hygiene compliance tracking to rebuild user trust in food safety.,0.95,
203,"Order delivery time estimate something and deliveres out of estimated time which is strange , if delivery partner picks multiple order to deliver swiggy should inform customer for delaying order .",1,2023-06-24 09:54:09,negative,Delivery arrived past the estimated time because the delivery partner picked up multiple orders without notifying the customer.,Notify customers in real-time when a delivery partner is handling multiple orders that may cause a delay.,Delivery Time,medium,,,unknown,,Implement proactive communication features that alert customers to batch-order routing and dynamically update ETAs to manage delivery expectations.,0.92,
204,If you give bad food then don't give us coupon. Give us our money in source account. Enough making customers stupid.,1,2021-09-05 16:05:11,negative,User received poor quality food and was given a coupon instead of a direct monetary refund to their source account.,Allow customers to receive refunds directly to their source payment account instead of mandatory coupons for bad food issues.,Refunds & Payments,medium,,,unknown,,Provide transparent and flexible refund options directly to the source payment method for spoiled or poor quality orders to rebuild customer trust.,0.92,
205,"Worst Experience. Twice, Money got deducted from my bank account and Order wasn't been placed.",1,2020-08-22 08:31:49,negative,Money was deducted from the bank account twice without the order being placed.,Implement an automated instant refund mechanism for failed order payments.,Refunds & Payments,critical,,,unknown,,Improve payment gateway reliability and implement real-time transaction reconciliation to prevent money deductions on failed orders.,0.95,
206,Worst experience now. They charged full for delivery also charged surge. Despite that they allot multiple order. And our food delivery late and cold. Pathetic service.,1,2021-06-18 15:46:49,negative,"Food arrived late and cold because the delivery partner was assigned multiple orders simultaneously, despite paying full delivery fees and surge pricing.",Limit batching of multiple orders for users who pay surge pricing or ensure timely delivery for priority orders.,Delivery Time,medium,,,unknown,,Optimize order batching algorithms during surge pricing to prevent delivery delays and maintain food temperature.,0.9,
207,would have given 5 star if der was more offers n discounts,4,2020-12-08 13:29:36,positive,lack of sufficient offers and discounts,,Pricing & Offers,low,,,unknown,,Enhance promotional offerings and personalized discount structures to improve perceived value for satisfied users.,0.95,
208,"I have been using the Swiggy app for quite some time now, and I must say it has completely revolutionized the way I order food. From its seamless user interface to its exceptional service and enticing discounts, Swiggy has become my go-to app for all my food delivery needs.",4,2023-07-19 12:31:17,positive,,,App Bugs/UX,low,long-term user,,unknown,,"Maintain and enhance core platform reliability, rewards programs, and user interface design to sustain high customer retention and satisfaction.",0.95,
209,Most of the time it show unserviceable. Now also i want to order something but still it show unserviceable .,2,2019-02-23 12:42:32,negative,The app frequently shows restaurants as unserviceable when the user wants to order.,Provide better visibility into why a location is marked unserviceable and notify users when service resumes.,Other,medium,,,unknown,,Improve serviceability detection algorithms and provide clearer messaging or alerts when delivery zones become active.,0.85,
210,worse app..i would rather prefer zomato...ordered food for the frst time that too from the MNC #Chicago pizza..the pizzas dilivered were cold as stone..the packaging ofr the beveragges were pathetic and the order was delivered 1 hr late the ETA...would not recomend anyone for swiggy...the frst and tge worse experience,1,2019-04-27 20:14:17,negative,"Pizzas were cold, beverage packaging was pathetic, and the order was delivered 1 hour past the ETA.",,Delivery Time,high,new user,Zomato,high,i would rather prefer zomato,Enhance quality control partnerships with major chain restaurants and optimize delivery route logistics to prevent delays and cold food delivery.,0.95,
211,Best app for food . Delivery on time,5,2023-04-18 07:01:39,positive,,,Delivery Time,low,,,unknown,,Maintain consistent and reliable on-time delivery performance to reinforce high customer satisfaction.,0.95,
212,"going to uninstall, swiggy can't serve food they just serve you fake promises",1,2019-05-12 20:40:32,negative,unfulfilled promises regarding food delivery service,,Delivery Time,high,,,high,going to uninstall,Improve service reliability and communication around order fulfillment to rebuild user trust.,0.9,
213,"They will always delay your order, and will only say things like ""We'll monitor your order till it is delivered to you."" ""We'll forward your feedback to the concerned team."" But they will not give you any solution or any compensation for the delay. I rely on Swiggy for my lunch but I'm beginning to rethink my decision. Very useless service Swiggy. Didnt expect this.",1,2021-11-24 09:02:16,negative,Consistently delayed orders and unhelpful customer support that offers generic responses without solutions or compensation.,Proactive compensation mechanism or real-time actionable updates for delayed orders,Delivery Time,medium,,,low,I'm beginning to rethink my decision,Enhance delivery reliability during peak hours and implement a transparent resolution framework with automated compensation for chronic delays to retain dependent daily-use customers.,0.9,
214,Thieves. Cancelled my order on their own and blaming me that it was Cancelled by me and denying my Refund. CHEATERS. Refund my money immediately,1,2023-06-01 17:26:08,negative,"Order cancelled unilaterally by the platform, falsely blamed on the user, and refund denied.",Provide automated cancellation logs and instant self-service refunds for platform-cancelled orders.,Refunds & Payments,critical,,,unknown,,Implement transparent cancellation tracking and automated refund triggers to resolve disputed order cancellations without customer support intervention.,0.95,
215,"Very Bad Service and no help from Customer Service, even after being Super Member. Even after re-assurance from Swiggy Support same things keep happening they are missing items in delivery frequently. Still disappointed from the Customer Services.",1,2019-11-13 05:38:56,negative,Missing items in delivery frequently and unhelpful customer service despite being a Super member,Implement stricter quality checks at restaurants and delivery hubs to prevent missing items,Order Accuracy,high,long-term user,,unknown,,Enhance order verification processes and empower customer support agents to resolve recurring fulfillment issues effectively for loyalty program members.,0.9,
216,"Didn't recived the order, neither received the Refund, After so Much customers I think Swiggy doesn't care",5,2023-07-01 11:54:12,negative,Did not receive the order and did not receive a refund,Improve refund tracking and notification system,Refunds & Payments,critical,,,unknown,,Enhance automated refund tracking and customer service transparency for undelivered orders to maintain trust.,0.85,
217,Delivery 🚚 time should be less........ And free coupons should be more,3,2019-12-26 09:43:13,neutral,Delivery times are too long and there are not enough free coupons,Faster delivery times and more free discount coupons,Delivery Time,low,,,unknown,,Optimize delivery logistics to reduce wait times while introducing targeted promotional incentive campaigns to boost user engagement.,0.85,
218,the support system really sucks and they always reply that you'll not face such problems next time and they just do nothing and they reply so slow on chat i got my food in 2 hours.. they placed my order to so far CCD even if there was a CCD in less than 1 km. I'll stop using swiggy,1,2019-08-12 15:41:08,negative,"Extremely slow delivery taking 2 hours from a distant restaurant instead of a nearby outlet, combined with unhelpful and slow customer support.",Improve restaurant assignment logic to route orders to the nearest available outlet and enhance customer support responsiveness.,Customer Support,high,,,high,I'll stop using swiggy,Optimize restaurant matching algorithms to prioritize proximity and overhaul customer support response workflows to resolve escalations effectively.,0.95,
219,"I had a very bad experience with sweegy app they take order on line with advance in my city, and take so many hours and if you enquire they say that your order is cancelled you are forced to sleep without food by the sweegy people. for this kind of poor service they must be penalised,I request you to not order with sweegy as they are irresponsible and your advance money is also not refunded immediately so that you can have another choice,they withheld your money for 8 to 10 days. hence avoide ord",1,2019-06-17 15:50:08,negative,"Order cancelled after hours of waiting without prior notice, and advance payment refund took 8 to 10 days to process.",Faster processing of refunds for cancelled prepaid orders,Refunds & Payments,critical,,,unknown,,Implement automated instant refunds for cancelled orders and proactive customer communication regarding restaurant fulfillment issues.,0.9,
220,Everything's good except your no cod policy on orders exceeding a certain amount.,3,2021-08-03 14:43:27,mixed,Restriction on cash on delivery (COD) for orders exceeding a certain amount,Allow cash on delivery (COD) for higher-value orders,Refunds & Payments,low,long-term user,,unknown,,Evaluate and adjust payment method restrictions for high-value orders to accommodate user preferences while managing risk.,0.85,
221,The app should have the option to apply the coupon within certain time after placing the order...,2,2019-09-26 14:16:57,neutral,Inability to apply a coupon after an order has already been placed,Allow users to apply coupons within a specific time window after order placement,Pricing & Offers,low,,,unknown,,Introduce a post-checkout grace period allowing users to apply missed promo codes or coupons within a short timeframe after placing an order.,0.95,
222,Worst app which will deduct your 500 and offer you 200 back on the fraud and most of the time the order which you place is never the same something is always missing and again they don't have a valid explanation or valid reply a s s eaters,1,2020-08-12 11:05:15,negative,money deducted unfairly during a fraud incident with insufficient refund and items consistently missing from orders with poor customer support response,,Refunds & Payments,critical,,,unknown,,Enhance fraud resolution workflows and order verification processes to address financial disputes and missing items more reliably.,0.88,
223,I ordered some groceries But it missing.. i raised complaint no reply no solution very unhappy I'm going to uninstall this app,1,2023-04-26 09:19:26,negative,Missing grocery items in the order and unresponsive customer support,,Instamart,high,Instamart user,,high,I'm going to uninstall this app,Enhance order fulfillment verification processes and automate support resolution for missing items to prevent user churn.,0.95,
224,You are getting more amount for delivery charges and hotel charges which is very high compared with all other apps. please reduce it,3,2019-05-01 16:07:55,negative,Delivery charges and hotel charges are very high compared to other apps,Reduce delivery and restaurant item charges to match competitor pricing,Pricing & Offers,low,,all other apps,unknown,,Optimize dynamic pricing and delivery fee structures to remain competitive with other food delivery platforms.,0.9,
225,Very fast delivery by balaji,5,2020-01-10 06:00:23,positive,,,Delivery Time,low,,,unknown,,Recognize and reward high-performing delivery partners to maintain consistently fast delivery standards.,0.95,
226,Super cool delivery only some time it takes time,5,2020-06-06 14:31:12,positive,Occasionally takes time for delivery,,Delivery Time,low,,,unknown,,Refine delivery time estimation algorithms to minimize occasional delays and maintain consistent service.,0.85,
227,I ordered at 9pm and wait for atleast one and half hour. Shop owner said I gave your order already to the swiggy delivery boy and the boy saying I haven't received your order yet. Just because of them after a hectic day i m going sleeping without eating anything. Because of there tantrums all the shops are now already closed. Worst!!! Will never order again. Going to deactivate this app. Worst Management!!,1,2019-05-11 17:03:49,negative,"Order never delivered due to miscommunication or theft between delivery partner and restaurant, resulting in going to sleep hungry and inability to re-order because shops closed.",Improve coordination and tracking between delivery partners and restaurants for item pickups,Delivery Time,critical,,,high,Will never order again. Going to deactivate this app.,Implement robust order-handover verification between restaurants and delivery partners to prevent lost orders and severe customer impact late at night.,0.98,
228,App not working properly ... Lots of bugs,1,2018-10-07 15:19:43,negative,The app is not working properly and has many bugs.,,App Bugs/UX,medium,,,unknown,,Conduct a comprehensive QA audit to identify and resolve stability issues and critical bugs in the application interface.,0.85,
229,Wonderful app to receive food.Conduct of the staff is good.,5,2021-07-19 12:14:36,positive,,,Delivery Partner Behavior,low,,,unknown,,Maintain and incentivize high standards of delivery partner conduct to continuously reinforce positive user experiences.,0.95,
230,I wish that i could rate swiggy with zero rating. This app delivers the shittiest food ever. It would be much better if u go and eat directly from the restraunt or order from another app. The order was of jain paneer kolhapuri bt i think that the paneer was eaten on the way. Rather than looting your customer better provide a reliable service.,1,2018-12-30 09:13:25,negative,Received extremely poor quality food and missing food from a Jain paneer kolhapuri order.,,Restaurant Quality,high,,,low,,Enhance restaurant quality control and packaging standards to prevent food tampering and poor meal quality.,0.85,
231,Awesome app for food orders,5,2021-10-30 08:59:54,positive,,,Other,low,,,unknown,,Leverage positive user sentiment to encourage app store ratings and referral sharing.,0.95,
232,Pathetic customer help service.Take payment twice on same order and won't refund until we speak to all their customer service executives.,1,2020-12-17 11:08:19,negative,Duplicate payment charged for the same order and delayed refund process requiring multiple customer support interactions.,Automate refund processing for duplicate payments without requiring multiple customer support interactions.,Refunds & Payments,critical,,,unknown,,Implement automated detection and instant reversal of duplicate transactions to reduce customer effort and support dependency.,0.92,
233,The most real fascinating and actually helping app outstanding nice work swiggy,5,2019-12-27 14:48:04,positive,,,Other,low,,,unknown,,Leverage positive user sentiment and brand advocacy to drive organic app growth and engagement.,0.95,
234,Swiggy is best App for online food however consider better restaurants with better discounts,4,2020-12-20 15:38:07,positive,Limited restaurant options or discounts available,Add better restaurant partnerships with higher discounts,Pricing & Offers,low,,,unknown,,Expand merchant onboarding and targeted promotional offerings to increase value perception for users.,0.9,
235,Best food and so much fast service I had ordered my lunch and it had arrived within 20 mins. I think that it is so fast and so safer food,5,2020-02-29 09:15:25,positive,,,Delivery Time,low,,,unknown,,Highlight speed and safety metrics in the app interface to reinforce fast delivery value proposition for lunchtime orders.,0.95,
236,"This app is not showing cash on delivery option to me, while paying online u would not be knowing about hidden charges and cancellation charges which is on higher side...",1,2019-12-19 15:13:40,negative,"Cash on delivery option is hidden or unavailable, and online payment includes unexpected hidden and cancellation charges.",Provide transparent pricing for hidden and cancellation charges before online payment.,Refunds & Payments,medium,,,unknown,,Improve fee transparency at checkout by clearly displaying all potential hidden and cancellation charges before payment.,0.85,
237,"Swiggy has got worse with time..!! In my past 5 orders placwd from this app I have not once received my order in a complete state.. Either there is a problem with quantity, or quality or delivery process..!! Today after waiting for over an hour I recommend half of the order..that last time after waiting for over 30 mins I get a call from the agents that my order has been canceled... Pathetic service",2,2020-02-04 16:40:10,negative,"Consistently receiving incomplete orders with issues related to quantity, quality, or delivery, compounded by long wait times and arbitrary order cancellations.",Implement better order verification and packing checks at the restaurant level to ensure orders are complete before dispatch.,Order Accuracy,high,long-term user,,unknown,,Enhance quality control measures and restaurant-partner accountability to eliminate chronic missing-item and cancellation issues.,0.88,
238,Worst In delivering on time! Should have an option like delivery on time or free like Zomato does . And the customer executive are no good as well. They keep on just saying sorry but do not want to fix their wrongdoing. They just keep pasting the same automated msg over and over again to get to irritated and u give up finally thinking whatever. Zomato is much better,2,2021-11-02 13:56:29,negative,"Late deliveries combined with unhelpful, automated customer support responses that fail to resolve issues.",Introduce a guaranteed on-time delivery or free order policy.,Delivery Time,high,,Zomato,high,Zomato is much better,Enhance delivery reliability and equip customer support agents with better resolution tools instead of repetitive automated messaging.,0.9,
239,It's good but very less coupons are present rest everything is ok,4,2020-04-08 14:18:25,positive,lack of available coupons and discounts,increase the availability and variety of discount coupons,Pricing & Offers,low,,,unknown,,Expand promotional offers and coupon availability to enhance perceived user value and incentivize frequent ordering.,0.9,
240,"Uninstalling it ..I have been using swiggy from a long time.. it recently started its working in my native city (raebareli) Yesterday i made an order, after 1hr i got the col from delivery boy saying ur order is cancelled wen i asked him why? Then he told me apki col nahi mil paa ri ti.. wen i started arguing that i dint received any ivr col or notification regarding cancellation then swiggy manager from raebareli rudely said me agar apko problem h to ap swiggy chod do..kisne kaha h use krne ko.",1,2019-11-24 10:58:30,negative,"Order cancelled unilaterally by delivery partner with a false excuse of unreachable call, followed by extremely rude and dismissive behavior from the local Swiggy manager.",Improve delivery partner communication protocols and manager conflict resolution training,Customer Support,high,long-term user,,high,Uninstalling it,Implement stricter quality assurance and professionalism standards for local operations teams and delivery partners to prevent customer alienation.,0.98,
241,Bad experience at first order which has not arrived even after 45 minutes,1,2022-04-06 09:37:46,negative,The first order has not arrived even after 45 minutes of waiting.,,Delivery Time,medium,new user,,unknown,,Enhance delivery ETA accuracy and provide proactive delay notifications to improve the experience for first-time users.,0.85,
242,"You should improve delivery service on holiday season, then it'll be 5star rated.",5,2019-09-13 09:31:12,positive,,Improve delivery service capacity during the holiday season,Delivery Time,low,,,unknown,,Scale delivery fleet capacity and route optimization algorithms ahead of peak holiday seasons to maintain timely service.,0.85,
243,"Order delivery is very late, delivery boy said restuarant was not ready if it was not ready that how come u r taking orders, worst experience",1,2019-12-01 05:51:17,negative,Order delivered very late because the restaurant was not ready when the order was accepted,Improve coordination between restaurant preparation times and delivery partner dispatch,Delivery Time,medium,,,unknown,,Integrate real-time kitchen status updates to ensure orders are only dispatched when food is actually prepared.,0.9,
244,The service is very low because when the food is come to me it is cold not a hot food,2,2019-04-01 07:27:04,negative,The delivered food was cold instead of hot,Insulated delivery packaging to ensure food stays hot during transit,Restaurant Quality,medium,,,unknown,,Improve delivery logistics and thermal packaging solutions to ensure food maintains proper temperature upon arrival.,0.85,
245,It is really amazing and also faster work👍👍👍👍👍👏👏👏,4,2019-09-22 14:13:11,positive,,,Delivery Time,low,,,unknown,,Maintain and optimize fast fulfillment operations to consistently deliver positive user experiences.,0.95,
246,"Very bad and arrogant staff , No such good process of claiming complaints, Never deliver properly, Always having issue .",1,2019-11-07 14:35:26,negative,"Arrogant staff, poor complaint resolution process, and consistent delivery failures.","Implement a streamlined, user-friendly complaint management system and rider training for better professionalism.",Customer Support,high,,,unknown,,Enhance customer support processes and delivery partner behavioral standards to rebuild trust after repeated service failures.,0.85,
247,"if a restaurant is not serviced,it is seen only after we fill in the debit card details. it's so frustrating as we spend so much time in selecting. not one , but 3 times. but on the re-fund side..this app is soooooooo much better than Zomato..",2,2019-08-16 15:34:42,mixed,Users spend time selecting food only to discover the restaurant is not serviceable after entering payment details.,Check restaurant serviceability before the payment screen or show serviceability status earlier in the flow.,App Bugs/UX,medium,,Zomato,unknown,,Integrate address validation and serviceability checks earlier in the menu browsing journey to prevent friction and wasted time at checkout.,0.88,
248,Very good & fast order received with prompt delivered. Thanks swiggy,5,2021-05-25 08:26:36,positive,,,Delivery Time,low,,,unknown,,Maintain high delivery speed and prompt service standards across all orders to sustain customer satisfaction.,0.95,
249,It was going great for the past few months but now it's getting really troublesome Before for below ₹500 orders cash on delivery was available But now even for the smallest amount of orders cash on delivery is not available It's very troublesome tbh Many of us don't have access to cards all the time and there r many people like students out there who don't readily have cards available and cash on delivery is what's the best option for em. Pls enable cash on delivery.,2,2022-04-26 11:54:58,negative,"Cash on delivery is no longer available for orders below 500 rupees, making it difficult for users without cards to pay.",Enable cash on delivery for smaller order amounts.,Refunds & Payments,medium,long-term user,,unknown,,Provide flexible payment options tailored to demographic segments with limited access to digital payment methods to maintain accessibility and user retention.,0.9,
250,Tasty food nice coupons bt delivery time is taking little bit slow . overall happy with swiggy Food,4,2019-08-04 06:20:52,positive,Delivery time is a bit slow,,Delivery Time,low,,,unknown,,Optimize dispatch and delivery routing algorithms to improve delivery speed and enhance overall customer satisfaction.,0.95,
251,"With the new update, I can't even access the full list of restaurants in the menu. It only shows handpicked groups with discounts, nearby ones or favourites etc. Has become useless for me. Switching.",2,2022-07-11 15:46:40,negative,"The new app update restricts restaurant visibility to curated lists, preventing access to the full restaurant menu.",Provide an option to view the complete list of restaurants without filtering by curated groups.,App Bugs/UX,high,,,high,Switching,Enhance navigation in new updates to ensure users can easily access the full directory of restaurants alongside curated recommendations.,0.95,
252,Your enquiry is process is total waste of time no one is resloving issue,1,2023-05-02 16:30:59,negative,Customer support is unresponsive and fails to resolve issues.,Improve customer support responsiveness and issue resolution tracking,Customer Support,high,,,unknown,,Enhance customer support workflows and communication channels to ensure timely issue resolution and reduce user frustration.,0.9,
253,"less offers and if there are offers the cost is increased by the way of tax, delivery charges etc.. being so clever",3,2022-04-19 10:20:27,negative,"Discounts are offset by increased hidden costs like taxes and delivery charges, reducing perceived value",Show transparent all-inclusive pricing before checkout,Pricing & Offers,low,,,unknown,,Improve pricing transparency on promotional items to build customer trust and prevent perceived hidden fee inflation.,0.9,
254,"Yes this app is gonna get least rating available.... 4 orders in a row from 4 different restaurants were delivered after 90 min the ETA was 45-50 min each time. And it wasn't even peak time order I'd placed order at roughly 8pm, and 6pm.",1,2021-08-21 14:00:01,negative,Consistently late deliveries significantly exceeding the estimated time of arrival across multiple orders.,Improve delivery time estimation accuracy and reliability for off-peak hours.,Delivery Time,high,,,unknown,,Enhance predictive delivery logistics and restaurant dispatch algorithms to reduce ETA variance during non-peak hours.,0.9,
255,Nice food.. Timely delivery,4,2019-11-23 07:50:09,positive,,,Delivery Time,low,,,unknown,,Maintain consistent delivery performance and food quality to drive ongoing positive user engagement.,0.95,
256,Live tracking is not working,2,2021-04-08 08:57:55,negative,Live tracking feature is not working,Fix live tracking functionality to provide accurate and reliable rider location updates,App Bugs/UX,medium,,,unknown,,Enhance map services and location tracking infrastructure to ensure real-time reliability during active deliveries.,0.9,
257,"Over priced. I paid for swiggy super, they changed plan to swiggy one. Now paying money for delivery. Going to file a case in consumer court. If they changed plan with out your approval file case. Moving to Zomato and local delivery apps",1,2021-12-02 08:02:53,negative,Swiggy unilaterally changed the Swiggy Super plan to Swiggy One without approval and started charging for delivery again.,Require explicit user consent and opt-in before migrating subscription plans.,Pricing & Offers,high,,Zomato,high,Moving to Zomato and local delivery apps,Provide transparent communication and clear opt-in flows when transitioning users between subscription tiers to prevent plan migration backlash.,0.95,
258,If I have 0 star also i will give because my last online payment for food I have done 3 times amount deducted but failed payment I have paid cash for the order. refund intiated but not credited still 3 days completed but not credited very dirty app.,1,2023-07-22 18:05:38,negative,"Payment failed multiple times resulting in triple deduction while order was paid in cash, and refund has not been credited after 3 days.",Implement clearer payment status indicators and automated instant refund processing for failed transactions.,Refunds & Payments,critical,,,unknown,,Enhance payment gateway reliability and establish real-time automated refund processing to prevent money being locked up during failed transactions.,0.95,
259,Swiggy offers great food from a huge number of restaurants from various cuisines to cater to all tastes and price points,5,2020-01-25 03:54:52,positive,,,Pricing & Offers,low,,,unknown,,Highlight diverse restaurant partnerships and cuisine variety more prominently in the app UI to reinforce value proposition.,0.95,
260,"Please let us know how to get the discount showing ie 20%, 15% etc. Is it just advertising",3,2021-02-21 02:33:28,neutral,Difficulty in understanding how to apply advertised discounts like 20% or 15%,Provide clear instructions or transparency on how to apply advertised discounts,Pricing & Offers,low,,,unknown,,Improve promotional transparency and UI guidance to help users easily apply advertised discounts at checkout.,0.9,
261,Totally unprofessional... don't order ever .. make you wait thn suggest you to cancel it..,1,2022-06-08 16:21:19,negative,Delivery partner or restaurant made the user wait and then suggested canceling the order.,Improve order fulfillment reliability and delivery partner accountability to prevent last-minute cancellations after long waits.,Delivery Partner Behavior,high,,,unknown,,Enhance order tracking and cancellation management to minimize forced cancellations and reduce customer friction from delayed orders.,0.85,
262,This is the saviour for the students. Thanks for providing such good service and food. 🌟,5,2018-09-23 11:47:51,positive,,,Restaurant Quality,low,,,unknown,,Enhance engagement and loyalty programs tailored for student demographics to maintain strong retention in academic areas.,0.95,
263,I am very sad with with service they provide to customer they know how to take money but don't know how deliver the service I'm using this aap from long time .... There is no customer satisfaction in your service it's ok this not the problem I am facing for the first time but from now I won't use your app,1,2020-08-07 12:46:52,negative,"Repeated poor service and lack of customer satisfaction, leading to app abandonment",,Other,high,long-term user,,high,from now I won't use your app,Implement proactive service recovery loops and loyalty initiatives for long-term users experiencing recurring friction.,0.9,
264,best app for food delivery ang good offers every week,5,2019-02-11 15:02:28,positive,,,Pricing & Offers,low,,,unknown,,Enhance promotional offerings and user engagement programs to maintain high user satisfaction and retention.,0.95,
265,no more coupon dont like this app,2,2019-12-04 13:40:39,negative,removal or lack of coupons/discounts,bring back coupons,Pricing & Offers,low,,,high,no more coupon dont like this app,Enhance promotional offerings and loyalty incentives to improve user retention among price-sensitive customers.,0.85,
266,my favourite online food app...but plz low the rates,5,2019-11-28 19:53:10,positive,Prices are considered too high,,Pricing & Offers,low,,,unknown,,Introduce targeted loyalty discounts and price-matching options to improve perceived value while maintaining high user advocacy.,0.9,
267,Very bad service. No follow up. Waste of time & money. Never recommended,1,2021-09-10 15:23:17,negative,Poor overall service with no follow up and wasted time and money.,,Customer Support,medium,,,unknown,,Enhance customer support follow-up protocols and service reliability to resolve user complaints proactively.,0.8,
268,Very cheap and cheater app and also frauding with customer help centre also not supported proper,1,2023-02-19 17:56:14,negative,Fraudulent charges and unhelpful customer support,,Customer Support,critical,,,unknown,,Enhance customer support accessibility and overhaul financial transaction transparency to rebuild customer trust.,0.85,
269,New trick played by swiggy. Tried to order food and bill showed Rs231. Money deducted and order gets cancelled. App showed option to retry and amount showed was Rs305 . I retried by going back and applying discount again and 2nd time also Rs 231 deducted but order rejected . Swiggy app again showed retry option with Rs 305. If someone does not notice he will end up paying 305Rs which he thought costed Rs231.,1,2022-10-17 13:52:39,negative,Money deducted for cancelled orders while the app prompts a retry at a higher price.,,Refunds & Payments,critical,,,unknown,,Enhance payment gateway and order cancellation handling to prevent duplicate deductions and pricing discrepancies during retry attempts.,0.92,
270,Horrible service always always extremely delayed!! Fed-up of waiting every time. Foods stays ready for 20-30 minutes before it gets picked up ... Really really sad!!! Will have to look for alternative apps instead of swiggy!!,2,2023-01-31 16:56:37,negative,Consistently delayed deliveries due to a gap between food preparation and rider pickup.,Improve rider assignment and dispatch timing so food is picked up as soon as it is ready.,Delivery Time,high,long-term user,alternative apps,high,Will have to look for alternative apps instead of swiggy!!,Optimize the logistics dispatch algorithm to minimize the idle time of prepared food at restaurants and improve delivery punctuality.,0.95,
271,It was good though it's just 2nd time I am ordering.....4 stars cause the delivery guy didn't call me instead asked my landlord to ask for me which was kind of embarrassing,4,2019-10-26 07:21:51,positive,The delivery partner did not call the user directly and instead asked the landlord to locate the user.,Require delivery partners to call the customer directly before dropping off orders.,Delivery Partner Behavior,low,new user,,unknown,,Enhance delivery partner communication guidelines and accountability to ensure direct customer contact upon arrival.,0.85,
272,it is one of the best food delivery app,5,2019-03-15 09:02:07,positive,,,Other,low,,,unknown,,Maintain current high service standards and leverage positive sentiment for user referral programs.,0.95,
273,Zomato is much more better than Swiggy. Now a days Swiggy is lost customer because of their low customer service.,1,2019-05-10 16:12:09,negative,Poor customer service causing dissatisfaction,Improve customer service quality and response times,Customer Support,medium,,Zomato,unknown,,Enhance customer support infrastructure and agent training to retain users who might otherwise switch to competitors like Zomato.,0.85,
274,"Good app, costumer friendly and fast delivery",5,2019-08-29 10:10:38,positive,,,Delivery Time,low,,,unknown,,Maintain and highlight consistent delivery performance and user-friendly design to drive user retention and positive word-of-mouth.,0.95,
275,"Wow i order 9"" inch pizza just 135 rupess. Swiggy give me very good offers i love it",5,2020-07-25 11:34:08,positive,,,Pricing & Offers,low,,,unknown,,Leverage targeted promotional offers and discounts to increase positive user engagement and drive order frequency.,0.98,
276,I fall in love with your application interface.,5,2021-08-15 20:28:09,positive,,,App Bugs/UX,low,,,unknown,,Maintain and iteratively enhance the intuitive UI/UX design to continuously delight users and reinforce brand loyalty.,0.95,
277,Worst app I have ever seen They just show you the coupons on the offer wall but when you applied it and order it then they don't gives you your cashback seriously that's too cheap activity by you,1,2019-06-29 11:04:17,negative,Coupons and cashback offers shown on the offer wall are not applied or rewarded after placing an order.,Improve coupon application and cashback tracking accuracy to ensure advertised offers are honored.,Pricing & Offers,medium,,,unknown,,Enhance promotional transparency and real-time validation of cashback rewards during checkout to build user trust in offers.,0.9,
278,It is very difficult when you by mistake order the wrong item. Swiggy is not allowing or charging very high to cancel a order placed by mistake even within 3 minutes of the order placed. Very sad to deal with.,1,2020-01-03 14:47:23,negative,High cancellation fees or inability to cancel an order placed by mistake shortly after placing it,Allow a grace period for free order cancellation shortly after placing an order,Pricing & Offers,medium,,,unknown,,"Introduce a short, risk-free cancellation grace period window to improve user experience for accidental orders.",0.92,
279,Super app and very helpful,4,2019-11-22 07:10:42,positive,,,App Bugs/UX,low,,,unknown,,Maintain high app reliability and performance to consistently deliver a seamless user experience.,0.9,
280,"service is getting pathetic day by day. After 40 mins of placing our order,when we thought parcel is at the door,they are telling there's an issue please re place your order and the money that we had already paid,will be refunded after 5 days.. And this is the 3rd time it happened",1,2020-11-20 09:41:36,negative,"Orders are being cancelled after a 40-minute wait due to issues, forcing the user to re-place them while their prepaid money takes 5 days to refund, a recurring problem.",Implement instant refunds for cancelled prepaid orders and proactive notification of restaurant-side order cancellations before the full ETA elapses.,Refunds & Payments,high,,,unknown,,Improve reliability of order fulfillment and streamline the cancellation refund process to prevent user frustration from repeated failures.,0.9,
281,This very nice application and good part time and full time job,5,2018-09-25 19:25:31,positive,,,Other,low,,,unknown,,Explore platform features tailored for delivery partners to enhance the worker value proposition.,0.9,
282,I am increasing a star because of the mouth watering offers... Go on swiggy... We love you.... ♥️♥️♥️,4,2021-01-03 13:36:46,positive,,,Pricing & Offers,low,,,unknown,,Leverage promotional offers and discounts as a key driver for user satisfaction and positive sentiment.,0.95,
283,App keeps crashing hangs the phone...Even i have 8GB Ram... Not sure about... My first delivery in still on its way.,1,2019-08-30 12:02:29,negative,"App keeps crashing and hanging the phone despite having 8GB RAM, and the first delivery is severely delayed.",Optimize app performance and resource usage to prevent crashing and hanging.,App Bugs/UX,high,new user,,unknown,,Optimize mobile app resource utilization and memory management to improve stability on high-RAM devices and prevent delivery tracking failures.,0.85,
284,simple and easy to understand and use,4,2019-07-21 15:46:45,positive,,,App Bugs/UX,low,,,unknown,,Maintain a streamlined and intuitive user interface to consistently deliver a frictionless onboarding and ordering experience.,0.95,
285,Less food recieved as except😒,4,2019-12-23 11:38:16,negative,Received less food than expected,,Order Accuracy,medium,,,unknown,,Improve communication between restaurants and delivery partners regarding portion verification to ensure complete orders are dispatched.,0.85,
286,I really love this app for giving best offers but they always show different location to the delivery guy.. I always have to reset my location because this app automatically changes itself to God knows whose location. Every single time I've to talk to delivery guy to give him my location on WhatsApp and i hate to do this.. i tried to talk to customer care about it but i can't reach.. so please if you're reading this please fix this issue or tell me how can I fix this....,1,2023-02-20 08:21:38,mixed,"The app automatically changes the user's location, requiring manual resets and phone calls to delivery partners every time, and customer support is unreachable.",Fix the automatic location reset bug and make customer support accessible.,App Bugs/UX,high,,,unknown,,Improve location-tracking stability and address customer support responsiveness to resolve recurring address-mapping friction for users.,0.9,
287,Very bad connectivity. Support system is zero. I'll never order again from this app,1,2021-10-21 20:11:39,negative,Poor app connectivity and completely unresponsive or ineffective customer support,Improve app stability and network connectivity alongside revamping the customer support system,Customer Support,high,,,high,I'll never order again from this app,Enhance app stability for low-connectivity environments and overhaul customer support resolution workflows to retain frustrated users.,0.95,
288,Swiggy is the best for way food order and swiggy is a best💯..... Thanks ... Swiggy,5,2020-07-11 10:01:04,positive,,,Other,low,,,unknown,,Leverage enthusiastic customer brand advocacy to drive word-of-mouth marketing and referral programs.,0.95,
289,"I am dissapointed with your service. Will never use swiggy in future. Every time there is an issue with my order sometime you deliver wrong items, food is not handled properly or delivery is delayed. Now when I say delayed not by 10-20 mins it's delayed by 1 hour with no communication in between. And the resolution that is provided is the best you can do is cancel my order with no cancellation fees. You are not doing a favour on me there is an issue at your end because of which I prefer to cncl",1,2021-08-14 11:55:57,negative,"Consistently poor order execution involving wrong items, mishandled food, severe delays of up to an hour without communication, and unhelpful support resolutions.",Proactive communication and automated compensation for severe delivery delays.,Order Accuracy,high,,,high,Will never use swiggy in future,"Implement automated delay alerts, proactive support outreach, and service-level guarantees for extreme delivery delays to retain frustrated customers.",0.95,
290,swiggy dont delivered food in my area in kota Rajasthan and zomato delivered there worst app swiggy,1,2019-08-20 07:33:32,negative,"Swiggy does not deliver food in the user's area in Kota, Rajasthan, while a competitor does.",,Other,medium,,Zomato,high,zomato delivered there worst app swiggy,Expand delivery service coverage in underserved tier-2 and tier-3 cities to match competitor availability.,0.85,
291,This app is good pick ups but still the delivery timing is not good I mean the worst thing about swiggy is it's delivery timing. I just ordered my food but it didn't came for more than 1 hour and I am still waiting for it. Disgusting. But except that everything is ok!!!!,3,2021-08-11 09:16:36,mixed,Delivery took over an hour and is still delayed,Improve delivery time estimation and rider dispatch speed,Delivery Time,high,,,unknown,,Enhance real-time tracking accuracy and delivery partner allocation algorithms to minimize severe delivery delays.,0.85,
292,Instant loan for small expenses,5,2019-12-31 16:49:04,positive,,,Other,low,,,unknown,,Explore financial services and micro-lending integrations to expand the platform's utility for users.,0.4,
293,They should deliver from far distances and add more places. Otherwise its an awsome app and customer service is better than Zomato or other and its fast resolution.,4,2020-12-10 16:12:24,positive,Limited delivery radius and restaurant selection from far distances,Expand delivery radius and add more restaurant locations,Other,low,,Zomato,unknown,,Expand restaurant partnerships and delivery coverage zones to increase restaurant availability for users.,0.9,
294,Great and timely delivery,5,2021-05-23 15:24:20,positive,,,Delivery Time,low,,,unknown,,Maintain high service standards to consistently deliver orders on time and reinforce positive user experiences.,0.95,
295,Worst ....waited for one hour... Delivery boy switched off his phone... And i slept hungry....,1,2023-02-08 16:49:09,negative,"Delivery partner was unreachable and food arrived one hour late, resulting in the user going to sleep hungry","Implement better tracking, automated rerouting, or proactive alerts when delivery partners become unreachable",Delivery Time,high,,,unknown,,Improve delivery partner accountability and real-time exception handling to prevent prolonged delays and unresponsiveness.,0.9,
296,the worst response from swiggy .... the executive response timee too late and not even solving our porblems... this app was not upto the mark that people think.... delivering wrong items... bloody response from executive...,1,2019-07-07 02:28:59,negative,"Customer support executives take too long to respond, fail to solve problems, and orders contain wrong items.",Improve customer support response times and resolution tracking,Customer Support,high,,,unknown,,Enhance customer support training and routing algorithms to reduce executive response time and improve first-contact resolution rates.,0.92,
297,I do complaint but your assistance say sir I do something but not do my prob. Solve and I throwing my order in dustbin.,1,2018-11-03 14:18:54,negative,"Customer support agents gave unhelpful responses and failed to resolve the issue, leading to wasted food.",Improve customer support training and resolution tracking to ensure reported issues are actually fixed.,Customer Support,high,,,unknown,,Enhance support agent accountability and follow-up processes to resolve customer complaints effectively before they lead to severe dissatisfaction.,0.85,
298,Quick simple wide choice customer 's delight,5,2020-11-18 14:58:42,positive,,,Other,low,,,unknown,,Maintain and highlight the broad restaurant variety and fast ordering experience to continually reinforce user satisfaction.,0.9,
299,Its nice app..but discount coupon 50 % is not properly working,5,2019-09-09 16:41:47,positive,The 50% discount coupon is not working properly,Ensure discount coupons apply and work correctly during checkout,Pricing & Offers,low,,,unknown,,Improve promo code validation and checkout logic to ensure coupons apply smoothly.,0.9,
300,"The customer service of this app is horrible. one instance of it: my order got delayed for more than 1 hour. 1.30 hours to be precise. that too wrong item. when I raised for refund, the customer executive denied. the delivery executives almost always manage to be late. and the further investigation apparently never happens😀",1,2019-08-06 08:26:25,negative,"Order delayed by over an hour, wrong item delivered, refund denied by customer support, and chronic late deliveries by delivery partners without proper investigation.",Implement an automated refund policy for significantly delayed or incorrect orders.,Customer Support,high,,,unknown,,"Improve cross-functional alignment between customer support, delivery operations, and restaurant partners to streamline dispute resolution for delayed and incorrect orders.",0.92,
301,Very delayed delivery.... Bad quality of food even from branded restaurants.... Planning to quit swiggy.....,1,2019-09-17 16:35:17,negative,Delivery was very delayed and food quality was poor even from branded restaurants,,Delivery Time,high,,,medium,Planning to quit swiggy,Enhance delivery logistics and strengthen restaurant quality control partnerships to ensure timely arrivals and consistent food standards.,0.9,
302,Worst service no one help in swiggy dont order food from swiggey they know to fraud peoples only,1,2023-07-22 14:17:10,negative,Poor customer support and perceived fraudulent behavior with no assistance provided,,Customer Support,high,,,unknown,,Enhance customer support accessibility and transparency to rebuild trust and address allegations of fraudulent service.,0.85,
303,Fast delivery thanks for bro neat excellent talk Delicious tiffin thanks for order,5,2018-10-27 06:44:09,positive,,,Delivery Time,low,,,unknown,,Leverage positive delivery and food feedback to highlight top-performing restaurant partners and delivery riders.,0.9,
304,Some times it's right on food delivery,4,2021-04-16 07:47:10,positive,,,Delivery Time,low,,,unknown,,Maintain consistent and reliable delivery performance across all orders to sustain positive user sentiment.,0.8,
305,Worst experiences in last multiple orders.. became worse in service aswell,1,2021-04-30 16:19:50,negative,consistently poor delivery service across multiple recent orders,,Delivery Time,high,,,unknown,,Implement proactive service quality monitoring and customer feedback loops to address recurring fulfillment failures before they erode user trust.,0.75,
306,I am really satsify from swig the really do best to serve their coustomer their delivery people's are also so good and theri behaviour was also two good anw swigy coustomer care service are also up to the mark .I am odering food from swiggy almost 2years till now I find face any query,5,2020-11-05 16:09:39,positive,,,Customer Support,low,long-term user,,unknown,,Maintain high service standards across delivery partners and customer support to preserve strong customer loyalty among long-term users.,0.9,
307,Before you make any tie up with any restaurant plz taste theirs food once.,3,2019-09-27 11:39:57,neutral,Poor food quality from a restaurant partnered with Swiggy,Implement food quality checks or taste testing before partnering with restaurants,Restaurant Quality,low,,,unknown,,Introduce a restaurant onboarding quality-assurance process or curate partner listings based on customer feedback scores to ensure food standards.,0.85,
308,This is best but if you cancel your order you must your ordered payment as your cancellation fee☹️☹️,4,2021-10-13 13:29:28,mixed,Forfeiture of payment as a cancellation fee upon cancelling an order,Provide a full refund or partial refund without full forfeiture when cancelling orders,Refunds & Payments,medium,,,unknown,,Introduce a transparent tiered cancellation policy with clearer communication of charges before order cancellation.,0.85,
309,Delivery not confirmed atfirst always,2,2019-10-06 15:38:29,negative,"Delivery confirmation fails initially, requiring repeated attempts.",,App Bugs/UX,medium,,,unknown,,Improve the reliability of the delivery confirmation flow and error handling to prevent recurring UI states.,0.75,
310,"I used to be the repeat customer in swiggy but for last 3-4months, my experience is worst than ever. 6-7 orders has been cancelled because the restaurant is closed as I place the order but it is visible as open on the customer side application.customer care executives are like robots, says same thing every time literally same thing even if I'm asking a different question. Deleting swiggy now. I hope there is a photo upload section, would have posted my conversation with customer executives.",1,2019-08-02 20:31:49,negative,"Orders being cancelled repeatedly because restaurants appear open on the app when they are actually closed, combined with unhelpful, repetitive customer support.","Implement real-time restaurant status syncing between restaurants and the app, and allow photo uploads in customer support chats.",Customer Support,high,long-term user,,high,Deleting swiggy now,Improve restaurant operational status accuracy and train support agents to handle contextual queries rather than sending scripted robotic responses.,0.95,
311,Delay order pickup and not catch up delivery address,2,2022-04-08 16:52:45,negative,The delivery partner delayed picking up the order and had trouble locating the delivery address.,Improve delivery partner navigation and location-tracking tools to prevent address-finding issues.,Delivery Time,medium,,,unknown,,Enhance rider navigation integration and pickup workflow efficiency to reduce overall delivery delays.,0.85,
312,Excellent and on time service. Much better than all the other apps available.,5,2018-12-17 07:38:43,positive,,,Delivery Time,low,,other apps,unknown,,Capitalize on high reliability and prompt delivery times to reinforce brand loyalty against competing services.,0.95,
313,Taste was not upto the mark..can improve,3,2020-12-05 09:06:09,neutral,Food taste was mediocre and below expectations,,Restaurant Quality,low,,,unknown,,Introduce a restaurant rating and feedback mechanism targeted at food taste to help restaurant partners improve recipe consistency.,0.85,
314,"not good price as compared to other app (uber , zomato)",2,2019-07-29 17:11:55,negative,Higher prices compared to competitor apps like Uber and Zomato,,Pricing & Offers,low,,"uber, zomato",unknown,,Introduce dynamic pricing adjustments or loyalty discounts to remain competitive with alternative food delivery platforms.,0.85,
315,New future has added in siggwy. Only calling the executive guy through register mobile number only. But some areas there is no mobile signal. So how to call the executive guy? They didn't find the location with google also? So how to find the location? This is very very worst future,2,2018-11-18 15:01:08,negative,"Delivery executive can only contact the customer via the registered mobile number, which fails in areas with poor mobile signal and when Google Maps fails to find the location.",Allow alternative contact methods or in-app calling when mobile network signal is unavailable.,Delivery Partner Behavior,medium,,,unknown,,Introduce robust in-app communication channels and offline-resilient location pin features to assist delivery partners in low-signal areas.,0.85,
316,"Very bad experience with swiggy, very irresponsible people. Aashiq from escalation team he is very rude ended the chat without answering my concern",1,2021-05-29 18:58:49,negative,Customer support representative was rude and prematurely ended the chat without resolving the concern,,Customer Support,medium,,,unknown,,Implement stricter customer support quality assurance and behavioral training for escalation agents to prevent premature chat terminations.,0.95,
317,some delivery executive were not good but the experience is great best offers you gonna get no where else...the best food delivery app😍,5,2019-01-20 14:07:10,positive,Some delivery executives were not good.,,Delivery Partner Behavior,low,,,unknown,,Enhance delivery partner quality assurance and training programs while maintaining strong promotional value to sustain high user satisfaction.,0.95,
318,Excellent service and super fast delivery 👍,5,2022-08-06 03:50:21,positive,,,Delivery Time,low,,,unknown,,Maintain and scale current operational efficiency to sustain high levels of customer satisfaction for fast deliveries.,0.95,
319,Swiggy is have good delivery and nice hotels their list.,5,2019-08-04 16:09:16,positive,,,Pricing & Offers,low,,,unknown,,Maintain strong restaurant partnerships and reliable delivery performance to sustain high customer satisfaction.,0.85,
320,Best and handy app design,5,2019-11-24 08:31:53,positive,,,App Bugs/UX,low,,,unknown,,"Maintain and highlight clean, user-friendly UI design principles across future updates to sustain positive user sentiment.",0.9,
321,Costs on delivery option is not available,1,2022-12-09 12:48:13,negative,The delivery cost option is not available.,Show delivery cost options clearly in the app,Pricing & Offers,medium,,,unknown,,Improve transparency and accessibility of delivery pricing information in the user interface.,0.8,
322,Best food delivery app to date. Excellent customer support,5,2021-07-09 10:58:11,positive,,,Customer Support,low,,,unknown,,Maintain and highlight high standards in customer support and overall app reliability to reinforce positive brand perception and user retention.,0.95,
323,"Always there is issue with delivery partner, some time delivery partner is not available, majority of time delivery partner makes two delivery at a time which causes delay i delivery, if you guys wanna make two delivery at a time, they charge half delivery fee,,, worst experience in last 5 orders",1,2023-02-10 04:51:52,negative,"Delivery partners are handling stacked/batch deliveries, leading to delays and poor service over multiple recent orders.",Reduce delivery fees when orders are batched or stacked for multiple deliveries.,Delivery Partner Behavior,medium,,,unknown,,Optimize batch delivery logistics and pricing transparency to maintain delivery speed and perceived value for users experiencing stacked orders.,0.88,
324,The order was not accepted for almost 20 mins.. and aftef 45 mins the order was cancelled without prior information. Customer service is worst in providing support,1,2023-01-30 16:03:13,negative,"Order was left pending for 20 minutes, cancelled after 45 minutes without prior notice, and customer support failed to provide adequate help.",Provide proactive notifications and communication when restaurant order acceptance is delayed or when an order is about to be cancelled.,Customer Support,high,,,unknown,,Enhance automated order tracking alerts and streamline support workflows to proactively handle delayed and cancelled orders.,0.92,
325,Happy with the discounts but had bad experience in making payment with Google pay.. 3 time payment got decline and the money got deducted for 3 payment .. need to improve ur payment mode,2,2021-07-22 04:39:11,mixed,Payment failed via Google Pay three times while money was still deducted for all three attempts.,Improve payment gateway reliability and handling of declined transactions.,Refunds & Payments,critical,,,unknown,,Enhance payment gateway integration and automatic reconciliation for failed transactions to prevent multiple deductions.,0.9,
326,No offer at all despite I order very much 😔 then also,1,2020-06-12 10:18:56,negative,Lack of offers or discounts despite frequent ordering,,Pricing & Offers,low,long-term user,,unknown,,Introduce personalized loyalty rewards and frequent-user discount tiers to improve retention for high-frequency customers.,0.85,
327,Swiggy is best comparing with zomato because zomato service is too late but swiggy is fast for me compare than zomato and swiggy are give me more discounts,5,2021-10-02 15:10:21,positive,,,Pricing & Offers,low,,Zomato,unknown,,Leverage competitive speed and discount advantages to drive user acquisition and retention.,0.95,
328,"Wort delivery.. I ordered food from swiggy, first of all it took too much time to accept order in fact I had to call swiggy and tell them to accept the the order.. After 1 hour I got call from delivery.. That he will take 15 mint more.. The language used by the delivery guy was not expected from this company. At the end they cancelled my order.. One of the worst experience..",1,2018-11-26 04:59:19,negative,"Order acceptance delay, unprofessional delivery partner behavior, and unexpected order cancellation after a long wait","Improve delivery partner communication and behavior training, and enhance order fulfillment reliability",Delivery Partner Behavior,high,,,unknown,,Improve restaurant-to-rider dispatch coordination and delivery partner professional standards to prevent sudden order cancellations and poor customer interactions.,0.92,
329,Just upgraded by strars... Just awesome team swiggy always on time and everything...clean and hygiene 👍👌,5,2021-06-25 15:41:47,positive,,,Delivery Time,low,,,unknown,,Maintain and highlight consistent delivery performance and hygiene standards to reinforce high customer satisfaction.,0.95,
330,"I got bad quality food,my food was stale and no tasty.swiggy is doing with me with you tomorrow.please request from you that to unstall swiggy app of all mr",1,2018-10-21 05:13:23,negative,Received stale and tasteless bad quality food,,Restaurant Quality,high,,,high,unstall swiggy app,Implement stricter restaurant quality control audits and a frictionless refund process for spoiled or stale food to retain dissatisfied customers.,0.85,
331,Worst i ordered 10 box Ferrero chocolate but received only 5 box they scam 5000 Rps pls don't order bulk here they won't send properly after that swiggy support will say next time we serve better future won't happen like this so all this bullisit now swiggy also doing big scam be careful,1,2023-03-09 04:07:48,negative,"Ordered 10 boxes of Ferrero chocolate but only received 5, and customer support failed to provide a refund or adequate resolution.",,Order Accuracy,high,,,unknown,,Improve order verification processes for bulk items and establish a more reliable reimbursement policy for missing goods to rebuild customer trust.,0.9,
332,I reviewed one star and they are removing response that's why they still managed to got 4.2 stars rating. Misleading information in there app regarding order update. Poor customer care services.,1,2021-06-19 16:14:18,negative,"Swiggy is removing negative reviews to inflate ratings, showing misleading order updates, and providing poor customer support.",,Customer Support,medium,,,unknown,,Improve review transparency and customer support responsiveness to rebuild user trust.,0.85,
333,Good offers and less delivery charges,5,2023-04-05 14:26:07,positive,,,Pricing & Offers,low,,,unknown,,Maintain competitive promotional pricing and low delivery fees to drive user acquisition and retention.,0.95,
334,"I ordered the food at 8.46pm,still(10.15pm) showing the food is being prepared,then the delivery boy call me and say that the ordered item is not available in restaurant Bad service",1,2018-10-16 16:45:23,negative,Significant order delay caused by the restaurant failing to prepare the food and delayed communication regarding item unavailability.,Implement real-time updates and automated alerts when ordered items are out of stock to prevent long wait times.,Delivery Time,high,,,unknown,,Improve inventory synchronization between restaurants and the app to instantly notify users of out-of-stock items and prevent prolonged preparation delays.,0.92,
335,I was waiting for order for 40 minutes then somebody called me that my order has failed from delivery boy and do you want to order new or cancel the order and I have received the order after 2 hours,1,2020-01-15 18:00:04,negative,Order failed at the delivery stage and arrived two hours late after poor communication from the delivery partner,Proactive notification system for failed deliveries with instant reordering or cancellation options,Delivery Time,high,,,unknown,,Improve real-time order failure detection and communication protocols between delivery partners and customers to prevent extreme delays.,0.9,
336,yes good but delivery charge free pottu to delivery charges vangrenga,5,2019-10-08 05:50:06,mixed,User is charged delivery fees despite expecting them to be free,Clearer communication on when delivery charges apply or more free delivery promotions,Pricing & Offers,low,,,unknown,,Improve transparency on delivery fee applicability to align user expectations during checkout.,0.8,
337,"The worst service ever. Swiggy made a refund for canceled order then took back the amount again. I paid twice the amount for one order. I am unable to get the issue resolved. Customer support is the worst. The amount was auto debited from my bank account, they have started looting money now. The issue never gets resolved and you'll never get the money you lost.",1,2020-12-20 09:42:05,negative,"Swiggy refunded a canceled order but then auto-debited the amount again, resulting in a double charge with no resolution from customer support.",Implement an automated reconciliation system for canceled order refunds to prevent double auto-debits and improve support resolution workflows.,Refunds & Payments,critical,,,unknown,,Enhance payment gateway integration and refund auditing to prevent erroneous double-debits and establish a transparent escalation path for financial disputes.,0.95,
338,"Pathetic service. Anyone operating from home also is registered with Swiggy with some fancy names (eg Mother's taste) as a Restaurant. If placed order with these unknown Restaurants, you can be rest assured that the order will never get delivered. You can only use chat option to vent out your frustration and on chat, you will be shown different ETA, each time you wish to get the updates.At the end, after wait of 2 hrs, you will end up cancelling the order. My experience multiple times.👎",1,2020-07-16 12:07:26,negative,"Orders from home-cooked or unknown restaurants fail to deliver after long waits, and chat support provides inaccurate ETAs leading to cancellations.",Implement better verification and quality control for home-based restaurants and provide real-time accurate tracking to prevent false ETAs.,Delivery Time,high,,,unknown,,Improve restaurant onboarding quality checks and enhance ETA prediction accuracy during delayed orders to increase customer trust and reduce cancellation rates.,0.9,
339,"last time I reported a short supply of an item (nentra banana 1 kg rs 96 or so) which is not acknowledged by either swiggy or instamart, please ensure a proper support system.",3,2023-07-07 03:19:57,negative,Short supply of an item was not acknowledged or resolved by support,Improve support system for reporting missing or short-supplied items,Instamart,medium,Instamart user,,unknown,,Enhance the resolution workflow and tracking for missing or short-supplied items to improve customer trust and support efficiency.,0.88,
340,Availing the best discount . Its good,5,2019-09-01 07:11:19,positive,,,Pricing & Offers,low,,,unknown,,Enhance visibility and variety of promotional discounts to drive positive user engagement and conversion.,0.9,
341,tracking of orders need to be improved,4,2023-07-18 11:00:07,neutral,Order tracking needs improvement.,Improve order tracking accuracy or functionality,App Bugs/UX,low,,,unknown,,Enhance the real-time order tracking interface and map integration to provide clearer and more reliable delivery updates.,0.85,
342,"Worst app ,always wrong orders are serving, customer help desk was worst ,one of the worst app i used till now, you and restuarant planned to give wrong orders to cheat customers.fake app",1,2022-06-30 07:19:48,negative,Consistently receiving incorrect orders combined with unhelpful customer support,Implement a better order verification process before dispatch to prevent wrong items from being sent,Order Accuracy,high,,,unknown,,Improve restaurant-side order verification workflows and upgrade customer support dispute resolution to rebuild user trust in order accuracy.,0.85,
343,Swiggy is such an amazing app. I mean they give so nice offers. It's really easy to use and the food is delivered swiftly and without any issues. I look forward to using it till my last breath.,5,2019-01-13 10:47:18,positive,,,Pricing & Offers,low,,,unknown,,Maintain strong promotional offers and seamless delivery experiences to sustain high user retention and advocacy.,0.98,
344,"too much price,more then less discount.... customer need discount...don't think we ere fool...",2,2022-12-19 10:02:24,negative,Prices are too high and discounts are insufficient,,Pricing & Offers,low,,,unknown,,Re-evaluate discounting and pricing strategies to improve perceived value and customer retention for price-sensitive users.,0.85,
345,problem in installation even i have 16gb free space in Mobile,1,2019-05-28 07:22:55,negative,Unable to install the app despite having sufficient free storage space.,,App Bugs/UX,medium,new user,,unknown,,Optimize the app installation package and compatibility checks to prevent false storage errors on mobile devices.,0.9,
346,Most efficient food delivery app,5,2020-07-07 13:14:30,positive,,,Other,low,,,unknown,,Leverage high customer satisfaction and brand perception to drive user engagement and referral programs.,0.95,
347,Compare to zomato offer available is very poor in swiggy,1,2020-03-14 08:02:51,negative,Swiggy offers are much poorer compared to Zomato,,Pricing & Offers,low,,zomato,unknown,,Enhance promotional offers and discount competitiveness to better retain price-sensitive users comparing platforms.,0.85,
348,app is very usefull and good,5,2023-07-07 06:19:04,positive,,,App Bugs/UX,low,,,unknown,,Highlight positive user experiences to drive retention and showcase app utility.,0.9,
349,Very nice app!!! & Very easy to order whatever I need,5,2018-10-19 12:24:47,positive,,,App Bugs/UX,low,,,unknown,,Maintain a seamless user interface and ordering flow to preserve high user satisfaction and engagement.,0.95,
350,App does not provide discount at all. The rates at the hotel directly are low. Swiggy charges us extra,2,2020-09-16 09:57:58,negative,Prices on Swiggy are higher than direct restaurant prices and no discounts are provided,,Pricing & Offers,low,,,unknown,,Provide better promotional offers and price parity checks to improve perceived value compared to direct restaurant ordering.,0.85,
351,Worst app i have ever seen. Cod is not available. Coupons are not there. When it has started 5 WELCOME 50 coupens were there i have not used it also but there are no more coupons,1,2019-11-19 12:35:56,negative,Cash on delivery is not available and there are no promotional coupons or offers anymore.,Restore cash on delivery and welcome coupons for users.,Pricing & Offers,low,,,unknown,,Revamp the promotional and loyalty offerings to increase user engagement and perceived value.,0.85,
352,"Rates are high with limited or conditional offers. Also, denied refund for undelivered order... Quite disappointed with the service.",1,2020-11-20 09:01:52,negative,"High rates, limited offers, and denied refund for an undelivered order.",,Refunds & Payments,high,,,unknown,,Enhance refund processing transparency and customer support dispute resolution for undelivered orders to rebuild user trust.,0.9,
353,Best ever and want more best offers,4,2019-10-03 08:52:13,positive,,Provide more and better offers/discounts,Pricing & Offers,low,,,unknown,,Expand promotional discounting and loyalty incentives to increase user engagement and perceived value.,0.9,
354,its provide very good service.,5,2019-08-11 15:59:23,positive,,,Other,low,,,unknown,,Maintain and highlight consistent service quality to reinforce positive brand perception.,0.9,
355,Very bad.It have no restaurant in Balasore.Why is it so?I want to order by this.I think Swiggy don't want so.when will you solve this problem?Balasore is no more a little town.,1,2018-11-17 09:03:51,negative,No restaurant availability in Balasore town,Expand restaurant partnerships to include Balasore,Other,medium,,,unknown,,Expand geographic coverage and restaurant partnerships in growing tier-3 and tier-4 cities.,0.85,
356,"Order shows delivered but the delivery executive refuse to deliver. Even the call center is of no help. Please avoid. Even after providing order number, these people will not resolve your issues",1,2020-11-28 16:19:10,negative,"Delivery executive marked the order as delivered but refused to hand it over, and customer support failed to resolve the issue.",Improve delivery verification to prevent drivers from falsely marking orders as delivered without handing them over.,Customer Support,high,,,unknown,,Implement stricter delivery confirmation protocols and empower customer support agents to quickly resolve driver-related fulfillment failures.,0.92,
357,Huge variety of restaurants to choose from. Very good for when we feel too lazy to cook.,5,2020-12-07 04:39:04,positive,,,Other,low,,,unknown,,Leverage restaurant variety and convenience messaging in marketing to attract users looking for cooking alternatives.,0.95,
358,i think it is a graet app to order food because the delivery is super fast and food quality is also very good,5,2019-03-28 10:55:57,positive,,,Delivery Time,low,,,unknown,,Maintain and highlight fast delivery and high food quality standards to reinforce positive user retention.,0.95,
359,💐Very good sarvies but delivery partaner sarvies slow response but very good app👌,4,2020-10-01 16:48:23,positive,Delivery partner response or service is slow,,Delivery Partner Behavior,low,,,unknown,,Provide additional training and performance incentives for delivery partners to improve responsiveness and service speed.,0.85,
360,Finding address on this needs improvements otherwise app is good shows nice deals,3,2019-09-05 14:13:28,mixed,Difficulty in finding or setting the correct delivery address within the app,Improve address detection and location search functionality,App Bugs/UX,low,,,unknown,,Enhance map integration and address management UX to streamline location pinpointing for users.,0.85,
361,Swiggy not good one reason order cancellation fee,1,2023-03-19 05:54:46,negative,Charged an order cancellation fee for an unwanted cancellation,Transparent cancellation policies or waiver of cancellation fees under certain conditions,Pricing & Offers,low,,,unknown,,Provide clearer upfront communication regarding cancellation charges and introduce flexible cancellation windows to reduce user frustration.,0.8,
362,Too late for delivery.....and there is no compensation,1,2022-10-14 15:23:14,negative,Delivery was too late and no compensation was provided.,Provide compensation for late deliveries.,Delivery Time,medium,,,unknown,,Implement an automated compensation policy and improve ETA accuracy to better retain customers affected by late deliveries.,0.9,
363,"I bought super and next day my ac was deactivated , i contacted customer support they cant refund and cant reactivate my account. Pathetic customer support, trying emails and twits, all they can do is apologize and thats all. Gonna uninstall it after this review. By the way this is my first negative review of any app.",1,2019-12-04 08:40:42,negative,"Swiggy One subscription (super) was deactivated the next day, account cannot be reactivated, and customer support refused a refund.",Provide automated refund and account reactivation options for subscription deactivation issues.,Account/Login,critical,,,high,Gonna uninstall it after this review.,Improve cross-channel customer support resolution flows for subscription status errors to prevent immediate user churn.,0.95,
364,Never picks up my location. It Automatically sets differnt location as delivery address.,1,2020-10-18 15:48:09,negative,The app fails to detect the user's location and automatically sets an incorrect delivery address.,Improve automatic location detection and allow users to lock in their pin easily.,App Bugs/UX,high,,,unknown,,Enhance location services integration and address-setting workflows to prevent automatic incorrect address assignments.,0.9,
365,delivery partner refusing to deliver the order,1,2023-06-08 06:25:51,negative,Delivery partner refused to deliver the order,,Delivery Partner Behavior,critical,,,unknown,,Implement stricter delivery partner accountability and rapid re-assignment protocols when delivery refusals occur.,0.9,
366,please check on cancel order..need to change the rule,1,2022-09-19 07:59:08,negative,Inflexible order cancellation policy preventing order modifications,Allow order cancellation or modification within a specified timeframe,Other,medium,,,unknown,,Redesign the order cancellation and modification flow to give users more flexibility shortly after placing an order.,0.85,
367,Superb but open more store of instamart near by our place at it park,5,2022-05-01 16:27:55,positive,,Open more Instamart stores near IT Park,Instamart,low,Instamart user,,unknown,,Expand Instamart dark store coverage and geographical footprint into major business and tech park areas to capture local demand.,0.9,
368,worst delivery app and worst delivery timings,1,2023-05-09 10:05:08,negative,Extremely slow or poor delivery timings.,,Delivery Time,medium,,,unknown,,Enhance routing algorithms and delivery time estimation to improve overall delivery speed and reliability.,0.85,
369,"delivery charge is too high, if it's raining means they charge double",3,2022-12-10 13:49:51,negative,"Excessive delivery charges, particularly double charges during rainy weather",,Pricing & Offers,low,,,unknown,,Introduce transparent peak pricing structures and rain fee caps to maintain user trust during adverse weather conditions.,0.9,
370,"Most of my orders are either cancelled or there is no delivery partner to get the order. So done with its nuisance and there customer service just have some set of same written answers, that all the agents use to empathize with you. I will be uninstalling the app right away, once I receive my current refund",1,2021-06-18 16:51:16,negative,"Orders frequently cancelled due to lack of delivery partners and unhelpful, repetitive customer support.","Improve customer support training to provide dynamic, non-scripted solutions.",Customer Support,high,,,high,I will be uninstalling the app right away,Enhance delivery partner network allocation and empower support agents with actionable resolutions to prevent high-intent churn.,0.95,
371,I love this app .. whenever I don't want to Cook I use this .and the best thing is customer service they listen carefully and did needful,5,2020-04-01 08:44:24,positive,,,Customer Support,low,,,unknown,,Highlight and maintain responsive customer support channels to reinforce user trust and loyalty.,0.95,
372,Great app with reasonable rates and discounts,5,2021-09-05 14:41:11,positive,,,Pricing & Offers,low,,,unknown,,Maintain competitive pricing strategies and personalized promotional discounts to sustain user satisfaction and loyalty.,0.95,
373,"worst experience.They took the order and the delivery boy says he cant deliver at the address as its too far, in tht case they shouldnt take any order on top of tht they r charging cancellation fee. Making fool of customer.",1,2019-03-22 15:14:58,negative,"Order accepted despite the delivery address being too far, followed by an inability to deliver and a charged cancellation fee.",Implement delivery address distance validation before order placement to prevent accepting orders that cannot be fulfilled.,Delivery Time,high,,,unknown,,Enhance geofencing and address validation algorithms at checkout to automatically restrict out-of-range orders and prevent unfair cancellation charges.,0.9,
374,Best app with lots of discounts and offers loves swiggy,5,2021-03-06 09:21:15,positive,,,Pricing & Offers,low,,,unknown,,Enhance discount and promotional offerings to sustain high user satisfaction and engagement.,0.95,
375,good food delivery application ..,5,2019-11-17 15:03:36,positive,,,Other,low,,,unknown,,Maintain and enhance general platform performance and user satisfaction to retain positive sentiment.,0.9,
376,Tasty food nd fast delivery,5,2019-10-17 09:12:55,positive,,,Restaurant Quality,low,,,unknown,,Maintain consistent food quality and delivery speed standards to drive continued user satisfaction and retention.,0.95,
377,I thought foodpanda was the worst delivery app but Swiggy proved me wrong. Worst food delivery app.,1,2019-01-07 08:02:56,negative,Poor overall app and delivery service experience,,Other,low,,foodpanda,unknown,,Enhance overall service reliability and user experience to improve customer satisfaction and compete effectively against alternatives.,0.8,
378,"Wonderful service,being on time",5,2021-05-03 14:05:14,positive,,,Delivery Time,low,,,unknown,,Maintain consistent delivery punctuality standards across all regions to sustain high customer satisfaction.,0.95,
379,"Best online food app ever I see in india,, swiggy is more better than Zomato app,,",5,2021-06-03 14:23:28,positive,,,Pricing & Offers,low,,Zomato,unknown,,Leverage positive user sentiment and competitive advantages to increase brand advocacy and user retention.,0.95,
380,Multiple food options are just a click away 👍,4,2020-08-15 14:59:45,positive,,,Other,low,,,unknown,,Expand and highlight the diverse restaurant catalog to maintain user engagement.,0.9,
381,it's good but one time canscled again no cash on delivery,4,2020-01-31 10:38:31,mixed,Cash on delivery payment option is unavailable for some orders,Ensure consistent availability of cash on delivery payment option,Refunds & Payments,low,,,unknown,,Improve payment method availability and communication around payment restrictions to enhance user flexibility.,0.75,
382,Recently the app is showing all the delivery partners around this restaurant is busy and this condition extends to most of all other restaurants well that too everyday. Have been a swiggy user since 2018 and now a Swiggy one member as well. Seriously reconsidering my options now. PS : this happens in trivandrum and inside city limits.,2,2022-10-26 12:35:11,negative,The app consistently shows delivery partners as busy across most restaurants in Trivandrum city limits every day.,Improve rider availability and capacity management in the Trivandrum area.,App Bugs/UX,high,long-term user,,medium,Seriously reconsidering my options now.,Enhance real-time rider allocation algorithms and capacity forecasting during peak hours in regional city limits to prevent widespread service unavailability.,0.9,
383,Still doesn't allow cash payment now even after so long,1,2020-09-10 06:36:03,negative,Cash payment option is still not available after a long time,Restore or enable cash on delivery payment option,Refunds & Payments,medium,,,unknown,,Provide more flexible payment options such as cash on delivery to accommodate users who prefer or require alternative payment methods.,0.9,
384,This app helped me alot 😊,5,2023-06-29 16:10:17,positive,,,App Bugs/UX,low,,,unknown,,Highlight user success stories and maintain core app reliability to reinforce positive user experiences.,0.9,
385,"overall v good, but sometimes letdown due to restaraunts.",4,2019-08-09 13:29:58,positive,occasional disappointment due to poor restaurant quality or performance,,Restaurant Quality,low,,,unknown,,Implement better restaurant quality filtering and performance monitoring to ensure consistent food standards across partner listings.,0.85,
386,delivery guys deliver without tallying the order no. my prepaid order was taken by the delivery guy itself. the delivery guy even talks cuss. worst experience ever for food ordering,1,2019-06-27 16:25:18,negative,Delivery partner stole the prepaid order and used abusive language.,,Delivery Partner Behavior,critical,,,unknown,,"Implement stricter background verification, secure delivery verification codes, and robust reporting mechanisms to address delivery partner misconduct and theft.",0.95,
387,Hopelessness at its best. Food delivery takes hours than the expected time. The Customer service is far more useless and hopeless. And after all the efforts the order gets cancelled and in wee hours you receive a call saying that your money is refunded into your account and you may sleep with hungry stomachs. These cheats must be dragged to consumer court and should be taught a lesson. I'm doing the same now. And I request all the sufferers to do the same. Google for Consumer cell info..,1,2021-08-26 19:26:56,negative,"Orders take hours longer than expected, customer service is unhelpful, and orders get cancelled late at night with money refunded instead of food delivered.",,Delivery Time,critical,,,unknown,,Enhance delivery reliability and proactive customer communication to prevent late-night order cancellations and mitigate user distress.,0.9,
388,Pl start back again the no delivery charge based service... it encourages us to use you for every need. Pl relook at it.,4,2020-08-15 11:21:21,positive,Introduction of delivery charges for services,Bring back zero delivery charge service,Pricing & Offers,low,,,unknown,,Explore loyalty programs or zero-delivery-fee tiers to incentivize frequent daily-use orders and increase platform stickiness.,0.9,
389,"Sorry to say this, but your services are worse day by day. My orders are getting delayed by 2 to 3 hrs. I need to complain again and again even then I don't get compensation for my time and money. What's the use for this when you can't fullfill you promises? I'm uninstalling this app and never going to install and even tell my friends to switch to other apps.",1,2022-07-11 07:48:13,negative,Orders are severely delayed by 2 to 3 hours and compensation is not provided despite multiple complaints.,Automatic compensation system for severely delayed orders.,Delivery Time,high,,other apps,high,I'm uninstalling this app and never going to install and even tell my friends to switch to other apps.,Implement automated SLA tracking and proactive compensation workflows for severely delayed deliveries to retain frustrated users.,0.98,
390,Immediate delivery fast service,5,2022-07-19 18:30:58,positive,,,Delivery Time,low,,,unknown,,Maintain and highlight fast delivery performance to reinforce high customer satisfaction.,0.95,
391,Very good app...when there is emergency i use swiggy...i love this app..,5,2019-10-14 07:57:56,positive,,,Other,low,,,unknown,,Enhance emergency delivery reliability and speed to further solidify the app's value proposition for urgent use cases.,0.95,
392,"It is 20 million times better than Zomato which loves to cheat customers by showing restaurants which don't deliver to your location and when Zomato declines the order, they never even give our hard earned money back. Zomato is a fraud company which loves to swindle customers.",5,2019-12-02 04:52:01,positive,,,Refunds & Payments,low,,Zomato,unknown,,Leverage reliable location-based restaurant filtering and efficient refund processing to highlight key competitive advantages.,0.9,
393,They will charge you if you cancel bt they will not give your money back if they will cancel they will give you coupon instead.,1,2022-01-28 21:09:12,negative,Swiggy cancels orders and refunds money in coupons instead of returning cash to the original payment method.,Allow users to choose direct cash refunds to their original payment method instead of forced coupons for cancelled orders.,Refunds & Payments,high,,,unknown,,Enhance refund transparency and flexibility by allowing customers to receive cash refunds for platform-initiated cancellations instead of restrictive promotional coupons.,0.9,
394,Ekdom e baje experienc holo ei app ta download korte gia. Just to much formalities. Sob ki6u fealup korar poreo dekha66e try again... 1 ta ki6u download korar por koto bar try korbo???? Just faltu..😡,1,2020-09-18 14:46:41,negative,"App throws persistent 'try again' errors and has too many form-filling formalities during the download or signup process, preventing successful completion.",Simplify the onboarding or sign-up process and fix backend errors causing repeated 'try again' failures.,App Bugs/UX,high,new user,,unknown,,Streamline the user onboarding flow and improve system reliability to prevent repetitive submission errors and reduce drop-offs for new users.,0.85,
395,"I had vary bad experience ,no one understanded my order problem as well not responded. customer service too rediculse..even i sent mail but no one updated regarding my problem ..i will never ever order again 😡..",1,2021-06-09 14:54:00,negative,Customer support failed to understand or respond to the order problem across chat and email.,Improve customer support responsiveness and issue resolution tracking for order problems.,Customer Support,high,,,high,i will never ever order again,Implement a more reliable multi-channel support escalation and ticketing system to ensure unresolved order issues are addressed promptly.,0.95,
396,so costly app uber eats and zomato give the same food on half rate .,2,2019-01-20 18:47:03,negative,Prices and delivery fees on Swiggy are higher compared to competitors like Uber Eats and Zomato for the same food.,,Pricing & Offers,low,,Zomato and Uber Eats,unknown,,Introduce competitive pricing tiers or dynamic discounting mechanisms to improve perceived value relative to market alternatives.,0.9,
397,very less discount is given by u as compare to other apps like zomato,3,2019-07-17 16:48:41,negative,Discount offers are lower compared to competitor apps like Zomato,,Pricing & Offers,low,,Zomato,unknown,,Enhance promotional discount structures and loyalty incentives to remain competitive with alternative food delivery platforms.,0.9,
398,We are an avid user of Swiggy and by far we NEVER had a problem with the app (extremely user friendly) or delivery except for one dominos that shows up on the app in the area but does not deliver and it took almost 24 hours to update and is to place another order. orelse it was just Ace! Thanks for helping us in time of hunger!! Kuddos!,5,2019-07-26 09:18:28,positive,"A Domino's restaurant showed up on the app in the area but could not deliver, and it took almost 24 hours to update so another order could be placed.",Improve restaurant availability syncing and status updates on the app,App Bugs/UX,low,long-term user,,unknown,,Enhance real-time restaurant availability and inventory syncing to prevent ordering from non-delivering merchants.,0.9,
399,They are over charging. And they canceled the order from there end. And charging the cancelation fees.,1,2021-10-21 14:20:11,negative,The restaurant or system canceled the order and unjustly charged a cancellation fee while also overcharging.,"Waive cancellation fees when orders are canceled by the restaurant or system end, and improve transparent pricing.",Refunds & Payments,high,,,unknown,,Implement automated refund safeguards and clear communication for system or restaurant-initiated cancellations to prevent unfair penalty charges.,0.88,
400,"I had very bad experience in my with Swiggy Customer service Team , yesterday. I have ordered one item but received another item which we don't eat. Provided the receipt photo as well however they are saying this is not sufficient again provided photos of the delivered item but still they are not accepting the mistake and bargaining that I will give you 149 and 100. After waiting 6 hours they are giving full refund. But the thing I have asked written explanation what went wrong but no use.",1,2022-09-18 06:36:07,negative,"Customer support refused to acknowledge an incorrect item delivery despite photo proof, offered inadequate partial refunds initially, and failed to provide a written explanation after a 6-hour wait for a full refund.",Implement an automated log or written incident report feature for order fulfillment errors to provide transparency to customers.,Customer Support,medium,,,unknown,,Streamline the dispute resolution process for order accuracy issues and empower support agents with clearer guidelines to reduce resolution time and improve accountability.,0.92,
401,App is good.But the way it tracks the location of us and the person assigned for delivery is trash.Waste app.,2,2018-12-19 12:22:13,negative,Inaccurate location tracking for both the user and the delivery partner.,Improve live tracking accuracy for users and delivery partners,App Bugs/UX,medium,,,unknown,,"Enhance map integration and GPS tracking infrastructure to provide reliable, real-time location updates for orders.",0.85,
402,Many times we have to wait for order confirmation for hours and after even confirmation they cancel our order,1,2020-05-31 08:29:46,negative,Orders take hours to get confirmed and are frequently cancelled even after confirmation,Implement automated instant order confirmation or better communication when restaurant acceptance is delayed,Delivery Time,high,,,unknown,,Enhance restaurant partner responsiveness tracking and implement automated cancellation prevention protocols to ensure reliable order fulfillment.,0.88,
403,"Used to be my go to app for all food ordering needs but recently quality has degraded significantly as orders are delayed or cancelled or even wrong orders are delivered. Many a times now clubbing of deliveries is going on which makes delivery times greater than even an hour. Ice creams melt, other stuff got cold. I was regular swiggy super member but due to increased incidences as described, I've switched to zomato. At least they deliver on promised times",2,2020-12-05 17:45:42,negative,"Orders are delayed, cancelled, or incorrect due to batching multiple deliveries, resulting in melted or cold food and long wait times.",Provide an option to opt out of delivery clubbing or batching to ensure faster and better temperature control for food.,Delivery Time,high,long-term user,Zomato,high,I've switched to zomato,Optimize batching algorithms to prevent quality degradation and excessive delivery times for sensitive items like ice cream.,0.95,
404,The customer has to bear the brunt of the mistake by the employees of Swiggy. It's better to deal with restaurant directly. I have already communicated and received an standard reply of we will look into the feedback and promise you will do better. But what about the issue I faced.,1,2023-03-15 18:25:21,negative,Customer suffered due to a mistake by Swiggy employees and received unhelpful standardized responses from customer support.,"Implement context-aware, human-assisted support instead of automated standard template replies for issue resolution.",Customer Support,high,,,unknown,,Upgrade the customer support workflow to prioritize personalized issue resolution over generic templated responses to maintain user trust.,0.85,
405,"I have got half of the ordered food. When conveyed to delivery boy he was least bothered & asked to reach out to the customer service. When reached out to cs, he offered coupon as compensation rather refunding the amount. It means to redeem that I again need to order something.",1,2020-02-22 16:26:07,negative,Received only half the ordered food and customer support offered a coupon instead of a refund,Allow direct monetary refunds instead of forcing compensation via coupons,Order Accuracy,medium,,,unknown,,Provide flexible refund options that do not force users to make another purchase to recover lost funds.,0.92,
406,Why the hell does the app refresh every 30s. How the hell are we supposed to browse?,2,2022-07-23 23:11:22,negative,"The app unexpectedly refreshes every 30 seconds, disrupting browsing.",Fix the app session or state management to prevent automatic refreshing during browsing.,App Bugs/UX,medium,,,unknown,,Enhance app stability and session state preservation to prevent frustrating auto-refresh loops during user browsing sessions.,0.9,
407,The best app ever but the delivery boys are rude just improve but everything is so good,5,2022-04-24 08:02:57,mixed,Delivery personnel are rude,Implement better delivery partner training and conduct monitoring,Delivery Partner Behavior,medium,,,unknown,,Enhance delivery partner quality assurance and customer service training to ensure professional conduct.,0.9,
408,This app is too bad ........no work propsrly,1,2019-09-28 06:37:15,negative,The app is not working properly.,,App Bugs/UX,high,,,unknown,,Improve overall app stability and performance monitoring to prevent general functional failures.,0.6,
409,Tracking time is wrong Some times it is too delay,2,2022-05-05 11:10:17,negative,Tracking time is inaccurate and deliveries are sometimes heavily delayed,Improve delivery tracking time accuracy and ETA predictions,Delivery Time,medium,,,unknown,,Enhance real-time GPS tracking and ETA algorithms to provide more reliable delivery estimates.,0.85,
410,"I first time ordered food online , it was quiet disappointing food was not even little warm,It was a bad exprience",3,2018-12-04 17:10:16,negative,The food arrived cold on the user's first online food delivery experience.,,Restaurant Quality,low,new user,,unknown,,Enhance thermal packaging guidelines and delivery partner dispatch protocols to ensure food arrives warm for first-time customers.,0.9,
411,"Totally pathetic service. The executive called me and told that the delivery boy have to go 10 km but the delivery boy called me in next 2 minutes and said he is at the store. They add to 60 as delivery charge. If the delivery boy have gone 10 kms, I would have given Rs 60. But he is at the nearest store which is at 2 kms. Customer support is totally pathetic and doesn't addresses concerns properly.",1,2019-10-16 19:22:53,negative,"Swiggy charged an incorrect high delivery fee based on a false claim of a 10 km distance when the store was actually only 2 km away, and customer support failed to resolve the issue.",Improve delivery fee calculation accuracy based on actual store distance and provide better customer support dispute resolution.,Pricing & Offers,medium,,,unknown,,Enhance transparency and accuracy in distance-based delivery fee calculations while streamlining the support dispute process for incorrect charges.,0.92,
412,"Pathetic experience with the service provided by Swiggy. waited for order for almost 2 hours from 9pm to 11pm , with order cancellation in the end by swiggy. Customer support didn't help either. One of the Worst food delivery service app. I wish i could give them 0 star.",1,2019-02-15 14:02:32,negative,"Order was heavily delayed and ultimately cancelled by Swiggy after a 2-hour wait, with unhelpful customer support.",Improve order fulfillment reliability and provide proactive communication or compensation when orders are cancelled late.,Delivery Time,high,,,unknown,,Enhance delivery tracking transparency and support agent empowerment to handle prolonged delays and unexpected cancellations more effectively.,0.9,
413,"Good offers and coupons, easy to use",5,2021-08-24 08:39:15,positive,,,Pricing & Offers,low,,,unknown,,Enhance promotional offerings and UI simplicity to drive continued user engagement and conversion.,0.95,
414,"Hello ! I've been using this app for munch time. Last year it was my frnd's bday ,so I had to change to another number. Later I forgot to change to my number . Now if I trying to edit my number , it's showing that number used atleast 6months. Now afternoon six months , if am trying to change , it's now. And also logging with another email. It's showing two many attempts try via calling. If calling , not able to access calling. I even email to customer service. But there's no response.",2,2021-12-31 12:55:08,negative,"Unable to update phone number due to a 6-month restriction, locked out due to too many login attempts, and unresponsive customer support via email and phone verification.",Provide an alternative account recovery or verification method when phone number updates are blocked and voice OTP fails.,Account/Login,high,long-term user,,unknown,,Improve account recovery workflows and provide self-service tools for updating registered phone numbers without arbitrary cooldown locks.,0.88,
415,Wrost customer service never helpfull no options for customer,1,2021-10-24 16:46:04,negative,Customer support is unhelpful and lacks accessible options to contact them,Provide more accessible and responsive customer support options,Customer Support,high,,,unknown,,Overhaul the customer support infrastructure to provide accessible contact channels and more effective resolution options.,0.85,
416,Good interface and delivery but the offers should be same on all restaurants..swiggy has numerous offers which do not match every restaurant so ordering from the desired restaurant on reasonable proce becomes difficult..,4,2019-12-27 16:37:26,positive,Inconsistent offers across restaurants make it difficult to order desired food at a reasonable price,Apply promotional offers uniformly across all restaurants on the platform,Pricing & Offers,low,,,unknown,,Introduce universal promotional discounts or transparent pricing options to improve perceived value across all restaurant partners.,0.9,
417,It does not show my address and cannot be signed. If I enter my email ID and password it showed error,1,2019-07-14 04:52:15,negative,"The app fails to display user addresses, and login fails with an error when using email and password.",,Account/Login,critical,,,unknown,,Enhance authentication reliability and address-fetching mechanisms to prevent login failures and location loading issues.,0.95,
418,Worst experience if the delievery partner is not in the location then why do you accept the orders and make us to wait and if we do any online payment money also returns very late,1,2020-11-09 18:33:23,negative,"Orders are accepted when delivery partners are unavailable causing long wait times, and online payment refunds are processed very slowly.",Implement real-time delivery partner availability checks before accepting orders and automate faster online refund processing.,Delivery Time,high,,,unknown,,Enhance order dispatch logic to verify delivery partner availability prior to confirmation and streamline automated refund processing to reduce turnaround time for failed or delayed orders.,0.9,
419,For a bad food no refund. Also no such a good executive experience. Missing food in order and they denied to refund amount.,1,2022-06-22 14:16:41,negative,"Received poor quality food, missing items in the order, poor customer support experience, and refund was denied for the missing and bad food.",Implement an automated and hassle-free refund process for missing or poor quality items.,Refunds & Payments,high,,,unknown,,Streamline the dispute resolution and refund verification workflow for missing or substandard orders to improve customer trust.,0.92,
420,"Nice, got 50% discount on my first order¡ yupeeee",5,2019-08-25 12:26:47,positive,,,Pricing & Offers,low,new user,,unknown,,Leverage targeted promotional offers and first-time discounts effectively to drive successful new user acquisition and activation.,0.98,
421,Swiggy instamart is the worst app. Today I ordered wafers from instamart that came in a sealed pack and I found worms in it... like how old would that have been to have actual worms in it and the expiry date was like December 22.....these people are giving us old products with a new package...they are the worst and I would not recommend it to anyone who wants to experience what I feel and to let these people play with your health.,1,2022-05-02 16:44:51,negative,"Received sealed pack of wafers with worms from Instamart despite a valid expiry date, indicating old products being sold with new packaging.",,Instamart,critical,Instamart user,,unknown,,Enhance quality control and vendor auditing processes for Instamart inventory to prevent expired or contaminated goods from reaching customers.,0.95,
422,"If the consumer cancels the order then it is charged by you but when this happens from your side then it is your responsibility because we have ordered through your app and not directly from the restaurant so if there is any problem then its The responsibility will be yours, you cannot deny it. When the order cancellation call came from your side, you were asked to give the coupon along with it, later that too was not added.",1,2021-07-02 08:27:44,negative,Swiggy cancelled the order on their end but failed to provide the promised compensation coupon.,Automated crediting of compensation coupons when Swiggy initiates order cancellations.,Refunds & Payments,medium,,,unknown,,Implement automated voucher crediting and clear accountability workflows for platform-initiated order cancellations to maintain user trust.,0.88,
423,This app is good for me till date but still it is four star deserving because somewhere it is not satisfying It sometimes have something less in order which is not satisfying at some point,4,2019-09-04 16:29:38,mixed,Occasionally receiving incomplete orders with missing items.,Implement better order verification before dispatch to ensure all items are included.,Order Accuracy,medium,,,unknown,,Enhance packer and restaurant-side item verification checklists to reduce instances of missing items in deliveries.,0.85,
424,They delivered bad quality products but didn't even help me to solve issue and didn't refund me the amount what i paid ok DONT INSTALL THIS APP THEY DONT DELIVERS VERY BAD QUALITY PRODUCTS AND THEY ARE FAKE,1,2022-10-24 11:18:36,negative,"Delivered bad quality products, refused to provide support, and denied a refund",,Restaurant Quality,high,,,unknown,,Enhance quality control measures for partner merchants and streamline the refund process for unsatisfactory orders to rebuild customer trust.,0.9,
425,sometimes it takes too long to deliver,4,2019-08-15 05:49:26,neutral,Delivery occasionally takes too long.,,Delivery Time,low,,,unknown,,Enhance real-time traffic and delivery routing algorithms to improve consistency and reduce outlier delivery times.,0.9,
426,Taste is very spicy on time delivered Good communication thank you,5,2022-04-04 03:09:47,positive,The food was very spicy.,,Restaurant Quality,low,,,unknown,,Introduce granular dish spice-level preference filters to help users customize restaurant food to their taste.,0.85,
427,Rates card giving increase and adding extra money,4,2020-07-16 10:36:16,neutral,Rates increased and extra money is being added to the bill,,Pricing & Offers,low,,,unknown,,Provide greater pricing transparency by clearly itemizing all added charges before checkout to avoid user confusion.,0.65,
428,"Incorrect tracking map, And order delay must be compensated",3,2021-07-11 16:38:44,negative,The tracking map was incorrect and the order was delayed.,Provide compensation for order delays,Delivery Time,medium,,,unknown,,Enhance real-time map tracking accuracy and implement an automated delay compensation policy to retain customer trust.,0.85,
429,Order processing was really delayed and took too much time and the et was always showing way less time than it took. I ordered somethin and it took 2 hours instead for 42 min that the timer was showing.,2,2023-05-14 17:50:26,negative,The delivery took significantly longer than the estimated time shown on the app timer.,Improve delivery ETA accuracy so the timer matches actual delivery time.,Delivery Time,medium,,,unknown,,Enhance delivery time estimation algorithms by incorporating real-time traffic and historical data to improve ETA accuracy.,0.95,
430,His very usefull so nice delivery,4,2019-09-19 14:49:23,positive,,,Delivery Partner Behavior,low,,,unknown,,Leverage positive delivery experiences to encourage user retention and feedback engagement.,0.85,
431,VERY LATE DELIVERY. IT MAY TAKE 1 HOUR OR MORE TO DELIVER SMALL ITEM WITHIN 500MTS. ITS BETTER TO SWITCH TO ZOMATO.,1,2019-09-23 16:33:11,negative,Extremely slow delivery times for short distances,,Delivery Time,high,,Zomato,high,ITS BETTER TO SWITCH TO ZOMATO,Optimize short-distance batching and routing algorithms to reduce hyper-local delivery times.,0.95,
432,Its very fine to interact with said food corner,5,2020-03-06 13:27:29,positive,,,Restaurant Quality,low,,,unknown,,Maintain strong restaurant partnerships and ensure smooth communication channels between customers and food vendors.,0.7,
433,Instamart experience Why cant I opt for cash on delivery? Used to able to for the first 3 weeks... why remove the one good feature?,3,2022-04-25 09:42:41,negative,Inability to use Cash on Delivery for Instamart orders after it was previously available,Restore Cash on Delivery payment option for Instamart orders,Refunds & Payments,medium,Instamart user,,unknown,,Provide greater transparency and consistency regarding payment method availability across user segments.,0.9,
434,Never got my food on time...its more than 2hrs but i didn't get my order yet....worst delivery service,1,2021-01-18 14:55:36,negative,Order was delayed by more than 2 hours and never delivered,,Delivery Time,high,,,unknown,,Enhance real-time delivery tracking and proactive notification systems to manage severe delivery delays and improve customer trust.,0.95,
435,Excellent. When I was Delhi for my work I enjoyed swiggy. I got boiling food from hornbill which was ausom.,5,2019-03-23 11:58:07,positive,,,Restaurant Quality,low,,,unknown,,Leverage cross-city dining satisfaction to encourage repeat app usage among travelers and visitors.,0.9,
436,Best offers and good service,5,2020-01-26 08:51:55,positive,,,Pricing & Offers,low,,,unknown,,Enhance promotional offerings and service consistency to drive user engagement and loyalty.,0.95,
437,Sometime its not original taste which we get actual in restorunt.,3,2019-10-04 15:11:05,neutral,The delivered food does not taste the same as the original restaurant taste.,,Restaurant Quality,low,,,unknown,,Implement quality assurance feedback loops with partner restaurants to ensure taste consistency between dine-in and delivery orders.,0.85,
438,Price and delivery charges are too High .. Price variations noticed with high than restaurant .. lot more charges are charged to deliver an food item to customer than other online food delivery providers,2,2021-01-10 08:02:04,negative,"High prices, excessive delivery charges, and inflated item prices compared to restaurant menus",Transparent pricing model showing item price breakdowns and competitive delivery fees,Pricing & Offers,medium,,other online food delivery providers,unknown,,Introduce price transparency features and competitive delivery fee structuring to improve value perception against market alternatives.,0.92,
439,COMPARE THE RATES WITH UBER EATS. THIS CHEATERS ARE TOTALLY FRAUDSTER. 30 RS OF DELIVERY + BAD WEATHER CHARGE ? WHAT THE HELL YOU IDIOTS.,1,2019-08-31 03:47:18,negative,Excessive and hidden fees including delivery charges and bad weather charges,Provide transparent fee breakdowns and competitive pricing compared to other services,Pricing & Offers,medium,,Uber Eats,unknown,,Enhance fee transparency and review pricing strategy to remain competitive against market alternatives.,0.85,medium
440,"Damn! Not getting the otp. Tried resending, reinstalling the app, granting access to all permissions many times. Do something. Not even workong on browser.",5,2022-05-16 16:22:50,negative,"Unable to receive OTP to log in or use the app, and it does not work on the browser either.",Improve alternative login methods when OTP delivery fails,Account/Login,critical,,,unknown,,Implement robust fallback authentication mechanisms to prevent complete user lockouts when SMS OTP delivery fails.,0.95,
441,worst company to order food. you will get food not less then 1 hr. That to stale food. worst experience always,1,2019-04-24 17:13:40,negative,Consistently late deliveries taking over an hour and receiving stale food,Implement stricter quality control checks on restaurant food freshness and more accurate delivery ETAs,Restaurant Quality,high,long-term user,,unknown,,Improve restaurant quality vetting and delivery speed reliability to rebuild trust among frequently dissatisfied users.,0.85,
442,This is the worst app...and the poorest delivery service as the delivery boy is roaming in the opposite direction of my delivery location even after picking my order from the restaurant,1,2020-03-20 19:44:16,negative,"Delivery partner was roaming in the opposite direction after picking up the order, causing delays.",Provide real-time anomaly alerts for delivery partners moving away from the destination,Delivery Partner Behavior,high,,,unknown,,Enhance live tracking and routing algorithms to detect and correct anomalous delivery partner movements instantly.,0.88,
443,too much options to add calories,4,2020-03-24 18:52:24,positive,,,Pricing & Offers,low,,,unknown,,Provide intuitive nutritional tracking tools or calorie filters to help health-conscious users navigate menu options more easily.,0.6,
444,Not receiving proper response once the order get delayed.,1,2021-11-30 18:26:31,negative,Poor customer support response when an order is delayed,Provide proactive and responsive customer support updates during order delays,Customer Support,medium,,,unknown,,Enhance real-time customer communication and automated support workflows during delivery delays to improve user reassurance.,0.85,
445,i have an great exp with this app. food quality is also good i am very happy by service,4,2019-02-27 16:33:41,positive,,,Restaurant Quality,low,,,unknown,,Maintain high standards for food quality and delivery service to ensure continued positive customer engagement.,0.95,
446,Delivery charge is too costly even if the restaurant is within 1km - 3km. Taxes amount is too high and no offer is given and not giving coupons also.... Worst...,1,2022-06-26 14:58:37,negative,"Excessive delivery charges, high taxes, and lack of coupons or offers for nearby restaurants.",Provide reasonable delivery fees and targeted coupons for nearby restaurant orders.,Pricing & Offers,medium,,,unknown,,Introduce dynamic pricing tiers based on delivery distance and personalized promotional offers to improve perceived value for short-distance orders.,0.95,
447,"Please enble order track sharing option, we are unable to send to other person to track the order",2,2020-09-04 08:37:54,negative,Unable to share the order tracking link with another person,Add a live order tracking share option for other people,App Bugs/UX,low,,,unknown,,Introduce a live tracking share feature to improve collaboration and visibility for users ordering on behalf of others.,0.95,
448,please add a halal category. ..resutarants that only serve halal food.,4,2019-10-20 09:21:25,positive,,add a dedicated halal food category for restaurants that exclusively serve halal food,Restaurant Quality,low,,,unknown,,Introduce dietary and religious preference filters to help users easily discover specialized food categories like halal options.,0.95,
449,"Extremely pathetic service😡. The helpdesk doesn't have basic manners to talk with a customer. 🤨 they informed me 1 hour after placing an order that it can't be delivered to the expected spot due to long distance. Then why the hell did they accept the order in the first place? On top of all, the customer care person said cancellation charges will be levied. But since the cancellation was from their end, why to bear these charges? To this the person replied arrogantly that he'll deduct it.",1,2020-02-14 07:28:33,negative,"Order cancelled after a long delay due to distance, and customer support was rude and threatened to levy unfair cancellation charges.",Implement checks to prevent accepting orders outside the deliverable distance and ensure customer support agents are properly trained in professional conduct.,Customer Support,high,,,unknown,,Improve service reliability by validating delivery radius at checkout and enhancing customer support training to handle order cancellations fairly and professionally.,0.92,
450,"Why do you guys have stopped instamart service in my location, pin 700049? It was really helpful. Kindly reduce your delivery charges. It's just way too much.",3,2023-01-27 04:54:04,neutral,Instamart service is unavailable in the user's location (PIN 700049) and delivery charges are too high,Reduce delivery charges and expand Instamart service to PIN 700049,Pricing & Offers,medium,Instamart user,,unknown,,Optimize delivery fee tiers to improve perceived value and provide transparent service availability notifications for uncovered locations.,0.9,
451,Pathetic customer service... There app is faulty and you r3ceive something else other than what you ordered and the there custome care number is incorrwct amf also the chat wait time is infinite.... and no refunda evwm after thw food is spilled. Worst food delivery,1,2019-03-02 11:51:22,negative,"Faulty app causing incorrect items, incorrect customer care number, infinite chat wait time, and refusal of refunds for spilled food.",Improve customer support accessibility and reliability of the refund process for damaged items.,Customer Support,critical,,,unknown,,Enhance customer support channels and automated refund workflows to efficiently handle order discrepancies and delivery mishaps.,0.92,
452,"Online food charges of the restaurants are almost 30%more than their offline charges and swiggy do not intervene in this issue. And it does not include the tax and delivery charges. Never knew this and I have been using it for long. Otherwise, swiggy has been convenient in every other way.",4,2020-12-08 04:42:30,mixed,"Restaurant online menu prices on Swiggy are significantly higher (30%) than offline prices, excluding taxes and delivery charges, without intervention from Swiggy.",Show a price comparison or transparency indicator regarding offline vs online restaurant pricing.,Pricing & Offers,medium,long-term user,,unknown,,Improve pricing transparency between offline and online menus to help users make more informed purchasing decisions and maintain trust.,0.9,
453,"Recently the listed restaurants have been very poor and the chat section does not let you chat with any agents. Swiggy you better resolve these issues. FYI, PROVIDED EMAIL IN REPLY TO THIS REVIEW DOES NOT WORK. DO NOT TRY AND REACH. THIS IS COMPANY WHERE THEY ONLY THINK OF LOSS NOT FOOD QUALITY OR CUSTOMER SERVICE.",1,2023-06-09 01:15:06,negative,Poor listed restaurant options and broken customer support chat functionality,,Customer Support,high,,,unknown,,Enhance customer support accessibility and improve restaurant curation standards to rebuild user trust.,0.9,
454,This is a very disappointing experience me and my family had on NEW year's eve. We order biryani from Biryani Blues to which I paid in advance.This was not delivered and the delivery executive called us stating that he had an accident and food got spilled.And the app updated that our order was delivered.The executive on call and chat were of no help.I would like to give a negative rating if possible,3,2021-04-13 13:24:18,negative,"Order was not delivered due to a delivery partner accident, but the app incorrectly marked it as delivered, and customer support was unhelpful.",Improve order status accuracy when delivery exceptions occur and provide more helpful customer support for handling accidents and spills.,Refunds & Payments,high,,,unknown,,Implement automated refund workflows and exception handling for orders affected by delivery accidents to prevent inaccurate delivery status updates and support failures.,0.9,
455,Genie service is really extraordinary and I am so privileged to recommend this service to all. Kudos to swiggy,5,2021-08-01 07:06:59,positive,,,Other,low,,,unknown,,Leverage positive user advocacy and word-of-mouth marketing for the Genie service to drive user acquisition and engagement.,0.95,
456,Various options with good offers.,5,2019-08-27 08:28:02,positive,,,Pricing & Offers,low,,,unknown,,Enhance promotional campaigns and restaurant variety to maintain high user engagement and satisfaction.,0.95,
457,they stop delivering at previous location,1,2022-11-17 18:11:08,negative,Swiggy has stopped delivering to the user's previous location.,Expand delivery radius or update serviceable location boundaries for the user's area,App Bugs/UX,medium,,,unknown,,Improve service area transparency and location coverage checks to clearly communicate deliverability changes to users.,0.75,
458,superb service nice one here with free delivery,5,2021-03-17 08:26:00,positive,,,Pricing & Offers,low,,,unknown,,Leverage promotional free delivery campaigns to attract and retain satisfied users.,0.9,
459,Love this app.. Thanks for satisfying my hunger at any time.... ❤,5,2021-10-31 14:32:38,positive,,,Other,low,,,unknown,,Leverage high customer satisfaction and reliable 24/7 service perception to encourage habit formation and frequency of orders.,0.95,
460,Swiggy I had very bad experience is not like previous I don't recommend anyhow.,1,2023-07-13 06:22:37,negative,Overall decline in service quality compared to previous experiences,,Other,medium,long-term user,,high,I don't recommend anyhow,Implement proactive customer feedback loops to identify and recover long-term users experiencing declining service quality.,0.8,
461,"Really bad experience that caused swiggy anyway cheated me thrice,my bad i shouldn't have trust you guys bunch of idiotic hotel guys and management of network after applying the coupon amount 46 rupees was excated to 199 in net banking.Hold of corporate giants common people as me is been affected by this.pity on you,u will never end well.",1,2020-03-02 14:57:47,negative,Coupon applied correctly in app but higher amount (199 instead of 46) was deducted via net banking.,Ensure real-time billing accuracy and explicit confirmation of final payable amounts before net banking redirection.,Refunds & Payments,critical,,,unknown,,Implement robust transaction reconciliation between payment gateways and app checkout to prevent unexpected overcharges during coupon application.,0.85,
462,I am swiggy super user... But these people have no eticates to how to treat their customers complains Their one delivery person misbehaved with my mother over change.. Today delivery boy refuse to deliver food and cancelled my order wanted me to go down three floors to pick up my parcels.. This is the kind of service.. Wow three slow claps,1,2020-01-09 10:22:43,negative,"Delivery partner misbehaved with the user's mother and refused to bring the order to the door, forcing the user to go downstairs and then cancelling the order.",Provide an in-app reporting mechanism for delivery partner harassment and strict enforcement of door-step delivery policies.,Delivery Partner Behavior,high,long-term user,,unknown,,"Enhance delivery partner training, accountability, and safety protocols to prevent rude behavior and ensure doorstep delivery compliance.",0.95,
463,swiggy is worst on the earth bloody idiot swiggy i think other food delivery apps are too better than these,1,2019-02-23 03:18:03,negative,Deep dissatisfaction with the overall service compared to competitors,,Other,medium,,other food delivery apps,low,,Enhance overall service quality and value proposition to compete more effectively with alternative food delivery platforms.,0.7,
464,Are you guys are normal this is the 4th time in 15 days the app is asking for update.and also the app is getting very slow day by day ill rates this app 2 out of 5.,2,2020-05-24 13:59:56,negative,Frequent forced app updates and progressively slower app performance,Improve app performance and stability to reduce frequent update prompts and lag,App Bugs/UX,medium,,,unknown,,Optimize app performance and streamline the update process to prevent user frustration caused by frequent interruptions and lag.,0.9,
465,Mostly don't have delivery man always get order late,1,2021-10-19 18:36:42,negative,Orders are consistently delivered late due to a lack of available delivery partners.,Improve delivery partner capacity planning to ensure timely deliveries.,Delivery Time,high,,,unknown,,Optimize delivery fleet allocation and predictive dispatching during peak hours to improve delivery reliability.,0.85,
466,Worrest app guys. I guess better to change other apps like zomato etc. Because I taken subscription for 1 month with bite plan. Money also I paid. Suddenly with out information they changed the plan. Im asks them why you doing like this... They said this plan more benefits. How can they judge my intrest. Im interested to take one plan. It have to continue until my expired. Worrest guys don't trust this app. Guys don't place order on swiggy....worrest delivery food spoil and worrest.,1,2023-05-15 16:25:31,negative,"Swiggy unilaterally changed the user's active subscription plan without permission, and a food delivery arrived spoiled.",Provide user consent or notification before making any changes to active subscription plans.,Pricing & Offers,high,,Zomato,high,better to change other apps like zomato etc,Improve subscription management transparency and prevent unilateral plan modifications to retain subscriber trust.,0.88,
467,Pathetic app..unable to download getting error and unable take screenshot also,1,2023-04-05 19:46:59,negative,"Unable to download the app due to an error, and unable to take a screenshot of the issue.",,App Bugs/UX,medium,,,unknown,,Improve download stability and error handling for users attempting to install the application.,0.9,
468,"Wrong delivery time, food gets way expensive with swiggy specific pricing + delivery cost on top + taxes... in nutshell misrepresentation...",2,2023-05-13 04:53:59,negative,"Inaccurate delivery time and high overall cost due to combined platform pricing, delivery fees, and taxes.",,Pricing & Offers,medium,,,unknown,,"Provide greater price transparency by displaying all taxes, delivery fees, and platform-specific markups upfront before checkout.",0.85,
469,Very difficult to find items,1,2019-10-19 12:05:53,negative,Difficulty in finding desired items within the app,Improve search functionality and navigation to make item discovery easier,App Bugs/UX,medium,,,unknown,,Enhance search algorithms and UI navigation to streamline the item discovery process and reduce user friction.,0.85,
470,Upi payement is not working inspite of having decent net connectivity,2,2020-01-13 07:15:58,negative,UPI payment fails despite good internet connectivity,,Refunds & Payments,medium,,,unknown,,Enhance payment gateway reliability and fallback mechanisms to reduce UPI transaction failures during checkout.,0.95,
471,"worst service experience, i ordered twice using this app and both the times, they made me wait for my food for 2 hrs. and never delivered.",1,2019-04-09 18:12:05,negative,Orders were delayed by 2 hours and ultimately never delivered on two separate occasions.,Implement real-time proactive alerts and reliable ETA updates for critically delayed orders.,Delivery Time,high,,,unknown,,Enhance delivery tracking reliability and proactive exception handling to prevent prolonged delays and complete order non-fulfillment.,0.9,
472,Horrible horrible horrible ppl no manager around for anything. I have been using swiggy for a long time but seriously j think zomato is a better option. Horrible delivery ppl horrible service,1,2022-02-11 15:12:17,negative,Poor overall service and lack of management support from customer care.,,Customer Support,high,long-term user,Zomato,high,i think zomato is a better option,Enhance customer service escalation pathways and rider training to retain loyal users considering competitors.,0.9,
473,"Exhorbitant charges, dekayed delivery due to combining more than one order. But delivery charges collected from two parties. Items like soup comes in cold condition. Poor service",2,2023-04-15 12:41:20,negative,Exorbitant delivery charges for combined orders where food arrives cold due to delays.,Transparent pricing for batched orders and better insulation for delivery bags to keep food warm.,Pricing & Offers,medium,,,unknown,,Optimize delivery batching algorithms to prevent temperature degradation and introduce fairer delivery pricing for combined trips.,0.9,
474,Address is showing changed but not yet updated n deleved on past address while u choosing other.,3,2020-01-23 05:03:19,negative,The app showed a changed address but still delivered the order to the previous address.,Improve address update synchronization during the checkout and delivery assignment process.,App Bugs/UX,medium,,,unknown,,Enhance address management workflows and real-time synchronization to prevent delivery errors caused by outdated location data.,0.85,
475,best app get more discount on food,5,2023-01-26 15:51:48,positive,,,Pricing & Offers,low,,,unknown,,Introduce targeted promotional offers and personalized discounts to maintain high user engagement and satisfaction.,0.9,
476,"Horrific experience from their end, they have no control on delivery people or restaurants and thus orders are coming in hours after placing the orders. You will going to loose your money and will not get any food too, so dont go with this app.",1,2020-01-28 17:27:40,negative,Severe delivery delays resulting in hours of waiting and missing food/money.,Implement better tracking and control mechanisms for delivery partners and restaurants.,Delivery Time,critical,,,high,dont go with this app,Enhance restaurant and delivery partner management systems to drastically reduce severe delays and prevent order failures.,0.92,
477,this is worest app for customers there is no complaind and what action taken on at yoir end totally useless app if no urgew,1,2020-01-13 14:37:59,negative,Lack of transparency and feedback loop regarding customer complaints and actions taken by the company,Provide a complaint tracking feature showing actions taken by Swiggy,Customer Support,medium,,,unknown,,Introduce a transparent complaint tracking dashboard to keep users informed about the resolution status of their reported issues.,0.75,
478,"Today I ordered on the same address on which injse to order for past 4 months and this delivery guy was unable to find the location. He couldn't even see a huge board with out society name. I waited for above an hour for my order. We had a little quarrel regarding the location but no abusive language or high pitch was used. He entered my society, complain that my address was wrong and I was charged with cancellation fee. They didn't even gave me my order.",1,2019-12-24 18:13:22,negative,"Delivery partner failed to find the location, caused a long delay, and the user was charged a cancellation fee without receiving their order.",Improve delivery partner location-finding tools and implement dispute resolution for incorrect cancellation fees.,Delivery Partner Behavior,critical,long-term user,,unknown,,Enhance delivery partner mapping accuracy and streamline the cancellation fee appeal process when orders fail due to location disputes.,0.92,
479,"Pathetic Service from Swiggy, missing items, late delivery, sometimes entire order is misplaced this is what I can see from Swiggy nowadays... The customer care response to the queries are unbelievable. Look you guys are not doing any charity here, it's a business you are running don't bring corona as a reason for every damm mistake you guys do. If you can't run the business just close it...",1,2021-05-16 04:56:21,negative,"Missing items, late delivery, misplaced orders, and poor customer support response",,Order Accuracy,high,,,unknown,,Enhance end-to-end order verification processes at restaurants and delivery hubs to prevent missing and misplaced items while improving support accountability.,0.85,
480,Fast in search of restaurants & recipes....,4,2021-01-06 15:41:26,positive,,,App Bugs/UX,low,,,unknown,,Enhance search and discovery algorithms to maintain fast and accurate restaurant and recipe results for users.,0.9,
481,"For famished stomachs, the best possible way to ensure early provision for food is through Swiggy. Does anything more needs to be said? Indeed not.",5,2023-04-24 18:10:53,positive,,,Delivery Time,low,,,unknown,,Leverage customer perception of fast delivery reliability as a key marketing and positioning pillar for food delivery services.,0.9,
482,"There's a few hiccups, but I've used Swiggy a lot and it's generally great.",4,2022-05-08 14:51:10,positive,,,Other,low,long-term user,,unknown,,Address minor app friction points to enhance the overall user experience for loyal customers.,0.95,
483,Very bad experience.. I have ordered food many time and every time I'm disappointed.,1,2018-10-18 20:06:27,negative,Consistently disappointing food delivery experiences over multiple orders,,Other,medium,long-term user,,unknown,,Implement proactive customer feedback loops and service recovery workflows for repeat customers experiencing recurring dissatisfaction.,0.8,
484,"I ordered matar pulav by applying coupon code, and discount applied and show less amount. then there is option proceed to pay, i selected pay option as per the discount coupon mentioned. then discount amount is added to the actual amount. Food quality is very bad uncooked. I have food poisoning. Never order for swiggy. I have not received refund, when i check with customer care they are saying you have not applied coupon Customer Care service",1,2022-07-27 12:36:49,negative,"Coupon discount was not applied correctly during payment, food was uncooked causing food poisoning, refund was denied by customer support claiming the coupon was not applied.",Ensure coupon discounts correctly persist through the final payment screen and improve customer support training for handling discount disputes.,Refunds & Payments,critical,,,high,Never order for swiggy,Integrate a unified checkout system that guarantees coupon discount consistency from application to final payment and streamline support workflows for payment discrepancies.,0.95,
485,Groceries should be added. ...and more restaurants too,4,2021-05-22 09:29:09,positive,,Add more grocery options and a wider selection of restaurants,Pricing & Offers,low,,,unknown,,Expand inventory and restaurant partnerships to increase catalog breadth and capture broader user demand.,0.85,
486,"Delicious food as compared to uber or zomato , uber food quality is as worst as they serve people at greater discount .",4,2019-02-28 09:18:22,positive,,,Restaurant Quality,low,,Uber and Zomato,unknown,,Leverage superior perceived food quality compared to competitors to drive brand preference and loyalty campaigns.,0.85,
487,"Horrible experience wiith swiggy.. i have given my complete address than also delivery partner telling me that he has come on my location, although i have not set any location. And he was behaving very rude. Never order from swiggy. Zomato is better than swiggy.",1,2021-01-20 16:13:25,negative,"The delivery partner behaved rudely and could not find the location despite the complete address being provided, relying on location settings instead.",Improve delivery partner location sharing and address verification tools to prevent routing errors.,Delivery Partner Behavior,high,,Zomato,high,Never order from swiggy,Enhance delivery partner navigation and address-matching protocols while providing behavior training to improve rider professionalism and prevent delivery failures.,0.95,
488,Costmer support is worst. They told me will cancel ur order n in 2 hrs will refund ur money. But they didnt give refund. Still.waiting....,1,2021-07-20 17:09:33,negative,"Customer support cancelled the order promising a refund within 2 hours, but the refund was never issued and the user is still waiting.",Provide automated refund tracking and status updates within the app.,Refunds & Payments,high,,,unknown,,Implement automated refund processing and a transparent tracking dashboard to reduce customer anxiety and support overhead after order cancellations.,0.95,
489,Live location is not working properly and food was dilevered cold,2,2019-09-04 09:03:13,negative,The live tracking location is inaccurate and the food was delivered cold.,Improve real-time GPS tracking accuracy and thermal packaging to ensure food remains warm during delivery.,App Bugs/UX,medium,,,unknown,,Enhance map integration and rider tracking capabilities while optimizing delivery batching to ensure food freshness and temperature upon arrival.,0.9,
490,Packing was torn at time of delivery. Half filled bottles ware delivered. Since it was prepaid he denied to replace it. Support team did not initiated my order replacement. Nor complete refund.,1,2022-11-17 13:02:46,negative,"Damaged packaging, tampered or half-filled items delivered, and customer support refused replacement or refund for a prepaid order",Require delivery partners to facilitate instant replacements or refunds for damaged prepaid items upon delivery,Restaurant Quality,high,,,unknown,,"Implement a streamlined, automated quality-check verification and immediate refund/replacement protocol for damaged or tampered deliveries to rebuild customer trust.",0.92,
491,It was real fast and smooth,5,2019-10-06 13:55:26,positive,,,Other,low,,,unknown,,Maintain and highlight the fast and smooth user experience to drive positive satisfaction and engagement.,0.85,
492,"Delivered food was not good at all, like chicken wings didn't cook and had to throw out, we never order this food again.",1,2019-12-17 15:19:15,negative,"The chicken wings delivered were undercooked and inedible, resulting in wasted food.",,Restaurant Quality,medium,,,low,we never order this food again,Implement stricter restaurant quality control checks and an easier refund workflow for spoiled or poorly cooked food items.,0.9,
493,Nice app for ordering food when I am hungry I will be ordering food in this app only this app will never hang all members should download this app who don't cooking,5,2021-03-31 15:04:07,positive,,,App Bugs/UX,low,,,unknown,,Highlight app performance and reliability features to reinforce user trust and retention for non-cooks.,0.9,
494,Overcharges on everything. Local delivery systems is better.,1,2023-03-06 10:09:02,negative,Swiggy is overcharging for items and services compared to local delivery systems.,Transparent pricing structure or better price matching with local options,Pricing & Offers,medium,,local delivery systems,low,Local delivery systems is better.,Introduce transparent pricing breakdowns and competitive fee structures to rebuild user trust against local alternatives.,0.85,
495,Very very bad experience Order delivery take lang time,1,2020-09-29 09:46:12,negative,The food delivery took a long time to arrive.,,Delivery Time,medium,,,unknown,,Enhance real-time order tracking and route optimization to minimize delays and improve ETA reliability.,0.85,
496,Swiggy isn't working in Bhubaneswar from last one week. The restaurants shown on app are only 2 . Ridiculous!!!,1,2021-02-11 07:17:05,negative,Swiggy is not working properly in Bhubaneswar for the last week and is only showing two restaurants.,Improve restaurant availability and location-based service mapping for Bhubaneswar,App Bugs/UX,high,,,unknown,,Enhance regional reliability monitoring and restaurant catalog sync to prevent service outages in smaller or expanding markets.,0.85,
497,I give 4star cuz this app gives only one offer kindly change your offers sometimes,4,2019-10-14 13:26:12,positive,Limited variety of offers provided by the app,Rotate or change offers more frequently,Pricing & Offers,low,,,unknown,,Introduce a rotating promotional campaign system to keep users engaged with fresh and varied discounts.,0.9,
498,"i was using this app from so long ,every time when i use to order they always have some issues.they never deliver order without problems, this app always charged over price than restaurant after that gst and other taxes they applied and that's ok ,then they took a good amount of delivery charges,if as a coustomer I'm paying that much money then i expect on time delivery with good quality food ,this app never ensure food quality then why charged extra money for all this?this is totally waste",1,2023-06-07 10:29:52,negative,"Consistently experiencing issues with every order, high pricing including delivery charges and taxes, and poor food quality despite paying extra.",,Pricing & Offers,medium,long-term user,,unknown,,Enhance value perception and quality control mechanisms to justify delivery fees and surcharges for loyal customers.,0.85,
499,Good experience and fast service .thanks,5,2019-12-25 19:00:15,positive,,,Delivery Time,low,,,unknown,,Maintain consistent delivery speed and service reliability to retain positive customer sentiment.,0.98,
500,No information about the update but we have to updat blindly.,1,2020-08-22 06:45:37,negative,Forced to update the app blindly without any release notes or information about the update,Provide clear release notes or update descriptions before forcing an app update,App Bugs/UX,low,,,unknown,,Improve communication transparency during app updates by providing detailed changelogs and release notes.,0.85,
501,just placed my second order and so far i hv received very good service,5,2019-08-20 15:41:03,positive,,,Other,low,new user,,unknown,,Maintain consistent service quality for early-stage users to drive long-term retention and engagement.,0.9,
502,Poor food. Poor services. Poor customer service.,1,2023-02-21 18:46:32,negative,"Poor food quality, poor delivery service, and poor customer service.",,Restaurant Quality,medium,,,unknown,,Enhance quality assurance measures for partner restaurants and implement comprehensive agent training for customer support to address multi-service dissatisfaction.,0.85,
503,I m ordering food regularly but I m not getting any benefit you are not giving any discounts and one thing more on mistake of your delivery boy y you all block cod if we emergency then it's good but not providing good services on daily ordering,2,2019-10-01 08:33:30,negative,Lack of discounts for regular users and unwarranted COD (Cash on Delivery) block due to a delivery partner's mistake.,"Loyalty rewards or regular discounts for frequent users, and a better appeals process for COD blocks.",Pricing & Offers,medium,long-term user,,unknown,,Develop a tiered loyalty program for frequent customers and streamline the review process for unjustified COD blocks to maintain user trust.,0.85,
504,To good app to food items but please some more restaurants,4,2019-05-11 12:50:56,positive,Limited restaurant selection in the app,Add more restaurants to the platform,Other,low,,,unknown,,Expand merchant onboarding and coverage in targeted areas to increase restaurant variety.,0.85,
505,Super cute but it's still have time⌚ for restaurant extra waiting on the way they are so many people who are you ready and I am so happy birthday thalapathy happy birthday party and I'm not sure what to expect you want your mom is it possible🙊 for restaurant extra waiting for restaurant extra money for a while since I've never been more than just got back and forth with my family and friends with my friends👭👬 are going through some time with my new favorite😍😍😍😍😍😍😍😍 color of the day is,5,2021-07-27 14:49:04,positive,,,Other,low,,,unknown,,Enhance text understanding in reviews to filter out incoherent gibberish and spam feedback.,0.35,
506,Nice Fast and secure delivery,5,2019-12-26 08:15:05,positive,,,Delivery Time,low,,,unknown,,"Maintain and highlight fast, reliable, and secure delivery performance to reinforce user trust and satisfaction.",0.95,
507,"Offers are not more, requested to introduce cards inbuilt offer without any further promotional code",4,2021-09-14 14:14:40,positive,Promotional offers require manual code entry instead of being built directly into payment cards.,Introduce automatic card-linked offers without the need for promotional codes.,Pricing & Offers,low,,,unknown,,Integrate automated card-based offers and discounts directly into the payment flow to streamline user savings.,0.9,
508,This people a cheaters. They never compensate for either quality of food or for the food delivered with less quantity. They always place all the conversation under investigation but never revert back a resolution. Even u send them the photos they wont consider. Its better to use zomato over seiggy atleast they consider your concern and either refud or replace the order.,1,2019-08-21 11:12:11,negative,"Customer support fails to provide resolution or compensation for poor food quality and quantity issues, and instead traps complaints in endless investigations.","Implement a transparent, proactive refund and replacement policy for poor food quality and quantity issues with responsive customer support.",Customer Support,high,,Zomato,high,Its better to use zomato over seiggy,Enhance customer support resolution workflows and evidence review processes to improve trust and prevent customer churn to competitors.,0.92,
509,Nice App Nice Offers. Variety foods,5,2019-12-07 09:04:32,positive,,,Pricing & Offers,low,,,unknown,,Expand restaurant variety and promotional offers to maintain high user engagement and satisfaction.,0.95,
510,"High quality service. I'm cutting 2 stars for a very specific reason. I think it's highly unethical for you to send multiple notifications throughout the day. Junk food can be addictive, and I feel that you perpetuate harmful consumption of the same via multiple nudges daily. One can always take responsibility and switch off the notifications, true. But I think Swiggy too should self reflect on the ethics of its marketing.",3,2023-03-19 15:46:33,mixed,Excessive and unethical marketing notifications promoting junk food daily,Reduce or ethics-based limit on daily promotional food notifications,App Bugs/UX,low,,,unknown,,Refine notification frequency caps and personalization algorithms to respect user well-being and reduce marketing fatigue.,0.88,
511,Very bad app always give wrong coupon which will not apply,1,2020-11-12 09:02:12,negative,Coupons provided by the app are frequently invalid or fail to apply correctly at checkout.,Improve coupon validation logic so that only working coupons are displayed and successfully applied.,Pricing & Offers,medium,,,unknown,,"Enhance promotional offer validation to ensure all displayed coupons apply reliably at checkout, improving user trust.",0.85,
512,"Worst customer support service, month ago I ordered from this app and made the payment and my order got cancelled automatically. Still haven't received my message whether I got my money back or not. Two days ago again ordered from this app and waiting for an hour I got the msg that the delivery partner has been reassigned and your order will be further delay. Totally fraud and pathetic app.",1,2021-03-23 08:01:10,negative,Orders getting cancelled or heavily delayed without clear communication and delayed or untracked refunds for cancelled orders.,Provide automated proactive notifications for refund statuses and clearer tracking when delivery partners are reassigned.,Customer Support,high,,,unknown,,"Improve communication transparency for order cancellations, delays, and automated refund tracking to rebuild customer trust.",0.9,
513,swiggy is bad experience . there is nothing beyond 1 star otherwise have given beyond negative. the swiggy have skipped my entire order and delivered only one item out of six. like waiting for 1.30 hours for nothing. and also there is no response from the swiggy executives. and now the order will be placed after 73 minutes.. Is there anyone to response .,1,2019-07-14 16:06:55,negative,"Order mostly missing with 5 out of 6 items not delivered after a 1.5-hour wait, followed by unresponsive customer support and a long reorder time.",Provide proactive order status updates and instant support resolution when items are missing.,Order Accuracy,high,,,unknown,,Improve real-time quality checks at dispatch and streamline live chat support to handle missing item complaints instantly.,0.92,
514,It's one of the super app that delivers food to the place We offered. it also shows every thing about quality of food,4,2021-09-16 18:26:36,positive,,,Restaurant Quality,low,,,unknown,,Enhance food quality transparency features to help users make more informed dining choices.,0.9,
515,it is very good to deliver from other store keep it up,5,2019-11-08 15:52:18,positive,,,Other,low,,,unknown,,Expand restaurant and store partnerships to provide more diverse delivery options.,0.8,
516,Good and better than other food delivery app,5,2021-11-06 07:57:02,positive,,,Other,low,,,unknown,,Leverage competitive advantages in user experience and service quality to drive user acquisition and retention.,0.85,
517,I have ask to serve less spicy food with the help of this app... but no response...👎very sad they have make my drn worst...😅😂😂😂😂 .. hope. .........this service will be corrected soon...,2,2019-10-30 07:04:40,negative,"Restaurant ignored custom cooking instructions for low spice, ruining the meal.",Implement a better system to ensure restaurants follow custom dietary and spice level instructions.,Restaurant Quality,low,,,unknown,,Enhance communication channels between customers and restaurants regarding custom preparation notes to improve order satisfaction.,0.85,
518,I order my first order today but I should have to pay cancelation fees for the three years back order how is that possible. When there was no cancelation policy before two years how it will be applied for three years back canceled order,1,2023-01-27 16:08:02,negative,Being charged historical cancellation fees for past orders from three years ago on a first-time order.,,Refunds & Payments,high,new user,,unknown,,Ensure payment and billing validation systems correctly assess active account penalties to prevent erroneous historical charges for new users.,0.85,
519,Better than zomato.... loved it.... keep swiggying everyone,5,2019-10-10 13:48:14,positive,,,Other,low,,zomato,unknown,,Leverage positive brand sentiment and competitive advantages to encourage continued user engagement and advocacy.,0.95,
520,"They say apply coupons, U get off, discount, blah blah. But, it's all a Lie",2,2020-02-02 11:08:25,negative,Coupons and discounts advertised by the app do not work as claimed,Ensure advertised coupons and discounts apply correctly at checkout,Pricing & Offers,medium,,,unknown,,Improve promotional transparency and coupon code validation accuracy to prevent user frustration.,0.88,
521,"accessible, convenient, user-friendly",5,2021-07-16 15:46:47,positive,,,App Bugs/UX,low,,,unknown,,Maintain high accessibility and smooth user experience as the app scales.,0.95,
522,I didn't receive the proper delivery. They missed one item in my order. Even they couldn't refund back for their defaults. They never give refund back for our missed delivery items. Worst experience and worst response. They cheated their customers. And I have a membership also. They are loyal to their customers.,1,2023-07-10 22:19:26,negative,Missing item in order and failure to provide a refund for the missing item,Automated and hassle-free refunds for missing or incorrect delivery items,Order Accuracy,high,long-term user,,unknown,,Streamline the missing item reporting and refund process to build trust and retain loyal members.,0.92,
523,It is a very gud app..reccomended to all the foodies best restraunts suggestion amazing offers...delievery in time...i loved this app👍🏻,5,2018-09-20 16:16:12,positive,,,Pricing & Offers,low,,,unknown,,Leverage positive user sentiment and recommendations to drive referral programs and viral acquisition loops.,0.95,
524,"They work like robots, don't use common sense while delivering order,they don't bother to call,just like machine rely on app location which is pathetic and reach there",1,2021-10-02 12:03:01,negative,Delivery partners rely blindly on inaccurate app location without using common sense or calling the customer.,Improve delivery partner navigation tools and mandate calls to customers when location is unclear.,Delivery Partner Behavior,medium,,,unknown,,Enhance delivery partner training and in-app navigation to ensure proactive communication and accurate drop-offs.,0.85,
525,Im not feeling hangry...im feeling hungry😂😂😂.. please correct it if u feel it necessary,1,2019-12-24 14:47:04,neutral,App typo or humorous phrasing issue ('hangry' vs 'hungry'),Correct the typo in the app text,App Bugs/UX,low,,,unknown,,Implement a routine copyediting review of app microcopy and messaging to catch minor phrasing errors.,0.85,
526,Recently they have made all complaints to mail and there is no call or chat option. Twice i got different food from what was ordered and both times i wanted to complain they send mail stating we will check and get back and never got back... its more than weeks now.. Was a very regular user of swiggy but not seeing the service given i am not gonna use this app again.,1,2022-03-26 14:36:12,negative,"Lack of direct call or chat support for complaints, unresolved wrong food delivery issues, and poor support follow-up via email",Restore live chat or phone call customer support options,Customer Support,high,long-term user,,high,not seeing the service given i am not gonna use this app again,Introduce accessible multi-channel customer support with reliable escalation and resolution tracking for order errors.,0.95,
527,Very bad app.wrost server,1,2018-12-08 06:34:17,negative,App server is performing poorly and is unreliable,,App Bugs/UX,medium,,,unknown,,Investigate and upgrade server infrastructure to improve app reliability and uptime.,0.8,
528,Not reliable after getting fame. Delivery boys are not trust worthy and customer care not giving solution.,1,2021-02-02 17:37:09,negative,Delivery partners are untrustworthy and customer support fails to provide solutions,,Delivery Partner Behavior,high,,,unknown,,Enhance delivery partner background verification and empower customer support agents with better authority to resolve trust and service failures quickly.,0.85,
529,Please sort out the map that locate the delivery agent!! It gets stuck and i think the agent has had an accident or hanging out with his friends or going through my food!! Suddenly the bell rings and it has arrived but the map say 20mins away!! I did call and ask where is my order once.. but the poor guy was outside!! This is a software backend issue that happens frequently and needs to be sorted out asap!!,2,2022-11-27 09:39:35,negative,"Delivery tracking map gets stuck, showing incorrect location and ETA while the delivery agent has already arrived",Improve real-time GPS tracking accuracy and map update reliability for delivery agents,App Bugs/UX,medium,,,unknown,,Enhance GPS tracking reliability and route synchronization to provide users with accurate real-time delivery agent locations and ETAs.,0.9,
530,App is good.. flaw in providing rating .. How many times do we give rating 1 delivery.. ?,3,2019-11-10 11:30:42,mixed,"The app prompts users to rate delivery multiple times, which is annoying.",Streamline or reduce redundant rating prompts for deliveries.,App Bugs/UX,low,,,unknown,,Optimize the post-order feedback loop to reduce notification fatigue and improve the rating UX.,0.85,
531,nice food at afordable prices but not so good delivery services always delay in delivery☺,2,2022-05-27 09:14:31,mixed,Delivery is always delayed,Improve delivery speed and reliability,Delivery Time,medium,,,unknown,,Enhance last-mile logistics routing and delivery ETA accuracy to address recurring delays while preserving food quality and affordability satisfaction.,0.9,
532,The only best n convenient app,5,2019-10-19 15:24:39,positive,,,App Bugs/UX,low,,,unknown,,Maintain high app reliability and user-friendly design to preserve strong customer satisfaction.,0.9,
533,Worst app ever...not proper costumer care service.,1,2020-07-19 16:26:02,negative,Inadequate and unhelpful customer care service,,Customer Support,medium,,,unknown,,Enhance customer support accessibility and agent training to resolve user issues more effectively.,0.8,
534,Last night I saw a Swiggy delivery boy talking very badly with bad tone,1,2022-01-07 08:32:34,negative,Delivery partner used bad language and had a disrespectful tone,,Delivery Partner Behavior,high,,,unknown,,Implement stricter delivery partner code of conduct training and a streamlined reporting mechanism for rider misconduct to improve customer safety and trust.,0.95,
535,"Swiggy food delivery only available in my city(coimbatore) there is no grocery delivery, but your ad showing grocery delivery in your doorstep. where? Already I raised complaint but there's no response.",2,2023-07-13 19:33:53,negative,"Instamart grocery delivery is advertised in Coimbatore but is not actually available in the app, and previous complaints went unanswered.",Make Instamart grocery delivery available in Coimbatore or remove false advertising.,Instamart,medium,,,unknown,,Ensure regional service availability matches marketing campaigns and improve customer support response tracking for unresolved complaints.,0.9,
536,There is no bug found at all. Always payment is done successfully.,5,2021-08-20 08:49:52,positive,,,Refunds & Payments,low,,,unknown,,Maintain and monitor reliable payment gateway performance to ensure consistently successful checkout experiences.,0.95,
537,"This is an amazing app... Appriceate the ""Hunger Saviours"" for delivery food even in the pandemic situation. Thank you SWIGGY",5,2021-06-26 14:18:42,positive,,,Delivery Partner Behavior,low,,,unknown,,Enhance recognition programs for delivery partners to maintain high morale and acknowledge exceptional service delivery under challenging conditions.,0.95,
538,The app should be more easier,2,2019-11-11 15:31:35,negative,The app interface is difficult to use or navigate,Simplify the app user interface and improve usability,App Bugs/UX,low,,,unknown,,Redesign key user flows and UI components to improve overall app accessibility and intuitiveness for users.,0.85,
539,No call option enable today in swiggy,1,2021-07-10 15:01:09,negative,Unable to see or use the call option to contact the delivery partner,Restore or enable the call option feature to communicate with delivery partners,App Bugs/UX,medium,,,unknown,,Ensure critical communication features like delivery partner calling remain accessible and robust across all app updates.,0.85,
540,Very good app but they can still develop it like zomato,5,2021-09-18 11:35:07,positive,,Develop app features and user experience to match competitor Zomato,App Bugs/UX,low,,Zomato,unknown,,Analyze competitor UI and feature sets to identify usability gaps and enhance the app experience.,0.85,
541,It's takes more than 45 mins to deliver a order. If a person is hungry. It's better u order before 1hr u eat. So that u can eat in time.,1,2021-10-30 15:42:51,negative,"Orders take more than 45 minutes to deliver, requiring users to order an hour in advance to eat on time.",,Delivery Time,medium,,,unknown,,Optimize delivery logistics and ETA accuracy to reduce wait times for hungry customers.,0.9,
542,Okay!! Zomato though gives me better option.,3,2020-01-08 15:32:50,neutral,,,Pricing & Offers,low,,Zomato,unknown,,Enhance restaurant variety and listing options to better compete with rival offerings.,0.6,
543,"It's good but not better than zomato, and why are there more updates, you keep getting them all the time",2,2020-05-16 11:49:08,mixed,Frequent app updates and perceived inferiority compared to competitor Zomato,Reduce the frequency of app updates,App Bugs/UX,low,,Zomato,unknown,,Optimize release management and update frequency to minimize app fatigue while maintaining performance.,0.85,
544,It's good and okay for expensive dishes but the delivery charges for smaller and cheaper meals are too high.,3,2019-11-14 10:10:25,mixed,Delivery charges are too high for smaller and cheaper meals,Lower or scaled delivery charges for smaller orders,Pricing & Offers,low,,,unknown,,Introduce tiered or discounted delivery fee structures for lower-priced orders to improve affordability and conversion for smaller meals.,0.88,
545,Excellent app for foodies and those who are in deliberate need of food from a long distance from you'r favourite hotel or restaurant.,4,2021-10-22 03:24:27,positive,,,Other,low,,,unknown,,Enhance long-distance delivery capabilities and restaurant discovery features to further delight users.,0.95,
546,"now a days it has started cheating , always delays in delivery , can not cancel orders even if delay for hour . charges absurd amounts for packing etc which were not there before . and worst is after taking swiggy super deliveries get delayed which was not before .",2,2019-06-13 13:51:53,negative,"Orders are consistently delayed, cancellation is impossible even after long delays, extra packing charges have been introduced, and Swiggy One/Super members still experience delivery delays.",Allow order cancellation when delivery is delayed significantly,Delivery Time,high,long-term user,,unknown,,Introduce automated cancellation windows and refunds for severely delayed orders to rebuild user trust in subscription benefits like Swiggy Super.,0.88,
547,"Fraud masquerading as a delivery app!! Will just charge for super membership and after that they don't care at all whether the food is getting delivered or not. On last 3 occassions, after waiting for an hour I was informed that the food can't be delivered.",1,2020-11-21 10:48:12,negative,Orders are cancelled after waiting for an hour on multiple occasions despite having a super membership.,Provide better order reliability and proactive notification when deliveries are at risk of cancellation.,Delivery Time,high,,,unknown,,Enhance restaurant fulfillment tracking and inventory alignment to prevent late-stage order cancellations and improve delivery reliability for premium members.,0.9,
548,Simply and yet most useful app,5,2019-08-28 04:07:47,positive,,,App Bugs/UX,low,,,unknown,,Highlight core app utility features to reinforce positive brand perception for satisfied users.,0.9,
549,Nice app for me I oder daily when I am driving my bolero pickup I use Zomato but swiggy service are good Zomato not good services,5,2023-07-23 10:45:01,positive,,,Other,low,long-term user,Zomato,unknown,,Leverage competitive advantages in service reliability to capture market share from competitors among frequent daily users.,0.9,
550,The customer support help part was my favourite. It's AI powered bot. That replies quickly and instant rectification of issues.,5,2019-03-30 06:14:03,positive,,,Customer Support,low,,,unknown,,Continue investing in AI-powered customer support bots to maintain fast response times and efficient issue resolution.,0.95,
551,"Everytime opening this app ,it doesn't show any restaurant. instead it just shows OOPS error. And it doesn't giving cash on delivery option. very worst experience",1,2019-07-21 08:53:12,negative,"App shows an OOPS error instead of restaurants upon opening, and Cash on Delivery is unavailable.",Restore Cash on Delivery payment option and fix the restaurant loading error.,App Bugs/UX,high,,,unknown,,Improve app reliability during startup and diversify payment options to enhance user accessibility and trust.,0.9,
552,You guys are charging extra then the actual cost of the actual outlet then all the rubbish extra cost and tax,1,2018-10-28 14:11:45,negative,Being charged extra fees and taxes above the actual outlet cost,Provide transparent pricing that matches the actual outlet cost without hidden extra charges,Pricing & Offers,medium,,,unknown,,Improve pricing transparency by clearly breaking down and communicating additional taxes and platform fees compared to restaurant menu prices.,0.9,
553,Not good exprience They have taken my order and amount got drducted but after one hour still timimg shows tha same. Waiting period. If you do not have any delivery partner why did take my order.,1,2021-09-03 19:53:04,negative,"Order accepted and payment deducted, but delivery status stuck with no delivery partner assigned for over an hour",Prevent order acceptance when no delivery partners are available,Delivery Time,high,,,unknown,,Implement real-time capacity checks to prevent order placement when delivery partner availability is critically low.,0.88,
554,Too slow service at Gurugram. EST SHOWN IS TOTALLY DIFFERENT THEN THE DEVILERY TIME. IT'S JUST BECAUSE THEY WILL MAKE/HAVE TO DELIVER SOMEONE'S ELSE FIRST.,2,2021-11-11 08:31:23,negative,The actual delivery time is significantly longer than the estimated delivery time shown in the app due to batching multiple orders.,Improve ETA accuracy and transparency regarding order batching and delivery sequencing.,Delivery Time,medium,,,unknown,,Enhance delivery route optimization and ETA prediction algorithms to account for multi-order batching and improve delivery time transparency.,0.9,
555,I am regular customer and i order everyday on swiggy but today i received very very bad food and burnt chapatis i wanted to return and refund and you guys disappointed me for not helping . i am unistalling and will never use,1,2019-04-20 11:41:50,negative,"Received very bad food and burnt chapatis, and customer support refused to help with a return and refund.",Implement a hassle-free return and refund policy for poor quality food items.,Restaurant Quality,high,long-term user,,high,i am unistalling and will never use,Enhance quality control partnerships with restaurants and streamline the food return and refund process to retain loyal customers.,0.95,
556,Not delivering in time and changing thebexpected delivery time,3,2020-02-28 07:25:50,negative,Deliveries are frequently late and the expected delivery time keeps changing.,Provide more accurate and stable delivery time estimates.,Delivery Time,medium,,,unknown,,Enhance the reliability of delivery time predictions and proactively communicate dynamic ETA updates to manage customer expectations.,0.9,
557,Good app good delivery good discounts hard working boys.,5,2018-11-21 05:47:35,positive,,,Pricing & Offers,low,,,unknown,,Continue leveraging promotional discounts and highlighting delivery partner dedication to maintain high user satisfaction.,0.95,
558,Swiggy is not providing better coupons then zomato...,5,2018-10-27 16:05:49,neutral,Swiggy offers fewer or worse coupons compared to Zomato,Provide better discounts and coupons to compete with Zomato,Pricing & Offers,low,,Zomato,unknown,,Enhance promotional pricing and coupon competitiveness relative to market rivals to improve user acquisition and retention.,0.85,
559,"Everytime I order anything using a discount coupon, restaurants deliver wrong item or cheap item. They just provide you the amount(that has already been half after discount coupon) as refund. This way you don't even get what you ordered and coupon goes waste too. Swiggy should make sure it's restaurants stop doing this fraud asap.",1,2021-10-19 14:19:38,negative,"Restaurants send wrong or cheap items when orders are placed with discount coupons, and refunds are only given for the discounted amount, causing the coupon to be wasted.","Implement checks or penalties to prevent partner restaurants from substituting or sending wrong items on discounted orders, and adjust refund policies to restore discount coupons when orders are incorrect.",Order Accuracy,high,,,unknown,,Enhance quality control measures for discounted orders and create a fair refund policy that reinstates promotional coupons when orders are fulfilled incorrectly.,0.92,
560,The best app ever in my life always loving it especially for ppl like bachelor's or living alone etc.... I wish the offers all hotels are available for us 😸,5,2021-02-17 08:14:23,positive,,Make offers available for all restaurants,Pricing & Offers,low,,,unknown,,Expand promotional offers and discounts across a wider selection of partner restaurants to improve perceived value for single households and bachelors.,0.85,
561,Worst service.After 1 hr delivery partner is not assigned.Cancellation of order not allowed,1,2021-09-29 15:42:44,negative,Order cancellation is not allowed when delivery partner assignment is delayed after an hour.,Allow users to cancel their orders when delivery partner assignment is significantly delayed.,Delivery Time,high,,,unknown,,Implement a self-service order cancellation policy for delayed orders where delivery partners have not yet been assigned.,0.95,
562,It's giving best coupons and Best Rider's To Deliver The Food,5,2021-12-21 22:11:49,positive,,,Pricing & Offers,low,,,unknown,,Maintain and expand the promotional coupon ecosystem while highlighting top-tier delivery partners to reinforce user loyalty.,0.95,
563,Delivery person never had the change even if we ask to get them the change they will deny it.,2,2022-02-26 08:11:43,negative,Delivery partners frequently refuse to carry or provide change for cash payments.,Prompt users to specify if they need change during cash-on-delivery checkout or enable cashless/exact-change alerts.,Delivery Partner Behavior,medium,,,unknown,,Improve delivery partner cash management and introduce digital payment prompts to eliminate change-related friction.,0.88,
564,Some times available restaurants also not showing.,1,2023-05-08 15:33:24,negative,Available restaurants are sometimes not showing in the app,Improve restaurant visibility and inventory sync to ensure all currently operating restaurants are displayed,App Bugs/UX,medium,,,unknown,,Enhance location-based restaurant listing reliability and database synchronization to prevent available vendors from disappearing from search results.,0.85,
565,Where is the food that I have adden in my cart? Not able to find the cart option or checkout,1,2023-03-23 15:45:17,negative,"Unable to find the cart option or checkout, causing cart items to be lost or inaccessible",Improve cart accessibility and UI clarity so users can easily find their cart and proceed to checkout,App Bugs/UX,high,,,unknown,,Redesign the checkout and cart entry points to ensure seamless navigation and prevent user frustration during the ordering flow.,0.9,
566,There is no option provide details of person who suppose to receive the food where I am ordering on behalf of that person due to various reasons,3,2019-09-17 15:59:21,neutral,Unable to specify a different recipient's details when ordering food for someone else,Add an option to input delivery recipient details for third-party orders,App Bugs/UX,low,,,unknown,,Introduce a dedicated feature allowing users to designate and provide contact details for alternative delivery recipients during checkout.,0.92,
567,It's definitely the best app. Sometimes they mess up but make it up too :),5,2019-10-22 12:21:22,positive,occasional mistakes with orders,,Other,low,,,unknown,,Enhance overall service reliability while maintaining strong customer recovery and compensation processes.,0.9,
568,"U guys r really genius if the driver is staying at one place after picking up the food then time gets increase so u won't come to know about it. So fix that bug and at least fix this so we can rate the delivery boy"" for example if he has to deliver the food in 30 min and if it's become 35 then show that it minus time or something like that."" Otherwise u r just making fool it feels like that. But over all it's nice but focus on this. And even fix the application improve time notification",2,2019-09-27 20:44:03,mixed,"Delivery tracking does not accurately reflect delays when drivers stay stationary after pickup, and there is no way to rate the delivery partner for this behavior.","Improve real-time delivery tracking to dynamically adjust and show negative or delayed time when orders exceed the ETA, and add a delivery partner rating feature.",App Bugs/UX,medium,,,unknown,,Enhance GPS exception handling and live tracking algorithms to proactively detect stationary delivery partners and provide more accurate ETA adjustments.,0.88,
569,From last 3 days my app is not showing any restaurants for ordering . Having an inconvenience for 1 day is understandable but since last 3 days it's pathetic .,2,2022-01-23 12:00:41,negative,App is not showing any restaurants for ordering over the last 3 days,,Other,high,,,unknown,,Implement proactive monitoring and automated failovers for restaurant catalog availability to prevent prolonged service outages.,0.9,
570,"The worst app for food delivery, the app map is incorrect locations are not exact locations and the delivery boy always get misguided through the map and at the end they refuse to deliver the order n ask to cancel after the delay in order they will also charge you the cancellation fee in which u r not at the fault at all thr problem occurs just bcoz of its map.. other than swiggy every food delivery or other online product app can easily reach our house but this creates problem always .",1,2019-12-15 13:51:19,negative,"Inaccurate in-app map locations misguide delivery partners, causing delivery delays, demands for order cancellation, and unfair cancellation charges.",Improve the map location accuracy and integration to prevent delivery partner navigation errors.,App Bugs/UX,high,,,unknown,,Enhance location mapping algorithms and address routing bugs to ensure delivery partners can accurately locate addresses without customer intervention.,0.92,
571,Good app with good offers. But i filtered the dishes by 'veg only' then why it is showing the non veg dishes also ? This could hampers someone's religion by mistake. Pls resolve.,3,2019-10-10 13:22:42,mixed,"Veg-only filter incorrectly displays non-veg dishes, risking religious dietary breaches",Fix the 'veg only' filter logic to strictly exclude non-veg dishes,App Bugs/UX,medium,,,unknown,,Enhance dietary preference filtering mechanisms and validation testing to ensure strict compliance with user selections.,0.9,
572,I'm unable to open the app. It opens and closes at the same time. I uninstalled and reinstalled this yet the issue prevails. I also cleared all data still it isn't opening. Edit - after reinstalling it for 3 times it worked fine,3,2019-10-04 17:57:57,neutral,"The app crashes immediately upon opening, preventing access even after reinstalling and clearing data.",,App Bugs/UX,high,,,unknown,,Improve app launch stability and resolve persistent startup crash issues during installation and data clearing.,0.9,
573,Good service but please update route maps,4,2023-07-08 17:11:49,positive,Inaccurate or outdated route maps,Update and improve route mapping within the app,App Bugs/UX,low,,,unknown,,Enhance mapping and location integration to provide more accurate navigation and tracking for delivery partners and users.,0.9,
574,2 fastest delivery making so slow delivery,4,2019-10-15 12:54:38,negative,Delivery was slower than expected despite being advertised as fast.,Improve delivery time estimation and rider speed for services marketed as fast.,Delivery Time,low,,,unknown,,Enhance real-time routing algorithms and delivery time accuracy to align with fast-delivery promises.,0.75,
575,"Worst app in the world there is no! 50% off on first delivery and no free delivery, even there is no cash on delivery 😢 I will spit on this swiggy",1,2022-10-04 07:46:22,negative,"Lack of expected promotions like 50% off on first delivery, free delivery, and cash on delivery options",Introduce cash on delivery and better first-time user discounts and free delivery,Pricing & Offers,low,new user,,unknown,,Enhance first-time user acquisition offers and payment method flexibility to improve onboarding conversion.,0.85,
576,Taking too much time to deliver,2,2023-04-07 08:32:27,negative,The delivery is taking too much time.,,Delivery Time,medium,,,unknown,,Optimize delivery routing and dispatch algorithms to reduce wait times and improve adherence to estimated delivery times.,0.9,
577,Very bad experience on change of location address which was chosen wrongly by swiggy and I had to cancel the order which had heavy cancellation charges...,1,2020-01-05 03:34:34,negative,"The app incorrectly selected the delivery location address automatically, resulting in an order cancellation and heavy cancellation charges.",Improve location detection and address selection accuracy to prevent automatic wrong address assignment.,App Bugs/UX,high,,,unknown,,Enhance location detection algorithms and add a confirmation step before order placement to prevent wrong-address cancellations and unfair charges.,0.9,
578,Good option good app quality good info providing but the most important the delivery always late need to guide you delivery guys put more delivery guys and help them and train them with good knowledge of map,3,2021-10-05 04:40:27,mixed,Deliveries are consistently late due to delivery partners struggling with navigation and map knowledge.,Provide better map training and guidance for delivery partners.,Delivery Time,medium,,,unknown,,Enhance delivery partner navigation tools and map training programs to improve delivery speed and ETA reliability.,0.85,
579,excellent and good service for swiggy.,5,2019-08-06 13:38:00,positive,,,Other,low,,,unknown,,Maintain and highlight consistent high-quality service standards across all delivery interactions to encourage positive word-of-mouth.,0.95,
580,Really very helpful specially in difficult times of covid 19.,5,2021-04-28 09:26:36,positive,,,Other,low,,,unknown,,Highlight community impact and reliable service delivery during crisis situations to reinforce brand trust.,0.9,
581,Love for its variation and services,4,2021-04-01 08:00:07,positive,,,Other,low,,,unknown,,Leverage existing high user satisfaction with variety and service to drive loyalty program adoption or referral incentives.,0.9,
582,"Awesome service, very fast delivery am loving it.",5,2022-12-13 10:23:23,positive,,,Delivery Time,low,,,unknown,,Leverage consistently fast delivery experiences to drive user loyalty and engagement programs.,0.98,
583,I love to order food from swiggy..bt Swiggy is not providing delivery in our location that's why whenever I want to eat something spicy i need to go in swiggy's serviceable areas....plz plzzz start your service in small city's also....,4,2021-06-04 10:52:10,positive,Swiggy does not provide delivery service in the user's current location/small city,Expand delivery service to small cities and unserved locations,Other,low,,,unknown,,Expand geographic coverage into tier-3 cities and underserved suburban areas to capture untapped demand.,0.95,
584,Plz don't order any food from swiggy...and avoid online payment... Because they provide very cheap and bad food... They are very careless for you... So guide plz plz don't order any food by swiggy... Because I faced this problem from three days...,1,2020-05-28 08:46:05,negative,Received very cheap and bad food from a restaurant for three consecutive days,,Restaurant Quality,high,,,unknown,,Implement stricter restaurant quality control and hygiene audits to ensure consistent food standards across listed partners.,0.85,
585,Plse keep more offers and coupons for regular customers,2,2019-10-09 06:29:47,negative,Lack of sufficient offers and coupons for regular customers,Introduce a loyalty rewards program or regular discounts for loyal customers,Pricing & Offers,low,long-term user,,unknown,,Develop a targeted loyalty retention program with personalized discounts for frequent users to enhance perceived value and retention.,0.85,
586,"Always using Dwight for all my online food order. Never had any issue. But today it was a very bad experience. I order some take away for my friend. Who is travelling to Hyderabad from Yelahanka station, I ask them to deliver the food a bit late as we expecting a delay. They canceled the order themselves and charged a Rs 276 for cancellation. This is simply ridiculous, food was not prepared yet why have to charge this much. Moreover they must be considering my order history and decide.",1,2020-01-14 12:53:42,negative,Swiggy canceled the scheduled takeaway order themselves and charged a cancellation fee of Rs 276 even though the food was not yet prepared.,"Allow users or delivery partners to reschedule delivery times easily for travel coordination, and waive cancellation fees when orders are canceled before food preparation.",Refunds & Payments,high,long-term user,,unknown,,Improve cancellation policy transparency and integrate order history context to prevent unfair cancellation charges for loyal customers.,0.9,
587,Very nice User Interface..,4,2019-08-21 14:49:20,positive,,,App Bugs/UX,low,,,unknown,,Maintain and iteratively enhance the app's user interface design to keep navigation intuitive and visually appealing for users.,0.95,
588,"Love the services of swiggy even during this time we all are going through nowadays, really good and quick refund too. Just remarkable!",5,2020-04-20 10:41:51,positive,,,Refunds & Payments,low,,,unknown,,Maintain efficient customer service and prompt refund processing to reinforce customer loyalty during challenging periods.,0.95,
589,it took more than 1 hour for the order to arrive ..i hate it.,1,2019-07-23 16:49:09,negative,Order took more than 1 hour to arrive,,Delivery Time,medium,,,unknown,,Enhance real-time delivery tracking and dynamic ETA accuracy to better manage customer expectations during delays.,0.9,
590,"Thrice experienced that when order is already paid, its gets delayed for no reason. Last time it was more than 100 minutes. And customer care keep saying just wait for some more time. I ordered at 09:23 PM. And till 11:30pm no delivery. Executive then offerd to modify order. But we were so annoyed. We cancelled the order. Though We both were sick we prepared food and at 12:30 am we had our dinner. Thanks to Swiggy. Not even want to give 1 star. But there is no less than this.",1,2019-08-15 10:05:13,negative,"Pre-paid orders get excessively delayed without reason and customer support provides unhelpful responses, forcing order cancellation late at night.",Implement automated refunds and proactive delay alerts for pre-paid orders experiencing extreme wait times.,Delivery Time,high,,,unknown,,Improve delivery time reliability and empower customer support agents to resolve delayed orders proactively before they result in cancellations.,0.9,
591,Very nice pack good quality and very fast sarvish swiggy,5,2020-01-23 04:57:38,positive,,,Delivery Time,low,,,unknown,,Maintain and highlight fast delivery and reliable packaging standards across popular restaurant partners to drive user satisfaction.,0.9,
592,"If you can't respect your customers, you will soon become irrelevant. Ordered food and after an hour Swiggy cancelled it stating that the restaurant can't service the order, upon calling the restaurant, they said we have all the items and apparently Swiggy cancelled it. So it means that Swiggy probably didn't have delivery guys and they didn't want to stand up and take ownership of their screwups so they blamed the restaurant. With this attitude soon we will see a time when both the restaurants and consumers will understand how you are misusing their trust.",1,2018-12-03 16:29:06,negative,"Swiggy cancelled an order after an hour of waiting, falsely blaming the restaurant when the restaurant actually had all items and was ready to fulfill it.",Provide transparent cancellation reasons and prevent delivery partner shortages from resulting in false restaurant-side cancellations.,Delivery Time,high,,,unknown,,"Improve operational transparency and accountability for order cancellations to rebuild trust between consumers, restaurants, and the platform.",0.85,
593,I am new to this app.So far it's been a satisfactory experience.Thanks.,5,2019-02-19 11:04:29,positive,,,Other,low,new user,,unknown,,Enhance the onboarding experience for new users to sustain early positive engagement.,0.95,
594,good app very helpful when you need,4,2019-07-28 06:13:27,positive,,,Other,low,,,unknown,,Maintain consistent service reliability to reinforce positive user sentiment and encourage long-term engagement.,0.9,
595,Awesome food item and timely delivery,5,2021-12-31 09:51:48,positive,,,Restaurant Quality,low,,,unknown,,Highlight and scale successful restaurant partnerships and reliable fulfillment patterns to maintain high satisfaction.,0.95,
596,"After money has detected they said they can't deliver the food. what a worst service, not even updated with thier vendors.",1,2019-08-10 11:56:56,negative,Payment was deducted for an order that could not be delivered because the app was not synchronized with the vendor.,Implement real-time inventory and vendor status synchronization to prevent accepting orders for unavailable items or closed restaurants.,Refunds & Payments,critical,,,unknown,,Enhance system integration with vendor inventory and payment reconciliation to prevent failed deliveries after successful payment processing.,0.88,
597,Very nice and very easy and fast deveri,5,2019-11-16 12:26:57,positive,,,Delivery Time,low,,,unknown,,Maintain and highlight fast delivery performance to reinforce positive user perception.,0.95,
598,"swiggy app is useful for delivering food in time. There are many food delivery apps ,but cant be like swiggy .we love swiggy",5,2019-04-04 08:45:04,positive,,,Delivery Time,low,,,unknown,,Maintain and highlight reliable delivery speed and overall app satisfaction to reinforce brand loyalty against competitors.,0.95,
599,App is good but when we compared the rate with restaurant charges it was 30 rupees extra for all the item,2,2019-07-18 14:43:21,negative,Prices on the app are 30 rupees higher per item compared to actual restaurant menu charges,Show price comparison or transparency regarding restaurant markup vs in-store prices,Pricing & Offers,medium,,,unknown,,Provide greater transparency regarding item-level pricing differences between the app and direct restaurant menus to build user trust.,0.9,
600,receives food always which is below my expectations.,2,2019-06-28 04:20:41,negative,Food received is consistently below expectations,,Restaurant Quality,medium,,,unknown,,Implement better restaurant quality filtering and feedback mechanisms to ensure consistency in food standards.,0.85,
601,It is the second time i didn't got my order right . Literally disgusting behaviour. My order was so poorly packed and they didn't even gave a refund or the replaced the order.,2,2023-03-09 13:49:54,negative,"Received incorrect items for the second time, poorly packed food, and was denied a refund or replacement.",Implement an automated replacement and refund process for incorrect or damaged orders.,Order Accuracy,high,,,unknown,,Streamline the dispute resolution process for order accuracy and packaging issues to automatically issue refunds or replacements for repeat offenders.,0.88,
602,Worst food app. Delivery is always late due to App algorithm which combines different orders. Always late.,1,2022-10-15 12:49:34,negative,Deliveries are consistently late because the app algorithm combines multiple orders together.,Allow users to opt-out of batched order deliveries or improve routing algorithms to prevent delays.,Delivery Time,medium,,,unknown,,Optimize the batching algorithm and delivery routing logic to minimize delays caused by multi-order grouping.,0.9,
603,"Very low quality foods and delivery charges very high, app also tird class, services provided are very very bad.",1,2021-08-16 06:05:34,negative,"Poor food quality, very high delivery charges, and terrible overall service and app experience.",,Restaurant Quality,medium,,,unknown,,Enhance restaurant quality control and review delivery pricing transparency to improve perceived value.,0.85,
604,Not user friendly comparitively with uber eats,3,2018-11-04 11:32:46,neutral,The app interface is less user-friendly compared to Uber Eats.,Improve app UI and navigation to match competitor standards,App Bugs/UX,low,,Uber Eats,unknown,null,Conduct a UX benchmarking study against competitors to streamline navigation and improve overall app usability.,0.85,
605,"Good service, thank you Swigy",4,2022-09-10 15:50:34,positive,,,Other,low,,,unknown,,Maintain consistent service quality to retain satisfied users and encourage positive reviews.,0.95,
606,good and fast service trustful for the purpose,4,2019-11-06 12:17:28,positive,,,Delivery Time,low,,,unknown,,Maintain consistent delivery speed and service reliability to preserve high customer trust and satisfaction.,0.85,
607,good experience and we'll deserving app and easy to shop for our needs,3,2023-04-03 10:38:20,positive,,,Instamart,low,,,unknown,,Enhance product discovery and shopping workflows to maintain ease of use across the platform.,0.85,
608,Good application.we can directly order food from the search options itself. Fast delivery good executive.. cancellation policy needs improvement.,4,2018-11-29 05:04:42,positive,cancellation policy needs improvement,Improve the cancellation policy to provide more flexibility or clarity,Other,low,,,unknown,,Revise and clarify the order cancellation policy to improve user trust and flexibility while minimizing operational friction.,0.9,
609,"by the way guys,i loved your app until recently. you guys have given a code which doesnt even work. i dont what is this app upto. i would give 1 star and the simple reason being the code doesnt work..",1,2019-03-04 07:50:16,negative,Promotional or discount code provided by the app does not work,Ensure promo codes are valid and fix code application bugs,Pricing & Offers,low,long-term user,,unknown,,Improve promo code validation logic and error messaging to prevent user frustration caused by invalid discount codes.,0.85,
610,"My experience with swiggy is fairly good,it gives me great discounts on my fav restraunts and services are fine",5,2019-11-28 10:30:27,positive,,,Pricing & Offers,low,,,unknown,,Enhance targeted promotional discounts and maintain service reliability to continue driving user satisfaction and loyalty.,0.95,
611,very bad experience for swiggy delivery partner job related queries.,2,2023-05-17 08:43:53,negative,Lack of support or difficult process for delivery partner job-related queries,A dedicated support channel or section within the app for delivery partner job inquiries,Customer Support,low,,,unknown,,"Create a separate, accessible onboarding and support portal for delivery partner applicants to streamline recruitment queries without cluttering customer service channels.",0.85,
612,Worst app swiggy as compare to zomato in services and delivery also.,1,2021-03-17 06:30:06,negative,Poor service and slower delivery compared to competitor Zomato,,Delivery Time,medium,,Zomato,unknown,,Enhance overall service quality and delivery speed to compete more effectively with rival platforms.,0.8,
613,Very slow processing and hangs between placing order,2,2019-11-20 15:38:41,negative,App hangs and processes very slowly while placing an order.,,App Bugs/UX,medium,,,unknown,,Optimize checkout flow performance and reduce application latency to ensure a smooth order placement experience.,0.9,
614,coupons are really very great must try app online food delivery and pocket friendly.,4,2019-07-22 09:35:19,positive,,,Pricing & Offers,low,,,unknown,,Highlight and personalize promotional offers to increase user engagement and reinforce price-conscious value perception.,0.95,
615,it's a good experience to order the food & enjoy at home.... it's a employment for the delivery man also... good work,5,2019-04-08 12:00:58,positive,,,Other,low,,,unknown,,Leverage positive brand sentiment and community impact messaging to strengthen user loyalty and brand advocacy.,0.95,
616,I like the app good discount and good food in affordable price delivery also on time number of restaurant also good mobile interface also good,5,2022-03-25 18:30:28,positive,,,Pricing & Offers,low,,,unknown,,Maintain strong restaurant partnerships and competitive discounts to sustain high user satisfaction and engagement.,0.98,
617,Whenever we try to log an issue relating to an order it says I'm offline. Not able to reach out to customer support.,2,2020-04-02 11:07:12,negative,"App incorrectly reports the user is offline when trying to report an order issue, blocking access to customer support.",Improve offline status detection and ensure direct fallback access to customer support channels when network errors occur.,Customer Support,high,,,unknown,,Enhance error handling and connectivity checks within the support interface to ensure users can always reach help regardless of false offline states.,0.92,
618,Once the order and paid the app showing please pay as a result double order and double payment is made assuming first time payment was not successful. Please update ur app Aloke Pal,3,2021-01-05 15:51:06,negative,"App failed to reflect a successful payment, leading the user to pay a second time and causing a duplicate order and duplicate payment.",Improve payment status synchronization to prevent duplicate orders and double payments when a transaction succeeds.,Refunds & Payments,critical,,,unknown,,Enhance payment gateway integration and real-time state synchronization to prevent duplicate order placement and erroneous double charges.,0.95,
619,The experience and service is great. But recently I started noticing difference in price. Swiggy is charging almost double compared to the actual price at the restaurant. And then they are also charging delivery fee etc. The discounts are just pointless if they have clearly increased the prices. Be mindful before ordering from Swiggy.,2,2022-09-11 04:34:44,mixed,"Inflated item prices on the app compared to restaurant menu prices, combined with additional delivery fees that negate discounts.",Show a transparent price breakdown or guarantee price parity with dine-in menus.,Pricing & Offers,medium,,,unknown,,Improve pricing transparency and vendor margin alignment to rebuild user trust in promotional discounts.,0.9,
620,"Despite one unpleasant ecperience, I am prepared to give one more chance to Swiggy as I had seen my relatives in Mumbai have a good experience with the former I am thus reinstalling it.Hope Swiggy delivers.",2,2019-01-25 05:23:17,mixed,Previous unpleasant experience with the app leading to a temporary uninstall.,,Other,low,long-term user,,unknown,,Improve service reliability and customer satisfaction for returning users to retain them after past negative experiences.,0.85,
621,perfect app for food lovers i recommend every one to order through this app only,5,2019-09-28 13:06:46,positive,,,Other,low,,,unknown,,Leverage enthusiastic user advocacy through referral programs or loyalty rewards to drive organic growth.,0.95,
622,Really bad service I gave this 3 cause sometimes it comes fast but sometimes it doesn't comes only I ordered a few days ago at like 6:00pm and we waited for 2 hours guess what it didn't came we waited for 3 hours thinking that OK its rainy its a bit hard but we went to sleep thinking it will never come and guesss what we got our food at 3 am 9 hours later,3,2020-11-22 13:06:51,negative,Order delivered 9 hours late after waiting until 3 AM during rainy weather,Provide proactive order cancellation and automatic refund options when delivery is excessively delayed,Delivery Time,high,,,unknown,,Implement automated exception handling for extreme delivery delays that allows users to cancel and receive refunds instead of forcing hours of waiting.,0.92,
623,Restaurant didn't accepted my Order. I made online payment. It's two days now. Still no refund.,1,2020-08-30 02:55:30,negative,"Restaurant did not accept the order after online payment was made, and the refund has not been processed after two days.",Implement automated refunds for orders not accepted by restaurants.,Refunds & Payments,critical,,,unknown,,Automate the refund workflow for unfulfilled and non-accepted orders to ensure timely return of funds and reduce customer anxiety.,0.95,
624,Worst ever app this is all delivery agent bike have issue no one deliver on time or deliver in hurry,1,2021-03-20 08:25:01,negative,Delivery agents have bike issues causing late or rushed deliveries,,Delivery Time,high,,,unknown,,Introduce reliability tracking and backup fleet allocation for delivery partners to prevent recurring logistical bottlenecks.,0.85,
625,"Timely, prompt and efficient",5,2022-05-28 14:11:50,positive,,,Delivery Time,low,,,unknown,,Maintain high service standards and consistent delivery performance to drive continued user satisfaction and retention.,0.95,
626,Nice user friendly app for ordering food,5,2021-08-15 14:41:55,positive,,,App Bugs/UX,low,,,unknown,,Maintain high usability standards and streamline the ordering workflow to sustain positive user engagement.,0.95,
627,Except Gps location everything is awesome,4,2019-12-08 12:42:53,positive,GPS location tracking is inaccurate or not working properly,Improve GPS location accuracy and tracking,App Bugs/UX,low,,,unknown,,Enhance location services and map integration to ensure precise address detection and smoother delivery navigation.,0.9,
628,No refunds. Payment deducted but order not confirmed. No executives for help. Only chat options is there,2,2019-12-26 18:12:17,negative,"Payment was deducted for an unconfirmed order, no refunds were issued, and customer support lacks live human agents, offering only chat options.",Provide immediate access to human customer support agents instead of chat-only options.,Refunds & Payments,critical,,,unknown,,Implement automated payment reconciliation and seamless refund flows alongside accessible human support channels to resolve transaction failures instantly.,0.9,
629,Customer service is wrost .They don't gives proper resolution of the problems. Provides different order and not giving proper resolution. This is wrost experience to place order from this app. 😡😡,1,2021-03-04 16:14:48,negative,Customer support failed to provide a proper resolution after receiving a wrong order.,Improve customer support resolution processes for wrong orders,Customer Support,high,,,unknown,,Enhance support agent training and resolution workflows for order accuracy complaints to improve customer trust and issue resolution times.,0.9,
630,"This food ordering app is a saviour, better than others available.. You need to think on discounts as well...",4,2018-10-24 09:35:38,positive,Lack of sufficient discounts or offers compared to competitors,Increase discounts and promotional offers,Pricing & Offers,low,,,unknown,,Enhance promotional strategies and discount structures to maintain competitive advantage in user acquisition and retention.,0.85,
631,"worst experience !!! the swigy people dose'nt know whether the restaurant open or not . they took the payment from me through card and then after 30 mins they are saying the restaurant is closed now , after asking for a refund they're saying it will take 3 to 4 days for refund. making joke with peoples hunger.",1,2019-08-18 08:43:44,negative,Accepted payment for an order from a closed restaurant and delayed the refund by 3 to 4 days.,Implement real-time restaurant operating status verification before accepting payments.,Refunds & Payments,high,,,unknown,,Integrate real-time restaurant status synchronization with payment processing to prevent orders on closed establishments and streamline instant refund mechanisms.,0.92,
632,It's real awesome fast delivery,5,2019-12-10 11:49:51,positive,,,Delivery Time,low,,,unknown,,Highlight and maintain fast delivery performance standards across the delivery network.,0.95,
633,I ordered from instamart swiggy they just sent a product with no expiry date sent the proves but denied to help i have picture will share in social media,1,2023-05-24 15:48:07,negative,Received an Instamart product with no expiry date and customer support refused to help despite photo proof.,Implement clearer customer support escalation for food safety and product quality issues like missing expiry dates.,Instamart,high,Instamart user,,unknown,,Enhance Instamart quality control on perishable items and empower support agents to resolve product safety complaints effectively.,0.92,
634,The Google Pay payment option is suddenly missing??,3,2019-03-03 11:26:04,neutral,Google Pay payment option is suddenly missing from the app,Restore Google Pay as a payment option,Refunds & Payments,medium,,,unknown,,Ensure payment gateway integrations remain stable and communicate any sudden changes in available payment methods to users.,0.85,
635,Had placed an order at 10:54 and no delivery patner assigned till 12:05 and food is already been prepared at the restaurant but no delivery patner is assigned and hence will not recieve the food in edible state due to been prepared atleast 40 min prior distance of the restaurant is hardly 500-600m worst experience had been using it for a while but would not prefer anymore,1,2022-04-01 18:37:55,negative,"Order was placed but no delivery partner was assigned for over an hour, causing food to sit and become inedible.",Improve delivery partner assignment algorithm for nearby restaurants to prevent long delays in partner allocation.,Delivery Time,high,long-term user,,high,would not prefer anymore,Optimize proximity-based delivery dispatching to ensure riders are assigned promptly when orders are prepared.,0.95,
636,"I have availed the swiggy one membership, which is the worst decision of my life. Its been more than 10 times now my order have some problem and swiggy support tell me to rate the restaurant instead. Its happening very frequently that items in the order are missing and no support is provided. Support team alwas say rate the restaurant. Then why is swiggy there? Why cant they penalized the restaurants and help us getting our money back. Really bad experience.",1,2023-04-15 07:59:45,negative,"Items are frequently missing from orders and customer support refuses to help, telling the user to rate the restaurant instead of issuing refunds.",Implement a system to penalize restaurants for missing items and facilitate direct refunds for incorrect orders.,Order Accuracy,high,long-term user,,unknown,,Improve accountability for partner restaurants regarding missing items and streamline the refund process to reduce customer support friction.,0.92,
637,Helpful for people who are short on time,5,2019-12-19 07:24:32,positive,,,Other,low,,,unknown,,Leverage time-saving value propositions in marketing to attract busy professionals and individuals with tight schedules.,0.9,
638,Zommattoo is better.... Bcz delivery charges are high on swiggy,5,2018-11-02 13:20:15,neutral,High delivery charges compared to competitor,,Pricing & Offers,low,,Zomato,unknown,,Evaluate and adjust delivery fee pricing tiers and promotional discounts to remain competitive against rival platforms.,0.85,
639,too much hustle in finding good food ..,1,2019-02-22 06:00:15,negative,difficult to find good food options in the app,improve food discovery and recommendation UX,App Bugs/UX,low,,,unknown,,Enhance restaurant discovery algorithms and interface design to streamline the process of finding quality food.,0.85,
640,Could do with a restaurant black list for users. That way we dont accidentally order from the same restaurant that gives us bad food,4,2022-04-16 08:11:14,neutral,Accidentally reordering from restaurants that previously provided bad food,Add a feature to blacklist or block specific restaurants,Restaurant Quality,low,,,unknown,,Introduce a restaurant management and blocking feature to help users filter out disliked or poor-quality vendors from their search results.,0.9,
641,Nice app . Better than zomato .,5,2020-01-19 07:35:41,positive,,,Other,low,,Zomato,unknown,,Leverage competitive advantages in user experience to maintain preference over rival platforms.,0.9,
642,I got one coupon from phonenpay but its showing does not exist in swiggy not happy,1,2020-08-09 15:46:55,negative,PhonePe coupon code is showing as non-existent when applied in Swiggy,,Pricing & Offers,medium,,PhonePe,unknown,,Improve third-party coupon integration and validation workflows to prevent synchronization errors between partner apps and Swiggy.,0.85,
643,I have order the food but its almost 2 hrs and I have no idea about my food. Best part they don't give any contact number for query. I feel very disappointed and angry and fool never recommend this ghatiya aap in future.,1,2021-06-03 16:21:38,negative,Food delivery is 2 hours late and there is no contact number provided to reach out for queries.,Provide a direct contact number or easily accessible communication channel for delivery queries.,Delivery Time,high,,,high,never recommend this ghatiya aap in future,Improve delivery tracking transparency and provide direct communication channels to reduce anxiety during delayed orders.,0.9,
644,Excellent work done by swiggy...loving it.,5,2019-10-29 13:09:15,positive,,,Other,low,,,unknown,,Identify and reinforce the key service elements that drive high user satisfaction to maintain positive engagement.,0.99,
645,the delivery boy is polite. delivered on time.,5,2022-04-15 14:10:15,positive,,,Delivery Partner Behavior,low,,,unknown,,Maintain high service standards by recognizing and rewarding delivery partners who consistently provide polite and timely service.,0.98,
646,Starting fistly experiance then say ok looks best,5,2019-08-30 14:32:43,positive,,,Other,low,new user,,unknown,,Enhance the onboarding and first-time user experience to sustain early positive engagement.,0.6,
647,"not shows thr non veg items, why... any body pls. reply",1,2019-03-19 11:07:31,negative,Non-vegetarian items are not showing up in the app,Fix the menu filtering or display bug so non-vegetarian items are visible,App Bugs/UX,medium,null,null,unknown,null,Improve menu search and dietary preference filters to ensure all relevant food items are correctly displayed to users.,0.85,
648,The rates are illogically high!!their delivery charge is almost equal to the price of the item v have ordered!!complete waste service!!,1,2020-11-26 06:07:31,negative,"Delivery charges are excessively high, almost matching the price of the ordered items.",Implement tiered or more reasonable delivery fee structures for lower-priced orders.,Pricing & Offers,medium,,,unknown,,Optimize delivery fee pricing logic for low-value orders to improve perceived value and affordability.,0.95,
649,Food quality is always good n fresh,3,2021-01-31 15:19:49,positive,,,Restaurant Quality,low,,,unknown,,Maintain and highlight consistent food quality standards to reinforce positive user perception.,0.9,
650,Everything is good with app but the location cannot be updated on it even though u put the correct address . It's so irritating,3,2020-10-25 12:30:00,mixed,The app fails to update the user's location correctly despite entering the right address.,Improve location detection and address updating reliability.,App Bugs/UX,medium,,,unknown,,Enhance location services and address pin-pointing accuracy to ensure seamless delivery drop-offs.,0.88,
651,fast as i think delivered.,5,2019-08-27 15:58:33,positive,,,Delivery Time,low,,,unknown,,Maintain consistent delivery speed and leverage positive experiences to encourage user retention and loyalty.,0.9,
652,long distance hotels are not accessible,3,2019-06-13 16:06:21,neutral,Long distance restaurants are not accessible or available for ordering in the app,Expand delivery radius or improve restaurant discovery for long distance locations,Other,low,,,unknown,,Enhance geographic coverage and restaurant search filters to better accommodate long-distance delivery options.,0.75,
653,The order has been delayed if we pay through the card and takes a lot of time for delivery,3,2019-05-30 10:00:20,negative,Orders paid by card experience delays and take a long time to deliver,,Delivery Time,medium,,,unknown,,Investigate payment-method correlation with delivery dispatch delays to ensure payment processing does not bottleneck fulfillment times.,0.82,
654,The app is good but sometimes it take to long to deliver food. And GPS doesn't work always.,3,2019-09-30 17:15:03,mixed,Food delivery takes too long sometimes and GPS does not always work,,Delivery Time,medium,,,unknown,,Enhance real-time GPS tracking reliability and optimize routing algorithms to improve delivery ETA accuracy.,0.85,
655,Fast delivery and Swiggy app most useful app,5,2019-09-06 16:59:52,positive,,,Delivery Time,low,,,unknown,,Leverage positive user sentiment regarding fast delivery speed in marketing and user acquisition campaigns.,0.95,
656,"Worst customer care service. I ordered and paid via phonepe. The order never got delivered. I asked the customer care service to refund my money and they said within 24 hrs we are going to refund you. After 6 days of regular complaining they said ""sorry we didn't receive the payment, can't refund you"".",1,2018-10-12 19:34:22,negative,Paid for an order that was never delivered and customer support refused the refund after six days of false promises.,Implement an automated refund tracking system for failed deliveries to eliminate conflicting support responses.,Refunds & Payments,critical,,,unknown,,Streamline payment reconciliation and customer support escalation workflows to resolve lost-payment disputes faster and prevent merchant-customer friction.,0.95,
657,"This is a great app but I really had a bad experience with the delivery guy. The place from where I ordered is hardly 5 mins walk from my home but this guy had no clue where to deliver the food when I tried to explain he asked me to send location on his private number which I sent cuz it was already too late, even then he couldn't reach the right place and the worst part is he sent me messages later next day , however I blocked his number , it's something which should be addressed.",3,2019-02-18 17:21:41,mixed,"The delivery partner was unable to locate a nearby address, asked for a private phone number to send a location, and later sent unwanted messages the next day.",Implement in-app masking for phone numbers and locations so users do not have to share private numbers with delivery partners.,Delivery Partner Behavior,high,,,unknown,,Enhance delivery partner privacy controls and routing accuracy to prevent customer harassment and address navigation failures.,0.92,
658,very helpful and thank you swiggy.,5,2019-01-06 10:39:42,positive,,,Other,low,,,unknown,,Continue maintaining high service standards to sustain positive brand perception and customer satisfaction.,0.95,
659,"such a waste of time ... i order from kanti sweet , thrice delivery guy changed ..twice they call to inform item not available and finally they without even confirming with me.. they are really not bothered abouy customer..",1,2019-04-08 16:27:19,negative,"Multiple delivery partner reassignments, repeated item unavailability, and orders cancelled or altered without customer confirmation",Implement real-time inventory sync with restaurants to prevent ordering unavailable items and require customer confirmation before modifying or cancelling orders,Order Accuracy,high,,,unknown,,"Enhance communication protocols between restaurants, delivery partners, and customers to prevent unverified order modifications and reduce fulfillment failures.",0.88,
660,"What do you think about the service provided by swiggy. Swiggy told me that they don't have a delivery partner and they can not deliver my order. Really, if can't run your own business then better to move to other business. Do you really think that delivering with in 2km you will require 3 hours. Totally disappointed with the service, better to move on other business if your business model is not sustainable.",1,2021-11-29 19:13:53,negative,Order cancellation due to lack of delivery partner after a long delay for a short distance,Improve order fulfillment reliability and delivery partner availability tracking,Delivery Time,high,,,unknown,,Enhance rider allocation algorithms and capacity planning to prevent order cancellations caused by delivery partner shortages.,0.88,
661,Delivery boy has not taking well. The quantity of dish veg lollipop in hotel is 12 and you are giving only 8,1,2022-10-17 10:44:43,negative,Rude delivery partner behavior and missing items (received 8 veg lollipops instead of 12),,Order Accuracy,medium,,,unknown,,Implement automated order verification for restaurants to ensure item counts match before dispatch and establish better accountability for delivery partner conduct.,0.88,
662,Realtime offers good job swiggy item rate too high,2,2021-12-28 16:25:27,negative,Item rates are too high,,Pricing & Offers,low,,,unknown,,Introduce better value pricing or targeted discounts on high-demand items to address affordability concerns while leveraging positive reception of real-time offers.,0.85,
663,"Pathetic application and customer service. Earlier it was good. nNow, bugs, unwanted competition. It is a classic case ""We are the boss and we don't care"" attitude.",2,2020-12-03 07:36:22,negative,App bugs and poor customer service attitude,,Customer Support,medium,long-term user,,unknown,,Enhance app stability and customer service responsiveness to rebuild long-term user trust and satisfaction.,0.85,
664,Worest service time automatucally reseted,1,2021-06-01 08:54:44,negative,"Delivery time was automatically reset, causing service issues",Improve delivery time tracking and prevent automatic resetting of delivery times,Delivery Time,medium,,,unknown,,Enhance the reliability of delivery time estimates and eliminate unexpected timer resets to maintain user trust.,0.8,
665,need to improve a lot on understanding what a customer needs,2,2019-08-01 15:36:11,negative,Customer support or service delivery fails to understand and meet the customer's specific needs.,,Customer Support,medium,,,unknown,,Enhance customer service training and issue resolution workflows to better align with customer expectations.,0.65,
666,Swiggy helps me in my troubled situation. My biggest support . As long as swiggy is there I feel confident that I am not alone. Long live Swiggy.,5,2021-02-10 15:18:42,positive,,,Other,low,,,unknown,,Leverage strong brand loyalty and emotional connection to explore community-centric or value-added services beyond food delivery.,0.95,
667,Restaurants price swiggy price more difference fake offers,1,2019-09-13 07:44:53,negative,"Significant price discrepancy between restaurant menus and Swiggy prices, along with perceived fake offers.",Implement transparent pricing showing in-restaurant vs. app prices and verify promotional offer authenticity.,Pricing & Offers,medium,,,unknown,,Enhance price transparency and promotional accuracy to rebuild user trust in platform pricing and discounts.,0.85,
668,"Hunger saver , quite affordable price",5,2020-12-02 14:44:35,positive,,,Pricing & Offers,low,,,unknown,,Leverage value-driven messaging and affordability features to attract and retain budget-conscious customers.,0.95,
669,Sucks ... After one hour telling me that they cant deliver the order and have to initiate refund. Would have given 0 if allowed. Uninstalled successfully.,1,2019-04-13 13:01:37,negative,Order cancelled after a one-hour wait requiring a refund,Improve order fulfillment reliability and proactive communication regarding delivery cancellations,Delivery Time,high,,,high,Uninstalled successfully,Implement automated proactive alerts and better inventory/driver sync to prevent late order cancellations and retain user trust.,0.95,
670,Use less didn't identified mobile Waste of time to search out OTP,1,2020-08-31 13:33:46,negative,"Difficulty in identifying or receiving the OTP on mobile, leading to a frustrating login or verification experience.",Improve the OTP delivery and identification process during login or verification.,Account/Login,medium,,,unknown,,Enhance the OTP delivery reliability and streamline the authentication flow to reduce user drop-offs during verification.,0.65,
671,It has a fake account........ I haven't downloaded it before bt although it seems to someone else I'd on my phone,1,2020-10-02 11:02:49,negative,An unknown account or unauthorized login is appearing on the user's phone despite them never downloading the app before.,Provide better account security visibility and a clear mechanism to unlink or report unrecognized accounts.,Account/Login,critical,new user,,unknown,,Enhance account security monitoring and device association checks to prevent and resolve unauthorized or ghost account access issues for new users.,0.85,
672,Best service and Nice order tracking option,5,2022-01-16 15:02:28,positive,,,App Bugs/UX,low,,,unknown,,Highlight and promote successful real-time tracking features to reinforce user confidence and service reliability.,0.95,
673,"Lately the app is becoming inutile. Once you try to place an order it will say the restaurant is unservicrable. After refresh the same unservicrable restaurant will be shown in the options for ordering. Secondly, soaring delivery charges is another issue. Swiggy used to be my fav. app for food ordering but now other apps are way more convenient and time saving.",2,2020-10-14 14:41:29,negative,"App incorrectly shows restaurants as unserviceable before refresh, and delivery charges are too high.",Fix location/availability caching bug to prevent false unserviceable restaurant status.,App Bugs/UX,medium,long-term user,other apps,low,now other apps are way more convenient,Improve restaurant availability caching mechanisms and reassess delivery pricing strategy to compete with more convenient alternatives.,0.88,
674,Delivery is good but service is poor,2,2019-01-15 06:42:34,negative,Poor customer service despite good delivery,,Customer Support,medium,,,unknown,,Enhance customer service training and support channel responsiveness to match delivery performance.,0.7,
675,"Useless system , Fraud app , they are not refunding the amount , no help line number no platform where costume can complain , so My request to other costume don't order any think , just uninstall swiggy app and add you comments on this , thank you",1,2023-07-11 04:02:05,negative,The user experienced a refund failure and found no customer support phone number or accessible platform to lodge a complaint.,Provide an in-app customer support helpline or a direct communication channel for complaints.,Refunds & Payments,critical,,,high,just uninstall swiggy app,Enhance accessibility of customer support and automate proactive refund tracking to prevent resolution friction and user churn.,0.95,
676,"On account of non-availability of chips packet the software simply asked me to modify my order and removed the discount code. Instead of refund, I am asked to pay additional amount..",1,2021-04-20 13:22:07,negative,Modifying an order due to an unavailable item caused the discount code to be removed and resulted in an additional payment requirement instead of a refund.,Retain discount codes and apply appropriate refunds when modifying orders due to item unavailability.,Pricing & Offers,high,,,unknown,,Refine the order modification workflow to preserve promotional discounts and accurately handle price adjustments and refunds when items are out of stock.,0.92,
677,deliver well but delivery rates too high now and swiggy one membership is costly now. Amazon pay ICICI card offer valid only once :(,4,2022-11-24 04:43:10,mixed,"High delivery fees, expensive Swiggy One membership, and limited validity on the Amazon Pay ICICI card offer",Extend or make recurring the Amazon Pay ICICI card discount offer and lower subscription costs,Pricing & Offers,low,,,unknown,,Re-evaluate pricing tiers and promotional structures to improve perceived value for loyal subscription and payment card users.,0.88,
678,"The app service was good previously, but now they are making same mistakes again n again. We did not receive the order after waiting for 1.5 hrs. This happened twice. There is no coordination between delivery boy n restaurant. Kindly improve",1,2021-07-21 15:18:09,negative,"Orders not received after waiting for 1.5 hours, recurring twice due to lack of coordination between delivery partner and restaurant",Improve coordination features or tracking between delivery partners and restaurants to prevent recurring missing orders,Order Accuracy,high,long-term user,,unknown,,Develop better operational workflows and communication tools between restaurants and delivery partners to eliminate recurrent order fulfillment failures.,0.88,
679,never ontime ....kept on showing ontime but time is getting updated always ...pretty bad experience,2,2021-09-08 13:46:19,negative,"Delivery times are consistently inaccurate, continuously updating and failing to arrive on time.",Improve ETA prediction accuracy and real-time status updates for ongoing deliveries.,Delivery Time,medium,,,unknown,,Enhance predictive delivery modeling and dynamic ETA notification logic to manage user expectations during delays.,0.9,
680,"Awesome aap for foodies like me , full of offers discounts i just love it",5,2018-11-03 14:49:53,positive,,,Pricing & Offers,low,,,unknown,,Expand targeted promotional offers and personalized discounts to further engage enthusiastic foodie users.,0.95,
681,Idk why other people have problems with this app but.. I'm good with it I don't have any problems.. Great app 😊,4,2023-04-25 07:24:36,positive,,,App Bugs/UX,low,,,unknown,,Leverage positive user sentiment to understand core retention drivers and identify what is working well in the user experience.,0.95,
682,"Gud,but delivering order is not on time",3,2019-12-28 10:46:08,mixed,The delivery was not on time.,,Delivery Time,low,,,unknown,,Enhance real-time tracking and delivery ETA prediction algorithms to ensure more punctual deliveries.,0.85,
683,They charge money for cancel order.i ordered food from swiggy.order cancelled before getting confirmed by restaurant.so i recommend you to not using this app,1,2021-06-21 08:45:14,negative,Charged a cancellation fee for an order that was cancelled before being confirmed by the restaurant.,Waive cancellation fees for orders cancelled before restaurant confirmation.,Pricing & Offers,medium,,,unknown,,Implement transparent and fair order cancellation policies to prevent charging users for cancellations occurring before restaurant confirmation.,0.85,
684,Always ready to deliver the best,5,2021-08-18 15:18:47,positive,,,Other,low,,,unknown,,Leverage consistent positive service sentiment to encourage customer loyalty and brand advocacy.,0.9,
685,Very yummy and tasty with nice packing and quality,5,2021-06-21 12:22:38,positive,,,Restaurant Quality,low,,,unknown,,Highlight top-performing restaurant partners to encourage repeat orders and build trust in food quality.,0.95,
686,Very good app to order food I can say that it's better than zomato,5,2019-11-05 21:03:58,positive,,,Pricing & Offers,low,,Zomato,unknown,,Leverage competitive positioning against Zomato to maintain user loyalty and highlight platform strengths.,0.9,
687,Very good App for food craving people,5,2023-04-23 04:44:10,positive,,,Other,low,,,unknown,,Enhance user engagement features to capitalize on positive sentiment and maintain high satisfaction for food enthusiasts.,0.9,
688,No words can express my thankfulness to this app Heartful thanks to the one who created this 👍👌👌👌,5,2019-08-20 14:37:36,positive,,,Other,low,,,unknown,,Leverage high customer satisfaction through referral programs or brand loyalty campaigns.,0.9,
689,The app is just awesome the discounts are great as well and also the service.Most of the time the delivery executives attitude is very nice and gentle but this time the executive was rude.,4,2019-05-08 17:57:31,mixed,Delivery executive had a rude attitude this time.,,Delivery Partner Behavior,low,,,unknown,,Enhance delivery partner training and feedback loops to ensure consistently polite customer interactions.,0.9,
690,They're great. U won't regret downloading...Until your purse is empty that is.,5,2021-01-28 03:08:39,mixed,High prices or hidden costs depleting user funds despite a good app experience,,Pricing & Offers,low,,,unknown,,Provide greater price transparency and clearer cost breakdowns upfront to manage expectations around total spending.,0.85,
691,"I ordered 9 items but I received 8 items, i raised the issue but they are not solving my problem and they just stirring me via chat. After 1 hr chat he told me we will mail you on your mail id upto 6 hrs. This is too worst experience 😔. Still didn't resolved my issue.",1,2023-06-03 11:47:32,negative,"Missing item from order and unhelpful, circular customer support chat that delayed resolution.",Implement an efficient in-app resolution flow for missing items without relying on prolonged customer support chat loops.,Order Accuracy,high,,,unknown,,Streamline the missing item reporting and automated refund/resolution process to reduce customer effort and eliminate frustrating support wait times.,0.95,
692,Always when we ordered from swiggy food was so cold like as samosa and Jalebi so cold so don't order from swiggy,1,2019-12-26 06:42:33,negative,Food items like samosa and jalebi arrived cold,Implement better thermal packaging or delivery dispatch coordination to ensure hot food delivery,Restaurant Quality,medium,,,unknown,,Enhance packaging standards and partner with restaurants to ensure temperature retention for hot food items during transit.,0.9,
693,"PLEASE DONT PREPAID ORDER FOOD FROM HERE I BEG YOU PLEASE READ MY EXPERIENCE BEFORE ORDERING ANYTHING FROM THIS . So i moved to a new town which has swiggy so i was a new customer to this not knowing how bad and what scam of a service it was. So i ordered some butter nan, chicken curry , paneer do pyaza which cost me 739 INR and i prepaid that using net banking. The delivery guy didnt even call me once and cancelled by order and swiggy refused to refund any money even though he didnt deliver.",1,2020-09-25 01:29:48,negative,"Prepaid order was cancelled by the delivery partner without contact, and Swiggy refused to issue a refund.",Implement an automated refund trigger for undelivered cancelled orders and require proof of delivery contact.,Refunds & Payments,critical,new user,,unknown,,Enhance order cancellation handling and automated refund policies for prepaid orders cancelled by delivery partners.,0.92,
694,Instamart removed after updating the app.,2,2022-09-28 06:40:06,negative,Instamart feature is missing after the latest app update,Restore the Instamart feature to the main app interface,Instamart,medium,Instamart user,,unknown,,Improve QA processes for app updates to ensure core features like Instamart remain accessible.,0.85,
695,"I loved this app, but from past two days I have been facing the issue while ordering food, it is keep saying that - your account is suspended. And when I discussed with CSE they told that they are unable to see any issue for my account and advised me to update or reinstall the app. However, my app was up to date, I tried reinstalling but now I'm unable to login to my account with the same number, it is taking me to the sign-up page. Disappointed with the service now.",3,2019-03-09 05:13:09,negative,"Account is falsely shown as suspended, and reinstalling caused the user to lose access and get redirected to the sign-up page.",Improve account status visibility for customer support agents and fix account recovery/login loops after reinstallation.,Account/Login,critical,,,unknown,,Streamline account recovery workflows and synchronize customer support backend tools with real-time account status to resolve login lockout issues efficiently.,0.92,
696,Easy to use. Simple. Perfect.,5,2021-10-17 13:03:52,positive,,,App Bugs/UX,low,,,unknown,,Maintain current UX simplicity and usability standards to ensure continued high user satisfaction.,0.98,
697,very bad service please do't install this app..else ur life is going to hell,1,2020-02-21 07:48:23,negative,Extremely poor overall service experience leading to a strong warning against using the app,,Other,medium,,,unknown,,Investigate root causes of severe customer dissatisfaction and implement proactive quality-of-service monitoring to rescue failing user experiences.,0.6,
698,Quick service.. quality foods.. thanks for complete our hungry...,4,2019-11-28 08:00:52,positive,,,Restaurant Quality,low,,,unknown,,Maintain consistent food quality and rapid delivery speeds to reinforce positive user habits and satisfaction.,0.9,
699,"From past few days I am unable to order from anywhere in Indore location, it is showing error that no delivery guy is available.",1,2022-11-04 12:46:48,negative,Unable to place any orders in the Indore location due to a lack of available delivery partners.,Improve delivery partner capacity and availability alerts in affected locations.,Delivery Time,high,,,unknown,,Enhance rider allocation algorithms and capacity management to prevent widespread service outages in specific geographic regions.,0.9,
700,Hopeless people!!!!!!Bad service!!! My order got delivered after 1 and half hour. Customer care people are really hopeless. He took 6 mins to contact delivery boy!! If you guys don't want to help customer them just remove your helpline.,1,2019-08-14 14:55:29,negative,Order was delivered 1.5 hours late and customer support was unresponsive and unhelpful.,,Delivery Time,high,,,unknown,,Enhance delivery ETA accuracy and streamline customer support workflows to reduce resolution times for delayed orders.,0.88,
701,Hygiene food like our home... Hope so it will be maintain in future... Not like zomato they delivered road side street food,5,2019-09-11 16:22:45,positive,,,Restaurant Quality,low,,Zomato,unknown,,Implement quality assurance tracking to ensure consistent food hygiene standards across restaurant partners.,0.85,
702,"It makes work easier, so whatever we order is from swiggy, good discounts too. Love this app",5,2020-07-17 14:20:44,positive,,,Pricing & Offers,low,long-term user,,unknown,,Enhance personalized discount programs and reliability to further strengthen user loyalty and daily usage habit.,0.95,
703,Not available items and order received without enquiry order available or not,1,2020-11-02 18:38:03,negative,"Items were marked as available and ordered, but delivered without checking with the restaurant first if they were actually in stock.",Implement real-time restaurant inventory verification before order placement and automatic refund for out-of-stock items.,Order Accuracy,medium,,,unknown,,Enhance inventory synchronization between restaurants and the app to prevent ordering of unavailable items.,0.8,
704,Authentic and timely delivered,5,2021-11-21 07:12:38,positive,,,Restaurant Quality,low,,,unknown,,Highlight and promote consistent food authenticity and reliable delivery speed to reinforce user trust.,0.9,
705,Not able to upload attachment while chatting,1,2021-05-23 15:43:25,negative,Unable to upload an attachment while chatting with support,Allow users to upload file attachments in the chat interface,App Bugs/UX,low,,,unknown,,Enhance the in-app chat functionality by supporting media and document uploads to improve user support resolution times.,0.9,
706,"Whenever I'm using swiggy apps it's better than Zomato bcz Zomato never bothered the customer choice doing always monopoly But I can say swiggy is better than to other's it's better , bigger, & Coustomer oriented .. ...",5,2021-07-02 12:24:12,positive,,,Other,low,,Zomato,unknown,,Leverage customer-centric positioning and perceived fairness over competitors to strengthen brand loyalty and market share.,0.9,
707,"Worst app , can't cancel order if mistakely order is placed! !!!! Otherwise everything is goof timing of delivery, food taste and quality",1,2020-08-06 10:12:21,mixed,Inability to cancel an order after accidentally placing it,Add an order cancellation window or feature for accidentally placed orders,App Bugs/UX,medium,,,unknown,,Introduce a grace period or self-service cancellation option for recently placed orders to improve user experience and reduce accidental order frustration.,0.9,
708,Swiggy is stealing phone. My order got cancelled and they deducted half of the amount as food wastage. However the order was for groceries. How can be there food wastage in that case.,1,2020-06-19 08:13:03,negative,Order got cancelled and Swiggy unfairly deducted half the amount as food wastage for a grocery order.,Implement category-specific cancellation policies so non-food orders like groceries are not incorrectly charged as food wastage.,Refunds & Payments,high,,,unknown,,Refine cancellation penalty logic and automated deduction rules to prevent incorrect charges on non-food inventory categories like Instamart.,0.92,
709,Unable to find our location,1,2023-04-10 07:34:42,negative,Delivery partner or map was unable to locate the delivery address,Improve location detection and delivery partner navigation for difficult addresses,App Bugs/UX,medium,,,unknown,,Enhance location pinning accuracy and navigation tools to help delivery partners easily locate addresses.,0.85,
710,coustemer related issues are not solving swiggy its a worst service app to costumer zomato is very best than swiggy i faced two times from swiggy its not favouring to coustmers its a favour of restraunts only,1,2023-07-08 14:13:09,negative,Customer support issues are not being resolved and the app is perceived to favor restaurants over customers.,,Customer Support,high,,Zomato,high,zomato is very best than swiggy,Enhance customer support resolution frameworks and customer advocacy policies to ensure fairness and trust.,0.85,
711,Have been having horrible experience for past one month with this stupid app even after being a super member. Won't suggest it to anybody and the worst people are the customer service people. They come up with stupid responses which doesn't help at all. It's extremely disappointing to see such activities happening on swiggy.,2,2019-09-14 15:01:18,negative,Poor customer service response quality and ongoing bad experiences despite having a super membership,,Customer Support,high,super member,,unknown,,Enhance customer support agent training and response relevance to improve resolution rates for loyal and premium members.,0.85,
712,Service is good but food is not good always bad foods delivered,3,2019-10-20 07:15:01,mixed,Consistently receiving bad quality food despite good overall service.,Implement stricter restaurant quality control or review filtering for food quality.,Restaurant Quality,medium,,,unknown,,Introduce better quality assurance mechanisms and restaurant ratings accountability to ensure consistent food freshness and taste.,0.85,
713,every time delivery very late give n some delivery executive behaviour very rude,2,2023-03-13 08:09:32,negative,Deliveries are consistently late and delivery executives exhibit rude behavior,Implement better delivery time estimation and rider behavior training or rating mechanisms,Delivery Time,high,,,unknown,,Improve delivery ETA accuracy and establish stricter quality control for delivery partner professionalism.,0.85,
714,Too bad app We can not cancel our order if we cancel the order we have to pay the order price in our next order Worst experience ever,1,2020-11-06 15:56:49,negative,Inability to cancel orders without being forced to pay the full price of the cancelled order on the next transaction,Allow order cancellations without charging the user for the cancelled item on future orders,Refunds & Payments,high,,,unknown,,Redesign the order cancellation policy and workflow to provide a fairer resolution for accidental or immediate cancellations without punitive next-order charges.,0.92,
715,Somehow the location is always wrong,1,2019-01-27 07:40:34,negative,The app consistently fails to detect or set the correct delivery location.,Improve automatic location detection accuracy or provide a more intuitive manual map pinning experience.,App Bugs/UX,medium,,,unknown,,Enhance location-services integration and address persistent geolocation bugs to ensure accurate address detection.,0.85,
716,"Very poor, doesn't give you option to call plus GpS picks wrong location. Delivery guys are super rude",1,2020-12-19 09:22:43,negative,"Inability to call the delivery partner, incorrect GPS location detection, and rude behavior from delivery partners.",Add a direct call option and improve GPS location accuracy.,Delivery Partner Behavior,high,,,unknown,,Enhance app communication features and location accuracy while implementing delivery partner customer service training.,0.9,
717,Excellent. Genuine. Sincere. Care for customers.,5,2019-12-06 10:15:56,positive,,,Other,low,,,unknown,,Leverage positive brand perception and customer care sentiment to drive user retention and loyalty programs.,0.95,
718,8.15. Delivery time 41min 8.22. Delivery time 40min I don't know how you guys are calculating the time..I hope 7min for us is only 1min for swiggy..worst of our time ordering on this platform.. you people change everything on your own.. Great that atleast you have left the choice of dish to us..who knows whether in the future you will only choose the dish for the customer also..,1,2020-08-20 14:54:42,negative,Inaccurate and lengthy delivery times combined with sarcasm about automated time calculation and app control,,Delivery Time,medium,,,unknown,,Enhance delivery estimation algorithms and transparency to provide more realistic arrival times and rebuild customer trust.,0.88,
719,Route map showing wrong. Every time delivery person called and ask the location for delivery. Please correct the route map,1,2021-07-21 06:33:04,negative,"The in-app route map shows incorrect locations, causing delivery partners to repeatedly call the user for directions.",Improve map accuracy and geolocation routing to prevent delivery partners from getting lost.,App Bugs/UX,medium,,,unknown,,Enhance mapping and location integration to improve delivery navigation accuracy and reduce friction for both users and delivery partners.,0.9,
720,very unprofessional staff service,4,2019-08-13 14:27:58,negative,Unprofessional service staff,,Delivery Partner Behavior,medium,,,unknown,,Implement service quality training and feedback mechanisms for delivery partners to enhance professionalism.,0.65,
721,I have very bad experience with this swiggy because this swiggy is very very bad service and also rider language are very bed so don't use this app swiggy,1,2021-06-17 09:58:44,negative,Poor overall service and unprofessional language used by the delivery rider,,Delivery Partner Behavior,high,,,unknown,,Enhance rider training and implement stricter behavioral guidelines to improve customer interactions and service quality.,0.85,
722,Very good service but need sometimes offer please ok,5,2021-11-08 17:02:25,positive,,Provide discounts and offers more frequently,Pricing & Offers,low,,,unknown,,Introduce targeted promotional offers and loyalty discounts to enhance user engagement and perceived value.,0.9,
723,Swiggy not give full details of term and condition about cashback.,1,2020-12-01 07:11:47,negative,Cashback terms and conditions are not fully or clearly provided by Swiggy,Display transparent and complete terms and conditions for cashback offers,Pricing & Offers,low,,,unknown,,Improve promotional transparency by providing easily accessible and comprehensive terms and conditions for all cashback and discount offers.,0.85,
724,Helps you explore all the new restaurants and dishes sitting right at home! Good discounts too 👍,5,2022-02-06 08:04:02,positive,,,Pricing & Offers,low,,,unknown,,Enhance restaurant discovery and personalized recommendations to help users easily find new dining options.,0.95,
725,It's good overall more offers related to orders should be included,4,2019-08-31 16:05:07,positive,,Include more offers related to orders,Pricing & Offers,low,,,unknown,,Enhance the personalization and frequency of promotional offers to drive user engagement and order frequency.,0.9,
726,worst app even no one is there to listen even a partner....sent so many mails but no one even reply.,1,2019-03-15 08:52:42,negative,Customer support is unresponsive to emails and inquiries.,Implement a responsive support ticketing system or live chat with shorter wait times.,Customer Support,high,,,unknown,,Enhance customer support infrastructure and communication channels to ensure timely resolution of user issues.,0.9,
727,Highly pathetic customer support of late. You can't connect with them over phone to explain the concern. Abruptly the complaints are closed without proper redressal.,1,2022-12-23 21:18:06,negative,Unable to connect with customer support over the phone and complaints are being abruptly closed without proper resolution.,Provide a direct phone line to connect with customer support agents and prevent automatic closure of complaints without resolution.,Customer Support,high,,,unknown,,Enhance customer support accessibility by introducing direct calling options and implementing stricter quality checks on complaint resolution workflows.,0.92,
728,I am so thoroughly disgusted at the app. My delivery always ends up going to a different location. Each and every time. I dont know why when the address I have typed is different and it shows another location on the map,2,2023-02-21 07:31:55,negative,"The app consistently misinterprets the typed delivery address and sets a different location on the map, leading to delivery to the wrong place.",Improve address mapping and location auto-detection accuracy to prevent incorrect delivery locations.,App Bugs/UX,high,,,unknown,,Enhance location pin-pointing logic and address verification workflows to ensure delivery personnel receive accurate destination coordinates.,0.9,
729,Always calls to customer and say delivery guy has met with an accident. we are sorry. I am fortunate to face this 3 times. Even if u complain they simply say sorry. To get your money back its a big process 4days to 1 week. Delivery guys are arrogant if u stay in 3 or 4th floor they command you to come down and take order or else they will leave. After facing so many times then only I am putting here.,1,2020-03-20 12:49:22,negative,"Fake accident excuses used for delivery delays, lengthy refund process taking 4 to 7 days, and delivery partners demanding customers come downstairs to collect orders.",Implement an automated instant refund system and stricter delivery partner conduct monitoring.,Delivery Partner Behavior,high,long-term user,,unknown,,Enhance delivery partner accountability and streamline automated refunds to resolve recurring operational friction and rebuild user trust.,0.88,
730,Really disappointing... Delivery partner is always late for delivery...,2,2022-01-17 18:53:29,negative,Delivery partners are consistently late with deliveries,,Delivery Time,medium,,,unknown,,Optimize delivery routing and ETA estimation to address recurring delays.,0.85,
731,Worst app applied coupon with free delivery but on checkout its shows delivery charge.,1,2023-07-15 13:15:04,negative,"Coupon applied showing free delivery, but delivery charges appeared at checkout",Ensure coupon discounts including free delivery persist correctly through checkout,Pricing & Offers,medium,,,unknown,,Improve coupon application logic and UI consistency during checkout to prevent pricing discrepancies between promotional offers and final payment screens.,0.9,
732,The way you give customers only 60seconds to cancel the order Why don't you give the flexibility to the consumer to cancel the order if it is running late? You should also be held accountable for not fulfilling the orders in the promised amount of time. Or else what's the point,2,2021-12-05 08:43:39,negative,Order cancellation window is too short at 60 seconds and lack of cancellation flexibility when orders are delayed,Extend the order cancellation window or allow cancellation without penalty when delivery is running late,Delivery Time,medium,,,unknown,,Introduce dynamic order cancellation policies that adapt to delivery delays to improve consumer trust and flexibility.,0.88,
733,the service is now worst of swiggy... there is zomato is better than the swiggy... learn from zomato charging cancellation charge even when canceling in 2 minutes of order,1,2019-08-08 12:54:39,negative,Lack of a cancellation grace period allowing free cancellation within 2 minutes of placing an order,"Implement a free order cancellation window within a few minutes of placing an order, similar to competitors",Pricing & Offers,medium,,Zomato,unknown,,Introduce a flexible cancellation policy with a short grace period to align with market standards and improve customer satisfaction during order modifications.,0.85,
734,Delivery service is too slow just 2.5km restaurant away from my home . I ordered food it take more than 1 hour to deliver the food it is better to me go and walk to buy the food direct from restaurant 😞,1,2021-11-22 15:24:15,negative,Delivery took over 1 hour for a restaurant that is only 2.5 km away,Improve short-distance delivery speed and dispatch logistics,Delivery Time,medium,,,unknown,,Optimize short-distance batching and dispatch algorithms to prevent excessive delivery times for nearby orders.,0.9,
735,"very very pathetic experience. ordered food at 9.37 from a restaurant nearby. it is still showing food is being prepared and it will take 17 minutes. time is getting increased. if you don't have proper contact and understanding with restaurants, why do you confirm orders????",3,2019-08-15 06:06:02,negative,Order is heavily delayed with the preparation time continuously increasing beyond the estimated time.,Improve coordination and status synchronization between the app and partner restaurants.,Delivery Time,medium,,,unknown,,Enhance restaurant integration and real-time prep status accuracy to prevent continuous delivery delays.,0.9,
736,Missing item is last 2 orders....no one is interested to listen and resolve the issue...pathetic service,1,2023-01-10 17:50:40,negative,Missing items in the last two orders with unhelpful customer support,,Order Accuracy,high,,,unknown,,Implement automated order-checking and proactive customer support interventions for repeat order errors to improve accountability.,0.88,
737,"Great experience with swiggy team always politely conversation with management And loved it ordering in swiggy 😊, Thank you ..",5,2019-09-19 13:18:52,positive,,,Delivery Partner Behavior,low,,,unknown,,Recognize and reward delivery partners for consistent polite communication to maintain high customer satisfaction.,0.95,
738,"Swiggy is indeed good if you want to order some food, and I am satisfied with the service. However, as a foreigner I found it hard to use since the delivery boy can barely speak english and they always don't have any change. For now I'll stick to cooking and eating out rather than use Swiggy.",3,2019-08-21 02:57:13,mixed,Language barrier with delivery partners and lack of change for cash payments for foreign users.,"In-app translation or preference setting for delivery partner language, or better digital payment adoption for cash-on-delivery alternatives.",Delivery Partner Behavior,medium,foreign user,,medium,For now I'll stick to cooking and eating out rather than use Swiggy.,"Enhance localization and communication tools for international users, and improve cashless payment workflows to resolve change availability issues.",0.88,
739,Extremely slow at delivering order. It is taking almost 2hrs hasn't delivered the order yet.,1,2022-05-16 06:56:58,negative,"Order delivery is taking almost 2 hours and is extremely slow, with the order not yet delivered.",,Delivery Time,high,,,unknown,,Enhance real-time delivery tracking and dynamic ETA accuracy to better manage expectations during severe delivery delays.,0.95,
740,No response from swiggy after 1 hour....very bad experience today with swiggy. ..pls take care before ordering from swiggy.......almost 1.30 minutes stillwaiting for order to be prepared,1,2020-10-13 17:10:04,negative,Order is heavily delayed during food preparation with no response from Swiggy support after an hour.,,Delivery Time,high,,,unknown,,Enhance real-time order tracking and proactive delay notifications to keep users informed when restaurant preparation times exceed estimates.,0.85,
741,Giving fake offers don't puts and any order swiggy app,1,2023-07-12 06:31:54,negative,The app displays misleading or fake offers.,Improve transparency and accuracy of promotional offers and discounts displayed in the app.,Pricing & Offers,medium,,,unknown,,Enhance promotional offer validation and terms transparency to rebuild user trust in platform discounts.,0.75,
742,I really like this app and when I wanted to cancel the order it is the big procedure and unable to cancel rest of that this is the fastest delivery app . Heads of the delivery team they work in the rain,4,2020-07-09 16:39:51,mixed,The cancellation process is too complicated and makes it difficult to cancel an order.,Simplify the order cancellation process so users can cancel orders easily.,App Bugs/UX,medium,,,unknown,,"Redesign the order cancellation flow to provide a self-serve, frictionless cancellation option before food preparation begins.",0.85,
743,service is not at all good,1,2019-10-08 08:33:38,negative,overall service quality is poor,,Other,medium,,,unknown,,Conduct a comprehensive review of service touchpoints to identify root causes of general user dissatisfaction.,0.4,
744,After whatever nuisance or hours of wait they simply throw your money on your face n say sorry for inconvenience. It's even more frustrating if you are on a membership. So good luck swiggying,1,2022-05-21 17:45:18,negative,Poor handling of delayed orders with inadequate compensation (refund/apology) despite being a paid member,Provide more reliable delivery times and better customer service resolution for delayed orders,Delivery Time,high,,,unknown,,Enhance service recovery protocols and delivery reliability for premium members experiencing severe delays.,0.85,
745,"Pathetic, keeps crashing not stable",1,2021-10-11 04:45:32,negative,The app keeps crashing and is not stable.,Improve app stability and fix crashes,App Bugs/UX,high,,,unknown,,Enhance mobile application stability through rigorous bug testing and performance optimization to prevent crashes.,0.95,
746,Worst site. Customer service are worst. Can't resolve the problems.,1,2019-11-23 17:45:36,negative,Customer service is unresponsive or unable to resolve user problems,Improve agent training and issue resolution workflows for customer support,Customer Support,high,,,unknown,,Enhance support team empowerment and ticketing workflows to ensure first-contact resolution for frustrated customers.,0.85,
747,"Was so excited for the occasion, everyone listed their items to order, everything went well, I checked out, the payment was done from my bank successfully and the app showed the payment is not received 😒, the debited money was contro from all and after the money got debited we couldn't order anything, it spoiled our mood totally.. yet to get refund.. Have a quick refund policy.. You know I have paid, you have received but just some tech error, either place the order or give refund immediately.",1,2020-01-01 10:22:00,negative,"Payment was debited from the bank successfully, but the app claimed payment was not received, trapping the funds and preventing the order from being placed.",Implement an automated fallback to either place the order or instantly refund when a tech error occurs after successful bank debit.,Refunds & Payments,high,,,unknown,,Enhance payment gateway error handling and reconciliation to automatically recover failed orders or instantly trigger refunds during transaction mismatches.,0.9,
748,They are fraud.Order missing now they are not refunding my money also even though I am a regular customer of swiggy.,1,2023-01-01 08:32:30,negative,Missing order items and refusal to issue a refund,Automated missing item verification and instant refund processing,Refunds & Payments,high,long-term user,,unknown,,Streamline the missing item reporting and refund workflow to retain loyal customers and reduce friction during dispute resolution.,0.92,
749,About food detail and test must be good and take taste feed back muat,3,2019-09-15 15:40:26,neutral,Lack of proper feedback mechanism for food taste and details,Implement a taste and food detail feedback feature,Restaurant Quality,low,,,unknown,,Introduce a dedicated post-delivery feedback system focused on food taste and quality to help restaurants improve their offerings.,0.75,
750,there are usually no offers,3,2019-08-10 04:45:40,neutral,lack of available offers or discounts,,Pricing & Offers,low,,,unknown,,Enhance promotional offerings and personalized discounts to improve perceived value for value-conscious users.,0.85,
751,i like it because i dont want to wait for my hunger.,4,2019-02-22 07:01:31,positive,,,Delivery Time,low,,,unknown,,Maintain and highlight fast delivery performance to reinforce the core value proposition of quick hunger satisfaction.,0.9,
752,Tracking is not good and customer care response is very poor some times,3,2019-03-20 06:57:14,negative,Inaccurate delivery tracking and occasionally poor customer care response.,Improve real-time tracking accuracy and enhance customer support responsiveness.,App Bugs/UX,medium,,,unknown,,Enhance delivery tracking visibility and streamline support workflows to improve issue resolution times.,0.85,
753,Easy to use and place order.,5,2019-09-10 13:37:09,positive,,,App Bugs/UX,low,,,unknown,,Maintain a streamlined and intuitive user interface to sustain high user satisfaction during the ordering process.,0.95,
754,Very bad experience I use first time this app I wait my order last 3hour but order not come I use one glass water drink nd sleep,1,2022-05-10 17:12:02,negative,Order was not delivered after a 3-hour wait,Improve real-time order tracking and reliable fulfillment,Delivery Time,high,new user,,unknown,,Enhance delivery operations monitoring and proactive notification systems to prevent extreme fulfillment delays and customer desertion.,0.85,
755,"It is really trustworthy, no need to worry about time,quality etc.",5,2018-11-27 15:41:38,positive,,,Delivery Time,low,,,unknown,,Maintain and highlight consistency in delivery time and food quality to reinforce customer trust.,0.9,
756,"Worst response from swiggy. I have been waiting for my refund since 2 weeks. I was assured for refund within 2hours. After 12 days when I raised my complaint with all the pics of debited transactions successfully credited to swiggy, they say that they didn't receive it and also said that i need to go to bank and bring some more proofs. I have sent their previous conversation with me about refund and all the transactions done. I never suggest you to use this swiggy.",1,2022-11-18 14:53:44,negative,Delayed refund for two weeks and poor customer support refusing to acknowledge successful payment transaction proofs.,Automate refund processing and provide transparent status tracking within the app to prevent the need for manual support intervention.,Refunds & Payments,high,,,unknown,,Streamline the refund verification and disbursement workflow by integrating bank transaction matching to reduce resolution times and eliminate conflicting support responses.,0.92,
757,"If the hotel deliver a wrong food or cancels the order after the given time, swiggy do not do any kind of customer related help",2,2021-11-12 11:26:00,negative,Customer support fails to provide assistance when a restaurant delivers the wrong food or cancels an order after the delivery time.,Provide proactive customer support and immediate resolution for wrong or cancelled orders.,Customer Support,high,,,unknown,,Enhance customer support workflows to automatically intervene and assist users when restaurants make errors or cancel orders late.,0.88,
758,best food delivery app...😍😍😍,5,2019-08-08 11:11:19,positive,,,Other,low,,,unknown,,Maintain and enhance the core user experience to retain high satisfaction across the user base.,0.95,
759,location needs to be more precise....,2,2019-08-17 07:15:34,negative,Location detection or mapping is not precise enough,Improve location pin-pointing accuracy within the app,App Bugs/UX,medium,,,unknown,,Enhance mapping algorithms and GPS accuracy to streamline address pin-pointing and delivery routing.,0.85,
760,"Good experience.. Very Happy for their offers with promo code.. But, should be more conscious about delivery timing..",4,2019-12-28 15:26:53,positive,Delivery timing could be more punctual,,Delivery Time,low,,,unknown,,Enhance delivery time estimation algorithms to ensure greater punctuality while maintaining promotional incentives.,0.9,
761,This app is good i am hungry at 11:30 and i open this app and order food for me and now my hunger is over loved it!,5,2019-02-02 18:09:08,positive,,,Other,low,,,unknown,,Enhance late-night restaurant availability and order fulfillment to capture spontaneous hunger-driven demand effectively.,0.95,
762,"Had a very unpleasant experience...the delivery guy said the food was delivered but it was not...and then when I tried to call customer service no one responded..when I tried to call the delivery ""partner"" he had blocked my number. I lost money and couldn't even do anything about it !",1,2018-11-23 12:13:25,negative,"Delivery partner falsely marked the order as delivered, blocked the user's number, and customer support was unresponsive, resulting in financial loss.",Implement a reliable proof-of-delivery mechanism and a direct dispute resolution channel for undelivered orders.,Customer Support,critical,,,unknown,,Enhance rider accountability controls and streamline dispute resolution for fraudulent delivery closures to protect user funds and trust.,0.92,
763,Worst service from swiggy and worst response,1,2023-05-12 19:20:25,negative,Poor service and unresponsive customer support,,Customer Support,medium,,,unknown,,Enhance customer support responsiveness and service reliability to improve overall user perception.,0.75,
764,Better to reduce the delivery charges,4,2021-11-04 14:31:17,neutral,High delivery charges,,Pricing & Offers,low,,,unknown,,Evaluate delivery fee structures or introduce loyalty perks to improve perceived value for price-sensitive customers.,0.9,
765,Quick and safe delivery 🤠,5,2022-10-14 11:33:39,positive,,,Delivery Time,low,,,unknown,,Maintain consistent delivery speed and reliability standards across all orders to sustain high customer satisfaction.,0.95,
766,Delivery charge and additional charges is too high I prefer buy food on street shop is good,2,2022-05-26 01:31:57,negative,"Delivery charges and additional fees are too high, making street food a preferred option",,Pricing & Offers,low,,,unknown,,Introduce tiered delivery fee structures or value-based pricing options to retain price-sensitive customers.,0.88,
767,swiggy delivery 🚚 fasting food is,5,2023-07-10 12:16:58,positive,,,Delivery Time,low,,,unknown,,Highlight fast delivery options for special dietary and fasting occasions.,0.4,
768,Sometimes location is not accurate,4,2021-09-11 13:05:09,neutral,Location is occasionally inaccurate,Improve location pin-pointing accuracy,App Bugs/UX,low,,,unknown,,Enhance GPS and address mapping algorithms to improve pickup and delivery location precision.,0.85,
769,After waiting for 1 hour when rider is not responding to me as well as swiggy team and swiggy team is forcing me to cancel my order as my order is spoiled and rider is at my location and when i ask them to hand me spoiled order then they disconnect the call the fact is rider didn't move to my location at all i have all screen shots of that time.They all are lying . What a great service you are providing.,1,2022-04-02 06:48:22,negative,"Order was severely delayed, rider and support team were unresponsive, and the support team forced order cancellation for a spoiled order while lying about the rider's location.",Improve coordination between support and delivery partners and provide reliable tracking to prevent false location updates.,Customer Support,critical,,,unknown,,Enhance quality assurance and transparency in dispute resolution when orders are delayed or compromised to rebuild customer trust.,0.92,
770,On Cancelling my order they demand cancellation fee which is to be charged in Next Order and Cancellation fee is 50% of the cancelled order this is horrible anyway app is good,3,2023-07-19 14:17:13,mixed,Charging a 50% cancellation fee to be applied to the next order,Implement a fairer cancellation fee policy or allow free cancellations within a reasonable time window,Pricing & Offers,medium,,,unknown,,Introduce a transparent and flexible order cancellation policy to prevent user frustration over hidden or punitive penalty charges on future orders.,0.85,
771,Always dissapoints as almost every order takes more time then usual. They show other time and deliver late everytime.,1,2021-08-10 10:22:31,negative,Orders consistently take longer than the estimated delivery time shown in the app.,Improve the accuracy of delivery time estimates shown before ordering.,Delivery Time,medium,,,unknown,,Enhance predictive delivery time algorithms and provide real-time proactive updates when delays occur to better align customer expectations.,0.9,
772,Your food items are costlier than Zomato for same restaurant,4,2021-08-04 05:14:44,neutral,Food items on Swiggy are more expensive than on Zomato for the same restaurant.,,Pricing & Offers,low,,Zomato,unknown,,Implement dynamic price-matching alerts or competitive pricing transparency features to address cross-platform price disparities.,0.9,
773,"It's so bad , when a restaurant cancels the order they don't update it in the app. Keep you waiting forever.",2,2019-09-22 08:24:29,negative,"Restaurants canceling orders without the status being updated in the app, leading to extended waiting times.",Implement real-time app notifications or status updates when a restaurant cancels an order.,Order Accuracy,medium,,,unknown,,Improve real-time order status synchronization between restaurants and the user app to prevent customers from waiting on canceled orders.,0.9,
774,But the delivery could be faster it will be ok,4,2018-12-31 09:58:27,positive,Delivery speed could be faster,,Delivery Time,low,,,unknown,,Optimize delivery routing and partner dispatch to reduce delivery times and enhance overall user satisfaction.,0.85,
775,Very much disappointed by the swiggy app.I ordered food and used the offer the order wasnt confirmed so when i reordered the food the msg poped saying you cannot use the offer 2 times you can try after 2 hours.,1,2019-08-01 16:11:09,negative,Offer restriction prevented reusing a promotion after an unconfirmed order failed.,Allow promo codes to be reused if the initial order failed to confirm,Pricing & Offers,medium,,,unknown,,Improve promotion state management so that discounts are not locked to unconfirmed or failed orders.,0.92,
776,Never use this service is very bad they just eat customer money and don't provide services,1,2019-11-08 11:14:05,negative,The user experienced a major service failure where money was deducted but no service or food was provided.,,Refunds & Payments,critical,,,unknown,,Implement automated payment reconciliation and instant refund triggers for failed transactions to restore user trust.,0.85,
777,Very usual application for food services,5,2021-10-26 07:09:39,positive,,,Other,low,,,unknown,,Maintain consistent service quality to reinforce the app's established reliability.,0.8,
778,I get hungry whenever I see 'Swiggy' 😂 So most of the money I spend is on food!,4,2019-09-24 18:12:37,positive,,,Pricing & Offers,low,,,unknown,,Capitalize on high user engagement and appetite triggers through targeted promotions and gamified rewards to increase order frequency.,0.9,
779,"I have placed an order and my order got cancelled . I have talked with them and they assured me the money back on that day. But it's been a month , I haven't received any response from them nor my money . When I tried to talk to them they tell me that there was no such record. I still have my messages sent by swiggy of refund and also bank details. I have also written an email also but they have turned deaf to my messages Worst service ! Bunch of crooks looting money",1,2021-05-20 11:23:30,negative,"Order was cancelled and refund of money has not been processed after a month, with customer support denying records despite proof.",Provide an in-app tracking ledger for refunds and a direct way to escalate unresolved financial disputes to senior support.,Refunds & Payments,critical,,,unknown,,Improve payment reconciliation workflows and customer service tracking to automatically link refund promises with bank transactions and prevent lost tickets.,0.92,
780,"Swiggy super discontinued mid subscription and given an ""upgrade"" (it's not) to swiggy one, which is worse in all ways - costs more, higher minimum total for free delivery, free delivery restricted to very few restaurants.",1,2021-11-26 09:40:29,negative,"Discontinuation of super subscription and forced upgrade to Swiggy One, which is more expensive, has a higher minimum order value for free delivery, and restricts free delivery to fewer restaurants.",Restore previous subscription benefits or allow users to keep the super subscription plan.,Pricing & Offers,medium,long-term user,,unknown,,Provide a transparent transition path and grandfathering options for existing subscribers when migrating legacy subscription plans to new tiers.,0.9,
781,"Very poor service, not appropriate as per standards.",1,2023-03-07 18:32:54,negative,Poor service quality that does not meet acceptable standards,,Customer Support,medium,,,unknown,,Establish clearer service level standards and proactive quality monitoring to prevent substandard customer experiences.,0.65,
782,Because of no time limit to delivery. If once in a time it's showing 10 delivery check after 1 min it's showing 15 mins. There are no time management services.,1,2022-07-28 09:50:59,negative,Inaccurate and constantly fluctuating delivery estimates with poor time management.,Implement a countdown timer with a locked-in delivery time guarantee or more stable time estimates.,Delivery Time,medium,,,unknown,,"Enhance the delivery ETA algorithm to provide stable, reliable time predictions and reduce frequent fluctuations during live order tracking.",0.85,
783,Not taken responsibility for for wrong delevered items. So please avoid to order any important items in this site.,1,2023-07-21 17:14:04,negative,Delivered wrong items and customer support refused to take responsibility,,Order Accuracy,high,,,unknown,,Enhance order verification protocols at packaging and delivery stages alongside a more accountable dispute resolution process for wrong items.,0.85,
784,If i would i have option of giving negative marking i would definitely go for it because i am very disappointed from this app,2,2021-03-21 11:28:11,negative,Extreme dissatisfaction with the app's overall service and performance,,App Bugs/UX,low,,,unknown,,Implement robust customer feedback mechanisms to identify and resolve core drivers of severe user dissatisfaction.,0.6,
785,"Useless ,incompetent customer care. I ordered pizza from dominos using this app. Not only did they deliver 4 to 5 hrs late after order with half of the ordered stuff missing, when asked customer care for n number they always gives me a dysfunctional contact number. Till now my complaint is unresolved. These guys have zero respect for customer and their issues since when i chatted with them they kept on changing executives treating my issue as a joke.",1,2020-06-15 12:42:02,negative,"Order delivered 4 to 5 hours late with missing items, and customer care provided dysfunctional contact numbers while treating the issue poorly",Provide working contact numbers for customer care and improve support escalation handling,Customer Support,high,,,unknown,,Improve support agent training and streamline order tracking for severely delayed or incomplete deliveries to enhance accountability.,0.95,
786,Some times bit late ... other wise good,4,2019-11-26 09:04:15,positive,occasional slight delays in delivery,,Delivery Time,low,,,unknown,,Enhance delivery time reliability and ETA accuracy to eliminate minor delivery delays.,0.9,
787,"Big cheaters..They gives promo codes/ offer only for customer attraction.. When claiming the offer its shows problem with your bank/card.. Same card same bank no problem with Zomato,,only problem with Swiggy..strange..🤔🤔",1,2021-08-21 14:42:50,negative,"Promo codes and offers fail when attempting to pay, showing bank/card errors specifically on Swiggy while working fine on competitor apps.",Improve payment gateway integration and promotional code redemption reliability.,Refunds & Payments,medium,,Zomato,unknown,,Enhance payment gateway error handling and promo code validation workflows to resolve friction during checkout and prevent cross-platform churn.,0.9,
788,"Not good experience. Each time I use this app, the delivery agent looses his way.",2,2020-02-02 11:58:42,negative,Delivery agents repeatedly get lost while trying to find the user's location,Improve delivery agent navigation and location pinning accuracy,Delivery Partner Behavior,medium,,,unknown,,Enhance map integration and address-pinning features to help delivery partners navigate locations more reliably.,0.88,
789,Every order came on time. Only 2 star less because they dont show my house correctly on gps and its waste lot of time everytime i order.,3,2021-01-02 04:00:05,mixed,"GPS map pin does not show the house location correctly, causing wasted time during delivery",Improve GPS mapping and house location pinning accuracy,App Bugs/UX,low,,,unknown,,Enhance map location accuracy and address-pinning features to streamline delivery navigation and save time.,0.9,
790,Cancellation option is not customer centric in genuine issue also. No choice for customer,2,2022-02-19 17:49:09,negative,Rigid cancellation policy that does not account for genuine issues and leaves customers without choices,Provide a flexible order cancellation option for genuine issues,Other,medium,,,unknown,,Introduce a customer-friendly cancellation policy with grace periods or exception handling for genuine customer emergencies.,0.85,
791,"Nice app,discounts are good",4,2019-08-31 14:41:48,positive,,,Pricing & Offers,low,,,unknown,,Expand and personalize promotional offers to maintain user engagement and perceived value.,0.95,
792,fast delivery in time before,5,2019-08-10 16:05:24,positive,,,Delivery Time,low,,,unknown,,Maintain and highlight reliable delivery speed to reinforce customer satisfaction.,0.9,
793,"The UI and logistics of this app has a lot more scope to improve. Issues I face and not addressed by the swiggy people. 1. Location changes to some other saved location after order has been placed 2. When a delivery executive is assigned with two orders, he often gets the first order which is much much farther than the order of another person.",2,2019-07-10 14:37:19,negative,"App incorrectly changes the delivery location after placing an order, and delivery executives take farther orders first when batching multiple deliveries.",Improve order batch routing to prioritize closer drops first and lock the delivery location after order placement.,App Bugs/UX,medium,,,unknown,,Enhance location persistence after checkout and optimize delivery routing algorithms for batched orders to ensure logical drop-off sequences.,0.9,
794,"I am unable to login, other SWIGGY account, kindly make changes on this problem.",2,2019-11-29 14:17:33,negative,Unable to login to another Swiggy account due to technical barriers,Provide an option or fix to easily manage and log into multiple Swiggy accounts,Account/Login,high,,,unknown,,Enhance account switching and multi-account login management to reduce authentication friction for users.,0.85,
795,"Going to 1 star from 5 star. What a transformation... I've turned on my location services and then ordered, but the app by default pinpoints to my old saved address and the order got placed. After I contacted swiggy, they said 100% cancellation fee will be pursued by them. It was an utter disappointment since its an app bug and I was obliged to pay them. Should've placed Cash on delivery",1,2023-06-16 04:10:58,negative,"App incorrectly selected an old saved address despite location services being enabled, and support refused a refund for the cancellation fee caused by this bug.",Prompt the user to confirm their delivery address using current location services right before order placement to prevent default selection of old addresses.,App Bugs/UX,high,long-term user,,unknown,,"Improve address auto-detection logic and implement a final address-confirmation step to prevent order routing errors, coupled with fairer cancellation policies for system-induced mistakes.",0.88,
796,Price in swiggy is too much than actual price of food in restaurant...,2,2019-11-24 12:37:21,negative,Food prices on the app are significantly higher than the actual restaurant menu prices,Display transparent pricing or a price comparison with original restaurant menus,Pricing & Offers,medium,,,unknown,,Enhance price transparency by displaying clear restaurant-to-app price comparisons to maintain user trust and perceived value.,0.95,
797,"From last week I was ordering food daily from swiggy, Tonight after waiting more than 45 min I got a call from swiggy your order is cancelled. Thank you for reminding me your good service. Your teams and conditions are only for you guys, if we cancel then we have to pay cancellation fee, but when you guys cancel you don't pay us back infact we lose time & money both.",1,2021-11-29 17:21:38,negative,"Order cancelled by Swiggy after a long wait, with financial loss and no compensation provided to the user.",Provide automatic refunds or compensation to users when Swiggy cancels an order.,Refunds & Payments,high,long-term user,,unknown,,Implement automated compensation and clear refund policies for restaurant or platform-initiated order cancellations to rebuild customer trust.,0.92,
798,Awesome aap but i'm giving it 4 star because sometimes it shows wrong timig i hope it will fix soon.,4,2020-11-27 15:46:37,positive,App occasionally shows incorrect delivery timing,Improve accuracy of delivery time estimates,Delivery Time,low,,,unknown,,Enhance predictive delivery time algorithms and real-time tracking accuracy to build user trust in ETAs.,0.95,
799,"Delivery charger are too high...swiggy should work on that,otherwise accoding to service and quality it's too good and hygenic👍😊",3,2021-09-30 04:31:26,mixed,Delivery charges are too high,Lower the delivery charges,Pricing & Offers,low,,,unknown,,Re-evaluate the delivery fee structure to improve perceived value while maintaining positive sentiment on service and hygiene.,0.9,
800,Dear guys this very cheap app to place food order and the don't have account delete options your personal information is not in safe hand please don't use swiggy anymore. If don't have trust on me pls try to delete your account.,1,2021-07-11 10:26:10,negative,"The app lacks an account deletion option, raising privacy and data security concerns.",Add an account deletion option in the app settings.,Account/Login,high,,,high,please don't use swiggy anymore,Provide a self-service account deletion and data removal feature to address privacy concerns and comply with data protection standards.,0.95,
801,Today twice i placed a order..... during the payment it's so much issues... the amount was cut of twices... they told to credit the amount in 7 to 8 day's... it's so rude.... very disappointed with this,1,2018-09-30 14:58:41,negative,Payment failure resulting in duplicate charges for the same order and a long refund processing time with rude customer support communication.,Implement instant automated payment reconciliation and immediate refund processing for duplicate charges.,Refunds & Payments,critical,,,unknown,,Enhance payment gateway reliability and automate instant refund workflows for double-charged transactions to protect user trust during billing failures.,0.92,
802,Too many payment related issues take place,3,2021-05-29 13:04:20,negative,Frequent payment-related issues when trying to pay on the app,,Refunds & Payments,medium,,,unknown,,Improve payment gateway reliability and optimize transaction error handling to reduce payment failures.,0.8,
803,After an hour I am told that order hasn't been placed furthermore saying me to cancel the order all the while application showing food been prepared pathetic,1,2019-09-16 13:46:43,negative,"Order was not actually placed despite the app showing food being prepared, and support asked the user to cancel after a one-hour wait",Improve order status synchronization between the restaurant and the app in real-time,App Bugs/UX,high,,,unknown,,Enhance backend order state synchronization and visibility to prevent false preparation statuses and reduce order fulfillment failures.,0.88,
804,I wish i could give negative points. They show 27 min delivery time n takes an hour or more. Would like to cook myself than ordering with swiggy,1,2019-08-23 10:25:29,negative,Delivery takes much longer than the estimated time shown in the app.,Improve delivery ETA accuracy and transparency.,Delivery Time,medium,,,unknown,,Enhance predictive delivery time algorithms and provide real-time updates when delays occur to better manage customer expectations.,0.95,
805,This aap is very good this will serve food on time 😊😊,5,2019-10-09 16:14:20,positive,,,Delivery Time,low,,,unknown,,Maintain consistent and reliable food delivery time performance to preserve high user satisfaction.,0.95,
806,"Automatic delivery tip problem. Not able to remove it no matter what I do. Tipping is customer choice, not swiggys",2,2023-05-08 07:05:31,negative,Unable to remove the automatic delivery tip during checkout,Allow users to easily remove or opt out of the automatic delivery tip,Pricing & Offers,medium,,,unknown,,Redesign the checkout tip selection flow to ensure tipping remains transparent and strictly optional for users.,0.95,
807,Such a scam apk colleague say something and then they make reasons not to give refunds.. order always get delayed by 90 mins and above just uninstalling the apk as Zomato is far better than this,1,2022-08-11 18:28:30,negative,Orders are consistently delayed by 90 minutes or more and customer support refuses to provide refunds with excuses.,,Delivery Time,high,,Zomato,high,just uninstalling the apk as Zomato is far better than this,Enhance delivery time reliability and overhaul the refund policy handling to prevent user churn to competitors.,0.95,
808,I am a foodie so when ever i order foodi get it on time this is a very amazing app😍😍,5,2019-11-01 10:07:40,positive,,,Delivery Time,low,,,unknown,,Maintain consistent delivery reliability and timely service to preserve high user satisfaction among frequent food enthusiasts.,0.95,
809,every time same issues but customer care give excuses and promises but ntf is resolved..,1,2023-05-22 02:56:30,negative,Recurring issues are left unresolved while customer care only offers excuses and unfulfilled promises.,Implement an accountability system or escalation path for recurring customer support tickets.,Customer Support,medium,,,unknown,,Enhance customer support tracking and resolution protocols to ensure recurring complaints are permanently resolved rather than dismissed with excuses.,0.85,
810,This app is nice. But those delivery boys who comes to give delivery they are not wearing gloves in their hand and infact sometimes some delivery boys are not wearing mask also.,2,2021-05-13 09:57:07,negative,Delivery partners are not wearing gloves or masks while delivering food.,,Delivery Partner Behavior,high,,,unknown,,Introduce mandatory health and safety compliance checks or guidelines for delivery partners to ensure hygiene standards are met.,0.9,
811,Aap best but proper discount available,5,2019-10-07 16:58:44,positive,,Provide better and proper discounts,Pricing & Offers,low,,,unknown,,Enhance promotional offer transparency and availability to better reward loyal users.,0.85,
812,"I think we need to stop placing order in swiggy, for a wrong item delivered they need 48 hours to respond",1,2022-03-20 05:41:06,negative,It takes 48 hours to get a response for receiving a wrong item.,Implement instant or faster customer support resolution for order accuracy issues.,Customer Support,high,,,low,I think we need to stop placing order in swiggy,Introduce automated instant ticketing and resolution workflows for order accuracy complaints to reduce support response times.,0.85,
813,"Good experience while using this app. Easy access, Quick response, Best deal. Worth to recommend to others.",4,2019-09-17 08:51:32,positive,,,Pricing & Offers,low,,,unknown,,Leverage positive user sentiment and recommendations by introducing a referral rewards program to drive organic growth.,0.95,
814,Absolutely terrible performance in the last few months. Keep it up! This is a good way to help customers get healthy by pushing them away!,1,2023-04-30 07:24:16,negative,Declining service performance over the last few months,,Other,medium,long-term user,,unknown,,Investigate underlying operational degradations over recent months and improve overall service reliability to retain dissatisfied users.,0.85,
815,It's amazing side for food delivery,5,2020-03-17 09:50:34,positive,,,Other,low,,,unknown,,Maintain and highlight core platform reliability and user satisfaction features to reinforce positive brand perception.,0.9,
816,Nice but sume time it takes to much time just to make order but price is good and food is good quality,4,2019-12-06 08:12:04,positive,App takes too much time just to place an order,Improve order placement speed and app responsiveness,App Bugs/UX,low,,,unknown,,Optimize the checkout and order placement flow to reduce latency and friction for users.,0.85,
817,soo good always use the promocodes😜😉,5,2019-08-14 07:06:24,positive,,,Pricing & Offers,low,,,unknown,,Enhance promotional offerings and make discount discovery more prominent to sustain user engagement and satisfaction.,0.95,
818,this is a best food delivery app,5,2022-06-24 02:10:39,positive,,,Other,low,,,unknown,,Leverage high customer satisfaction through referral programs or loyalty rewards to drive platform growth.,0.9,
819,We ordered 10 chapatis but we reviewed only 8 Rest all things are fine ☺️,3,2021-06-28 10:54:18,mixed,Two chapatis were missing from the order of ten.,Implement an automated order checklist or packing verification step to ensure item counts are correct.,Order Accuracy,low,,,unknown,,Enhance restaurant partner packing verification workflows to eliminate missing item errors before dispatch.,0.9,
820,Great service but you've increased the charges. I know petrol prices have gone up. ☹,4,2021-10-17 14:08:55,positive,Increased charges and delivery fees,,Pricing & Offers,low,,,unknown,,Provide transparent communication regarding fee adjustments while offering targeted loyalty discounts to mitigate user price sensitivity.,0.9,
821,"excellent 👌👍 fast food delivery, service and communication",5,2019-07-21 09:46:11,positive,,,Delivery Time,low,,,unknown,,Maintain and document the operational practices that contribute to consistently fast delivery and effective service communication.,0.95,
822,I ordered sugar from instamart and got milk and yogurt. Wrong order is delivered. They don't even refund the money. And tell me to wait for 6 hours. If I had to wait; why did I order then.,1,2021-12-11 14:09:46,negative,Received wrong items on an Instamart order and experienced a delayed refund process requiring a 6-hour wait,Faster refund processing and immediate resolution for wrong item deliveries,Instamart,high,Instamart user,,unknown,,Improve Instamart picking accuracy and streamline the refund workflow to eliminate unnecessary wait times for resolution.,0.92,
823,Supper and fast delivery. I love it,5,2021-12-24 10:31:30,positive,,,Delivery Time,low,,,unknown,,Highlight speed and food quality in marketing to reinforce positive user sentiment.,0.95,
824,I have been waiting for past 12hrs there is no response properly there is no response for mail also.the swiggy guys are cheating people and earning money,2,2021-04-25 08:49:13,negative,Customer support is unresponsive for 12 hours via chat and email regarding an unresolved issue.,Improve customer support response times and tracking for escalated issues.,Customer Support,high,,,unknown,,Implement automated SLA monitoring and escalation workflows for long-pending support tickets to improve customer trust and issue resolution times.,0.9,
825,Very bad experience. Long time waiting and customer service representative not good he said unable to deliver my order you take your order from delivery partner from other location and I get my order from other location. Not good this time.,2,2021-03-17 17:47:32,negative,Customer service asked the user to collect their delivery from a different location themselves due to inability to deliver.,,Customer Support,high,,,unknown,,Implement better protocols and escalation paths for unfulfillable orders to prevent agents from forcing customers to pick up orders themselves.,0.9,
826,"Its almost an hr. we have placed the order. Still the tracking shows 19 more minutes, while the restsurant is just 5 minutes walk from my place. Really pathetic service. There was not the option for negative marking otherwise would have done that. On top of that the rider is not picking up the call.",1,2019-08-23 15:55:56,negative,Severe delivery delay and unresponsive delivery partner,,Delivery Time,high,,,unknown,,Enhance real-time tracking accuracy and improve delivery partner communication protocols for nearby orders.,0.95,
827,"delivery speed is a point to be notified and correctly judged off. food seldomly or barely remains hot , mostly it gets cold.",5,2019-02-09 10:38:14,neutral,Food arrives cold due to slow delivery speed.,,Delivery Time,medium,,,unknown,,Enhance thermal packaging or optimize delivery routing to ensure food maintains its temperature upon arrival.,0.85,
828,The app is very useful for us. The Taxes and delivery fee could have been reduced. Coz we end up paying more amoun+ for these 2 things rather than the food cost.,4,2020-08-18 16:47:43,positive,High taxes and delivery fees make the overall cost significantly higher than the food itself.,,Pricing & Offers,low,,,unknown,,Introduce tiered delivery fee structures or promotional discounts on taxes to improve perceived value and affordability.,0.95,
829,Worst than ever...like seriously they give u offer on foods and then they increase the delivery rate.. hence the food costs double of its original price... Pathetic,1,2019-08-13 06:36:19,negative,"Inflated delivery fees after applying food offers, causing the total food cost to double.",Transparent pricing and delivery fee calculation during promotional offers.,Pricing & Offers,medium,,,unknown,,Improve promotional pricing transparency by ensuring delivery fees remain consistent and do not negate advertised discounts.,0.9,
830,"customer service experience of swiggy is really pathetic , associates are so rude no option of connecting them through call. ver bad experience i am stuck with ny refund form more than a month",2,2019-06-05 15:05:59,negative,"Customer support associates are rude, phone support is unavailable, and a refund has been stuck for over a month.",Provide an option to connect with customer support via phone call.,Customer Support,high,,,unknown,,Streamline the refund escalation process and introduce phone-based customer support to improve issue resolution times.,0.95,
831,It's got a better interface and options compared to other delivery sites and the delivery is also quick. The downpoint is that it shuts off during rains .,4,2018-11-02 09:18:20,positive,The app shuts off or crashes during rainy weather.,Improve app stability and performance during rainy weather conditions.,App Bugs/UX,medium,,other delivery sites,unknown,,Enhance app reliability and offline resilience during adverse weather events to prevent user disruption.,0.9,
832,Taste is tooooo bad🤢🤮.....Over time taking for delivery⏲️.....Rate is ok but over time consuming for delivery 😫.... Irritated a lot😖....I thought that swiggy app owner must take care of it😊....,1,2019-09-01 08:28:22,negative,Poor food taste and excessively long delivery times causing frustration,,Restaurant Quality,medium,,,unknown,,Enhance quality assurance for partnered restaurants and optimize delivery routing to address delays and poor food experiences.,0.85,
833,I have been a customer of Swiggy since years together probably since it's inception and had been ordering twice or thrice per week. But today I have been literally cheated by Swiggy. My prepaid order has neither been delivered to me nor any call was made and the order was unilaterally cancelled by Swiggy and the entire sum has been dishonestly misappropriated by Swiggy. Dear friends think thrice to make any prepaid order through Swiggy as this may also happen to you also. I am shifting to Zomato,1,2021-07-19 17:12:26,negative,"Prepaid order was unilaterally cancelled without delivery or call, and the refund/money was not returned.",,Refunds & Payments,critical,long-term user,Zomato,high,I am shifting to Zomato,Implement automated refund triggers for unilaterally cancelled orders and enhance transparency around rider communication to prevent perceived misappropriation of funds.,0.98,
834,"Buggy app, I couldn't apply any offer coupons.",1,2022-05-28 17:11:37,negative,Unable to apply offer coupons due to app bugs,Fix coupon application functionality in the app,App Bugs/UX,medium,,,unknown,,Enhance coupon validation and checkout UI robustness to ensure reliable promotion redemption.,0.85,
835,This app need development. App dont show proper location on map and also so wrong delivery time. And always make order delay.,2,2021-10-31 14:14:21,negative,"The app displays incorrect map locations, shows wrong delivery times, and consistently results in delayed orders.",Improve map location accuracy and delivery time estimation algorithms.,App Bugs/UX,high,,,unknown,,Enhance location mapping precision and predictive delivery time models to prevent chronic order delays.,0.9,
836,Better than zomato on delivery charges but food prices are bit high. Please improve.,2,2020-02-07 06:57:14,neutral,Food prices are a bit high,Lower food prices,Pricing & Offers,low,,zomato,unknown,,Optimize pricing transparency and restaurant-level price competitiveness to improve perceived value while maintaining delivery fee advantages over competitors.,0.85,
837,"Fake restaurants, double priced menu and offering discounts... Rude delivery staff... Fake offers, they cancel the orders when ordered using offers..",1,2022-05-27 07:14:58,negative,"Misleading pricing/fake restaurants with inflated menu prices combined with fake discount offers and order cancellations when using those offers, compounded by rude delivery staff.","Improve verification of restaurant menus and pricing authenticity, and ensure discount offers are honored without unprovoked cancellations.",Pricing & Offers,high,,,unknown,,"Enhance marketplace transparency by auditing restaurant menu pricing accuracy, enforcing discount validity, and improving promotional reliability to rebuild user trust.",0.9,
838,"Absolutely pathetic experience when the delivery person from swiggy has delivered parcel from Dominos at wrong address and not responding on calls, I have ordered again and hope this time they improve.",3,2021-01-24 07:11:02,negative,Delivery partner delivered the order to the wrong address and refused to answer calls.,Implement better delivery verification and rider communication protocols.,Delivery Partner Behavior,medium,,,unknown,,Enhance delivery partner accountability and address-verification features to prevent misdeliveries.,0.9,
839,"Too late delivery,not satisfied",1,2021-01-22 09:06:24,negative,Delivery was too late,,Delivery Time,medium,,,unknown,,Enhance real-time tracking accuracy and proactive communication for delayed orders to manage customer expectations.,0.85,
840,The delivery timed are becoming increasingly poor. Never fased delays before. But nowadays delivery is regularly delayed irrespective of the area or time.,2,2021-01-18 16:17:46,negative,Regular and increasing delays in delivery times regardless of area or time.,Improve delivery time reliability and ETA accuracy.,Delivery Time,medium,long-term user,,unknown,,Enhance delivery route optimization and dispatch algorithms to address consistent regional and temporal delays.,0.9,
841,I ordered three times. Two of them food's taste was very bad.,2,2019-11-21 21:08:36,negative,Poor food taste in two out of three recent orders,,Restaurant Quality,medium,,,unknown,,Implement better restaurant quality filtering and feedback loops to ensure consistent food preparation standards.,0.85,
842,Could've given 5 star but deducted 2 stars for irritating me to rate d app evry tym i log in...,2,2019-10-20 15:07:52,mixed,Irritating pop-up prompts asking to rate the app every time the user logs in,"Add a ""don't ask again"" option for rating prompts or reduce the frequency of app rating requests",App Bugs/UX,low,,,unknown,,Optimize rating prompt frequency and introduce smart dismissal triggers to prevent user fatigue.,0.95,
843,App is working quite good,5,2021-09-04 08:36:52,positive,,,App Bugs/UX,low,,,unknown,,Maintain current app stability and performance standards to ensure continued positive user experience.,0.9,
844,..swiggy is always late to delivery 😒 sometimes swiggy takes 2 hour for 1 order ..I am to disappointed 🤬🤬🤬,2,2022-01-26 11:50:23,negative,"Orders take an excessively long time to deliver, sometimes up to two hours.",Improve delivery time estimation and rider dispatch speed.,Delivery Time,high,,,unknown,,Optimize delivery routing and ETA prediction algorithms to prevent extreme delivery delays and manage customer expectations.,0.95,
845,I've been using this app for almost an year now. Till recently I didn't face any issue with the serviceability of restaurants. However post introduction of the Swiggy Super I believe customers like me who are not members of Swiggy Super are facing issues of unserviceable restaurants. Earlier almost 40 restaurants used to pop up and nowadays it is down to just 2. Would request you people look into this or you might end losing out on many customers.,2,2018-10-07 17:35:26,negative,Non-Super members are seeing a drastically reduced selection of available restaurants compared to before the introduction of Swiggy Super.,Ensure equitable restaurant availability and visibility for non-subscription users.,Pricing & Offers,medium,long-term user,,medium,you might end losing out on many customers,Evaluate the restaurant discovery algorithm for non-subscriber tiers to ensure fair access and prevent user alienation.,0.9,
846,"To describe swiggy briefly I would say ""cheaters''they are. They have resorted to cheap means of debiting money from customer's accounts without delivering food. This is basically their business model. Offer heavy discount to customers. Cheat them make money. Customer care consists of ignorant people who do not have the guts to accept their mistake. Thus they chose not to reply to customers.",1,2018-11-04 02:29:43,negative,Money debited from account without delivering food and unhelpful customer support that does not respond,,Refunds & Payments,critical,,,unknown,,Implement automated transaction reconciliation and improve customer support escalation workflows to quickly resolve unauthorized charges and unfulfilled orders.,0.92,
847,Right after today's latest update...app doesn't load at all .,1,2020-05-23 11:36:05,negative,App fails to load at all following the latest update,Fix the crash or loading bug introduced in the latest update,App Bugs/UX,critical,,,unknown,,Implement rigorous pre-release stability testing and automated crash-monitoring for app updates to quickly catch and patch startup failures.,0.95,
848,"Currently, I am getting mind blowing offers with 1 time delivery charge for 1 full month. I hope swiggy could remove the dead beat restaurants with really bad ratings from it's listing. Also, information of each restaurant should be given when we press on that restaurant page. Currently, I have to Google each new restaurant i consider ordering from.",5,2019-09-25 10:54:55,positive,Having to Google new restaurants for information and poor quality or low-rated restaurants being listed,Provide more detailed restaurant information on the restaurant page and remove poorly rated restaurants,Restaurant Quality,low,,,unknown,,"Enhance restaurant discovery by integrating comprehensive restaurant details, reviews, and curation directly within the app.",0.9,
849,Need to improve the location service. Else all good ..,3,2019-06-08 13:58:14,mixed,Inaccurate location service in the app,Improve location tracking and address detection accuracy,App Bugs/UX,low,,,unknown,,Enhance map integration and location auto-detection algorithms to reduce address friction during checkout.,0.85,
850,Swigy is shitiest app to order your food. They have special sections for instructions and nobody follows it. I don't know why have help button and call center if you can't help the customers. Their is no option to provide the negative ratings and I am giving 1 star to show my disappointment.,1,2019-11-16 11:41:27,negative,Delivery partners do not follow delivery instructions and customer support is unhelpful.,Add an option to provide negative ratings for orders.,Customer Support,medium,,,unknown,,Improve enforcement of delivery instructions and enhance customer support responsiveness to resolve user complaints effectively.,0.85,
851,"I had great experience in the non metro city i used to live but from the time i have shifted to metro, i hv very poor experience. I understand the reason behind high delivery charges but plz if not anything else give us the option to pick the order on our own. It may look strange but many apps in metro provide this facility too specially start-ups. I believe swiggy can do this & no. of orders in metro will surely hike..",2,2022-04-17 16:27:36,mixed,High delivery charges in metro cities without a self-pickup option,Add a self-pickup option for orders to avoid high delivery charges,Pricing & Offers,low,long-term user,,unknown,,Introduce a self-pickup feature in high-density metro areas to provide a cost-effective alternative for price-sensitive customers.,0.88,
852,Poor service and high delivery charges Sometimes poor quality of food also,2,2020-11-29 17:23:02,negative,"Poor overall service, high delivery charges, and occasional poor food quality",,Pricing & Offers,medium,,,unknown,,Optimize delivery fee transparency and partner with restaurants to enforce consistent food quality standards.,0.8,
853,I am not being able to locate the restaurant in the map provided after an order is placed (since zooming the map is restricted),2,2019-09-17 16:13:39,negative,Unable to locate the restaurant on the order tracking map because map zooming is restricted.,Allow zooming on the live tracking map after placing an order.,App Bugs/UX,medium,,,unknown,,Enhance map UI flexibility by enabling pinch-to-zoom and full panning capabilities on order tracking screens.,0.9,
854,Very very bad experience in the app unable to order,1,2019-10-27 01:54:14,negative,Unable to place an order through the app due to an error or poor experience.,,App Bugs/UX,high,,,unknown,,Enhance app stability and streamline the checkout flow to prevent order placement failures.,0.85,
855,While placing the order the app is perfect but when the order is placed the address is changed and the delivery person doesn't know how to talk at all. Nor there is any support from the Coustom Care team. Choose Big Basket for any online shopping.,1,2023-05-04 10:29:13,negative,"App changes the delivery address automatically after order placement, delivery partner was rude, and customer support was unresponsive",Lock delivery address after order placement and improve customer support availability,App Bugs/UX,high,,Big Basket,high,Choose Big Basket for any online shopping.,Enhance location pinning stability post-checkout and revamp delivery partner communication guidelines alongside customer support accessibility.,0.88,
856,"All good but only bad, Is temperature of food is affected",4,2023-05-10 10:42:20,mixed,The temperature of the delivered food is affected and not warm enough.,Implement better thermal packaging or delivery tracking to ensure food arrives hot.,Restaurant Quality,low,,,unknown,,Collaborate with restaurant partners on thermal packaging solutions to maintain food temperature during transit.,0.85,
857,i all must order sandwich burgar crispy chicken taste the food is yummy🥰🥰🥰😘😘😘,5,2023-07-21 14:21:11,positive,,,Restaurant Quality,low,,,unknown,,Leverage positive user feedback to highlight top-rated items and encourage user-generated food recommendations.,0.95,
858,they cancel the order after 35 min of confirming the order ..... just waste of time.... sad to say it but i m going to stop using the app and moving to uber eats,1,2019-08-10 19:48:41,negative,"Orders are cancelled by the platform long after confirmation, wasting the user's time.",Improve order confirmation reliability to prevent last-minute cancellations.,Delivery Time,high,,uber eats,high,i m going to stop using the app and moving to uber eats,Enhance restaurant fulfillment tracking and automated inventory management to drastically reduce post-confirmation order cancellations.,0.98,
859,"Had a really worst experience. I had ordered food but the food came was stale. On complaining to swiggy. They offered me just 50 rs coupon for a 250 rs order. Asking for refund, they refused for a refund or replacing the order. Dont ever use this app. Really worst. Worst customer service",1,2019-03-16 17:51:59,negative,"Received stale food and customer support refused a full refund or replacement, offering only a small coupon.",Provide full refunds or item replacements for spoiled or stale food instead of low-value coupons.,Restaurant Quality,high,,,unknown,,Enhance food quality control measures with vendor partners and establish a customer-friendly refund policy for spoiled food incidents to rebuild trust.,0.92,
860,Amazing app . I order briyani and my order came very quickly I was surprised with this aap,5,2022-04-21 18:35:23,positive,,,Delivery Time,low,,,unknown,,Leverage fast delivery times as a key value proposition in marketing and user onboarding.,0.95,
861,Increased cost of food items by restaurants,2,2021-03-11 07:24:15,negative,Restaurants have increased the prices of food items on the platform,,Pricing & Offers,low,,,unknown,,Provide better visibility into price transparency and restaurant markup trends to help users find cost-effective options.,0.85,
862,Very bad waiting for orders,1,2019-09-16 14:25:01,negative,Long waiting times for orders,,Delivery Time,medium,,,unknown,,Improve delivery partner dispatch algorithms and real-time tracking accuracy to reduce customer waiting times.,0.85,
863,"Worst service yaar😞. I was tracking him on swiggy map he picked up my order and than he was going to opposite side of my destination. Than I called him he told me that ""sir bike puncher ho gai hai, order cancel karna padega"". This is full planned pick up and cancellation.. I am so much disappointed with SWIGGY",1,2020-11-04 17:37:53,negative,Delivery partner falsely claimed a flat tire and canceled the order after picking it up and traveling in the opposite direction.,Implement proactive alerts when delivery partners deviate significantly from the route or suspected fake cancellation scams occur.,Delivery Partner Behavior,high,,,unknown,,Enhance fraud detection algorithms to identify suspicious route deviations and fake cancellation reasons to protect order fulfillment.,0.92,
864,"Hi everyone, I would like you all to know that Swiggy/Zomato uses its own menu rates/prices which are over and above the rates of the selected restaurant. The rates are pretty on higher side. It is just arbitrary, unjust and a malpractice adopted by them Customers are required to pay their hard earned money in much extra to Swiggy alongwith delivery charges and taxes I think many of us are unaware of this practice of Swiggy/Zomato (s) charging over and above the menu rates Guys please think",2,2021-06-20 18:54:33,negative,"Swiggy charges menu prices that are higher than the actual restaurant prices, in addition to delivery charges and taxes.",Provide transparent pricing that clearly shows the markup difference between in-restaurant prices and app prices.,Pricing & Offers,medium,,Zomato,unknown,,Introduce price transparency features to help customers easily understand restaurant markups versus in-store pricing and build long-term trust.,0.92,
865,Great app. Simple and easy to use. 👍,5,2019-11-16 10:19:48,positive,,,App Bugs/UX,low,,,unknown,,Maintain and optimize core app simplicity to sustain high user satisfaction and retention.,0.95,
866,Delivery charges and taxes making food cost double its too high,1,2020-02-20 16:03:30,negative,High delivery charges and taxes are making the overall food cost double.,Provide more transparent pricing or reduced delivery fees and taxes.,Pricing & Offers,low,,,unknown,,Introduce tiered subscription models or fee transparency features to improve perceived value regarding high additional charges.,0.9,
867,"Based on my preference as a pure veg, the restaurants serving pure veg are unserviceabe which were serviceable before a week subscribing your yearly one benefit plan of 899. I regret subscribing it since for me it is useless since it do not provide pure veg restaurants serviceable. I would like to have a refund for the subscription paid.",1,2022-05-09 08:18:41,negative,Pure veg restaurants are suddenly unserviceable after purchasing a yearly subscription plan.,Provide a refund for the subscription plan.,Pricing & Offers,medium,,,unknown,,Improve service availability communication and flexible refund options for location-dependent subscription benefits to enhance subscriber trust.,0.88,
868,Service oriented n best response,5,2019-10-17 14:17:26,positive,,,Customer Support,low,,,unknown,,Highlight and maintain high-performing customer service standards to reinforce user loyalty and positive sentiment.,0.85,
869,Worst services again and again don't go for it after 2hrs of delivery time they call n just say resturant is closed... Very bad service from this app please don't relay on this,1,2021-03-06 19:39:24,negative,Order cancelled after a 2-hour wait because the restaurant closed,Implement automated restaurant availability checks before order confirmation to prevent late cancellations,Delivery Time,high,,,unknown,,Improve inventory and operational synchronization with partner restaurants to proactively prevent cancellations after long delivery waits.,0.85,
870,best food delivery out of all,5,2019-03-08 07:31:59,positive,,,Other,low,,,unknown,,Leverage strong brand perception and general customer satisfaction to drive retention and referral campaigns.,0.9,
871,Worst experience I got several worst order they did not responded and got waste of money nearly 23k In this application so don't use this food application so try new like zomato and local food delivery apps,1,2022-06-20 08:37:41,negative,Lost a significant amount of money (23k) due to multiple bad orders and unresponsiveness from support.,,Refunds & Payments,critical,,Zomato,high,try new like zomato and local food delivery apps,Implement robust dispute resolution and automated high-value refund workflows to recover trust after major financial loss incidents.,0.95,
872,Better than other food ordering apps. Good experience!!!,4,2021-05-26 12:01:59,positive,,,Other,low,,,unknown,,Maintain and enhance current overall app experience to sustain high user satisfaction and retention.,0.95,
873,Amazing app very helpful have multiple options,5,2020-12-13 07:52:57,positive,,,App Bugs/UX,low,,,unknown,,Enhance platform discovery features to maintain the strong value proposition of offering multiple diverse options.,0.85,
874,Good for hunger fantastic app,3,2021-06-22 10:15:12,positive,,,Other,low,,,unknown,,Enhance general app performance and reliability to sustain positive user sentiment.,0.85,
875,They carry food from roadside be careful. When you call to customer care they will tell they already talk to Hotel and its correct only. Please careful with your health.,1,2020-02-28 13:34:04,negative,"The restaurant partner is a low-quality roadside vendor posing health risks, and customer support dismissed the concern by falsely claiming they verified with the hotel.",Implement a verification and quality audit system for listed restaurants to ensure basic hygiene standards are met.,Restaurant Quality,critical,,,unknown,,Enhance restaurant onboarding and hygiene vetting processes while empowering customer support to effectively handle food safety and quality escalations.,0.88,
876,Worst delivery app i have ever seen i have placed an order and waited for 45Minutes and the delivery executive called me and said that the ordered food was over please place alternative order. And i have raised a complaint and customer service was also not usefull he simply saying that sorry for the inconveniance.worst experiance i have ever had talking with that customer service executive Named Rishabh.,1,2020-11-18 16:04:03,negative,"Order cancelled after a 45-minute wait because food was unavailable, combined with unhelpful customer support",Implement real-time restaurant inventory sync to prevent accepting orders for out-of-stock items,Customer Support,high,,,unknown,,Improve restaurant inventory management and empower customer support agents with better resolution tools to handle order cancellations effectively.,0.9,
877,We have received bad quality food and also there is no any response from customer care executive after complaining about food.Very bad response from swiggy customer care they don't solve customer issues regarding food quality. They don't respond properly even after complaining from customer side.,1,2021-03-06 17:18:34,negative,Received poor quality food and customer care executives failed to respond or resolve the issue.,,Restaurant Quality,high,,,unknown,,Implement automated escalation workflows and better quality assurance integration between restaurant partners and support agents to ensure food quality complaints are resolved promptly.,0.9,
878,No queries are resolved on time was on call for more than 3 hrs but couldn't get connected to an agent and tried to chat as well but no response from live chat representative what so ever. Lot of stuggle to raise a refund request or queries as well because executives do not respond. Very bad experience received.,1,2021-08-21 00:06:51,negative,Unable to connect with customer support through call or live chat to resolve queries and raise refund requests.,Implement an automated callback system or guaranteed response times for live chat support.,Customer Support,high,,,unknown,,Improve customer support availability and channel routing to eliminate long wait times and reduce friction when requesting refunds.,0.92,
879,Am not getting coupon for second so take immediate action 😩😩,1,2020-01-18 07:56:23,negative,User is not receiving a coupon for their second order.,Provide automated or easily accessible coupons for repeat orders.,Pricing & Offers,low,,,unknown,,Enhance the promotional coupon distribution logic for repeat customers to ensure timely delivery of rewards.,0.85,
880,"Great app. Easy to use, with good UI . Good quality restaurant selections. Filter options is barely available, based on nearest or delivery time etc. Offers are also limited for payment.",4,2020-05-09 07:14:23,positive,"Limited filter options based on criteria like nearest or delivery time, and limited payment offers","Add more filter options like nearest location and delivery time, and increase payment-related offers",Pricing & Offers,low,,,unknown,,Enhance search and filtering capabilities while expanding payment-specific promotional offers to improve user discovery and engagement.,0.9,
