review_id,review_date,review_text,rating,thumbsUpCount
1,2023-06-25 14:22:29,V good app easy to operate I love it👌👍 Loaded with full easy functions Map is showing clearly and when dilevery person accapt our order then notification come,5,0
2,2023-04-27 17:42:55,Don't be interested it's show different price and bill diffrent price totaly fake app don't be interested,1,0
3,2020-02-28 13:03:40,Seems like zomato and swiggy are copying each other's layout,4,0
4,2022-06-28 13:44:40,I have entered the correct address in the app but the app is showing my address in some different location. The delivery person not able to find my address. At last I have to guide him. Swiggy please correct this issue in your app.,2,0
5,2021-06-01 19:29:19,"Cannot connect with Amazon pay, other modes of transactions are ok. Seems you have some problem with Amazon. Location services has improved, delivery executives are getting better. Still I am unable to fill up my cart from two different restaurants, this is strange.",3,7
6,2020-01-04 11:25:41,Food is best but too late,3,0
7,2023-05-03 04:44:55,I can't pay on delivery cod on instantmart🙃,2,0
8,2020-09-13 16:34:33,I don't why you remove Google pay option it was very easy to make payment,5,0
9,2023-05-07 12:35:16,"Delivery boys are very professional but, I felt that application itself increases delivery time estimate to keep itself always ON-TIME. I have never seen it saying that it took extra time and re-bating or, refunding as a professional application. Also, is always giving options from far-away restaurants leading to higher delivery costs Also post Covid everything's price is skyrocketing. Please do a great money and time saving by walking up to your nearest restaurant or, food outlets.",1,0
10,2019-10-06 08:19:13,"Trust me guys ,। am saying best prices and tasty food but their can be more offers",4,0
11,2019-11-16 16:28:28,Swigy is cheater. I order for food after 40 minute call from swigy order fell down from delivery boy.. after that 1 hrs order send on cash but I paid already online...no support by Customer care...totally fake company and fake delivery boy.,1,0
12,2019-07-19 14:36:55,restrictions on placing order from multiple restaurant...and deliver charges implied on all orders.,3,0
13,2021-07-21 14:53:39,This is a very nice delivery app but sometimes it switches th order so i gave it 3 stars but otherwise it is a good app with no ads.,3,0
14,2021-07-13 07:20:54,It doesn't allow to deduct payment from Amazon Pay balance.,1,0
15,2022-12-21 15:06:54,"It's very disgusting, cancelling my order but not refunding",1,0
16,2021-09-28 16:09:49,"Now a days worst service, i even mention on app that they send me the spoiled cake on my birthday, but no response from ur side, no purchase from ur app better to order from Zomato.",1,0
17,2023-07-16 20:06:58,Date:-17/07/2023- Galti se bhi online payment mat karna dosto This app is very bed and 3 hours complete my order is not coming,1,0
18,2021-05-18 16:24:32,Always i face problem in delivery.,1,0
19,2020-11-01 16:15:21,Good coverage of restaurants,5,0
20,2021-04-22 09:02:55,Semmma experience always swiggy the best,5,0
21,2020-10-18 13:40:04,Delivery boys are not able to reach on the given location and will cancel your delivery and also they charge to you only..,1,0
22,2021-08-08 07:02:28,Fast Devilery as of now in Imphal with user friendly Apps,5,0
23,2019-03-29 14:42:52,this app is very good and very helpful,5,0
24,2023-07-01 13:37:38,"Issue with live location of delivery boy, rates are high",2,0
25,2022-06-19 08:17:30,Good offers on listed restaurants... loving it,5,0
26,2021-10-15 17:06:40,Horrible experience waiting for food from last two hours,1,0
27,2019-03-05 13:15:00,Hello...5 days ago I ordered something and that time the resturent didn't take the order.... but the money had deducted....still not receive that money,3,0
28,2019-08-25 15:32:36,Map is not working and support is pathetic,2,0
29,2021-10-18 05:18:57,"Now a days, wrong ETA displayed.after placing order we have to wait double the ETA",1,0
30,2019-09-18 15:47:08,"Map and live tracking is such a botchy, please make it better",1,0
31,2023-06-02 16:34:45,"I ordered pizzas for a family dinner from a popular pizza chain and they were all torn and crushed from one side as if they had been squeezed in a bagpack. It was a waste of money and time. I contacted their customer care through their app and phone but they did not offer any compensation or apology for their poor service They just said that they will look into the matter and get back to me, but they never did. I feel cheated and disrespect. I would never order from swiggy again",1,0
32,2019-11-06 15:25:51,From last 2 times it has given me insufficient quantity of food I even complained but no executive talked to me or solved my problem....am a very old cxt. But am highly dissappointed from them this time,2,0
33,2019-07-20 21:18:47,i download app from play store and open app then it crash..no any things i do in app,1,0
34,2022-08-06 18:15:51,They will tell delivery on time but they will not deliver on time,2,0
35,2022-10-21 09:27:44,"Apart from offers, I've faced a lot of issues such as bad quality food and late deliveries and cancellation without informing. Not the best service one would expect. Awful customer support.",2,1
36,2023-06-16 07:11:12,"Worst Consumer Service Ever. After Placing Order for more than two hours, I received a notification that my order was delivered, but it was not. I contact the customer care to initiate my Refund & he also told me that he will initiate an extra coupon of 49rs to me. But the coupon was never initiated. What kind of irresponsibility is this? When I called the customer care after a day, she replied that since the order time has passed 24 hours, she can't do nothing about the coupon.",1,12
37,2019-12-10 13:13:51,There is a very fast and good service by swiggy,5,0
38,2020-11-25 13:21:36,Cancellation time should have been increased to 5 mi s atleast. Not good,3,0
39,2019-02-11 14:57:55,nothing good. when we try to order services unavailable,2,0
40,2019-05-03 15:59:46,"worst app, placed an order after almost 30 minute shows its unavailable. highly disappointed with swiggy. never use this app",1,0
41,2019-08-12 15:22:29,"pathetic service, nowadays every order on swiggy is getting pathetic. Either the food is cold due to delay in service or there are missing items. This company once they have made name in the market they are least bothered about the service provided.",1,0
42,2022-06-24 05:04:08,Good app but at times slow in its functions,5,0
43,2022-04-14 12:12:40,This service just gets worse and worse every week. The number of orders I was forced to cancel in the past month alone... Coupons be damned. I'll stick to their rivals.,1,17
44,2021-06-27 10:07:22,"Worst experience ever, Zomato is better than these people, unnecessarily cancels the order and that to after the payments are done and then asks is to wait untill 7 business days and when you get in touch with them.... They all give diff answers in such a way that we have made a mistake, such pathetic service I have never seen in my life, they literally point out the issue in such a way that, they are responsible for this. Such a pathetic service, they don't have a co-ordination between the hote",1,0
45,2019-02-25 13:59:27,superb but ...extend ur delivary points,5,1
46,2020-12-28 09:06:47,"If we are paying full amount while ordering then why don't you guys refund full amount when we get food qith pathetic quality. That's restaurent's mistake and you have to deal with them, why would Customer suffer in that. I would have given you 5 star but this above thing I can't take.",2,1
47,2020-10-21 16:20:54,The very bad and worst app in the world don't install,1,0
48,2019-10-06 15:42:20,"When payment gets failed, coupon codes cannot be used agian. Do you guys don't have developers to sort this issue?",2,0
49,2019-10-30 13:44:54,It doesnot pick up correvt address,1,0
50,2018-11-13 14:26:03,"I love this app this app is good..the delivery boy asked me sorry for late nd he gave a sorry card for me i always feel great to order foods,shakes ,dishes,deserts from this app...people please download the app to order your food from this app",5,0
51,2021-05-12 14:58:32,Super duper app for food delivery,5,0
52,2019-05-07 14:48:44,"Firstly, my area suddenly went 'unservicable' for about a week. Secondly, when service resumed I placed an order. But the agent calls and says the items are not available. So I try cancelling the order, the process of which is hidious. To cancel an order, you are connected to a chatbot, and there are 4 useless options and no option like ""ordered items no longer available"". So I picked ""expected faster delivery"" and was given a cancellation charge of 85. Never using again.",1,9
53,2020-07-11 03:25:41,Nice contribution by them during lockdown.,4,0
54,2019-08-22 17:23:46,"If there a zero star i would have given , totally unreliable . I think they get food packed from roadside in name of restaurants you order and they deliver with premium charges . Ordering non veg is like may be instead of chicken you get Crow biryani and may be instead of mutton they might be serving us something else . I stopped ordering from these App ,its better get yourself packed from genuine restaurant and be assured . How much time it gonna take anyhow . Anyways they served beef in bengal.",1,0
55,2021-01-02 07:44:39,At first swiggy service was good but later on i was regular customer of swiggy today and before 2 days i ordered food from new restaurant some of them i got cold and steal food i raised my complaint but they didn't respond yet. Swiggy is good for first 10 ordered after that they don't focus on their old customer they don't respond.,2,0
56,2022-02-26 14:09:32,Yummy and professional. A very efficient food and neccecities shopping platform ❤️❤️,5,0
57,2022-03-30 17:19:59,Their service and their restaurant is not good with swiggy one. U will save money but u will regret after ordering food.,3,0
58,2022-10-21 04:43:56,A very good experience from d time of covid lockdown...this app has helped us a lot..specially in case of emergencies...,5,0
59,2019-03-08 14:36:37,Swiggy is awesome but when I opted for veg only then also they showed me chicken tikka with veg green mark. improve on it.,3,0
60,2022-05-15 16:09:13,"the worst experience of customer servicing they hold you on chat and never answer to you complain, please don't use this app. us blinkit for your grocery and everything, swiggy I'll appreciate if you'll contact me for my complaint and I'll edit this statement, but for now I have to rate you with 1 star because there's no other option",1,0
61,2018-10-09 14:39:52,It is good but think it should be little bit fast.. Otherwise the service is awesome.. Hoping for the change 😊😊😊,4,0
62,2020-02-14 15:58:28,"The worst app, worst Service, worst customer support, They will deliver wrong food and they have no option to connect other than email. And after connecting them over email you will get reply that they will take care in future without connecting you but what about this time. And ofcourse in future also they will repeat same. Trust me Swiggy is fraud company.",1,8
63,2020-12-08 08:39:47,delivery boys are very very good,5,0
64,2019-11-12 10:31:52,Felt bad because when i applied the coupon code it was applied but when i made order on cod it didn't work and the order was placed 🤔.This was for Domino's only!,2,0
65,2021-11-04 15:13:32,It was good experience ordering food from swiggy but one thing is that the item can be added more than one.,5,0
66,2021-11-14 08:58:28,Hey team - It will be good if you can give an option to add additional no. for tracking while ordering.,5,0
67,2020-07-25 14:03:56,"Removes items from cart, without any explanation",2,0
68,2019-01-25 13:16:02,excellent food delivery app on time delivered,5,0
69,2019-08-15 12:29:09,Not for middle class people. most of the times money will be decuted but order will not be placed.. money may back after 2-5 days... you have to wait and ask them.,1,0
70,2019-10-16 14:11:28,Excellent service in agency areas,4,0
71,2021-06-25 11:17:33,I'm not getting the Instamart and Swiggy Genie Option on the App.,4,0
72,2023-05-15 05:33:15,There are no swiggy Genie available ever.,1,0
73,2020-04-11 08:18:55,EASY ; CONVENIENT & FOOD DETAIL'S DESCRIBED ELABORATELY.😃👍👍👍,4,0
74,2021-05-14 05:29:05,"In lockdown, ppl stuck @home, can't go out to eat & ordering more food. Giving more business to Swiggy. I am happy that Swiggy is covering my favourite restaurants within 12km radius & charging accordingly for long distance restaurants. But they r unnecessarily charging surge for restos within 3km redius witch wasn't before. If it's not raining, only dark clouds, they starts ""surge due to rainy wheather"". Means food of 150 rs will become 275- 300 rs aft adding tax, delivery charge and surge",2,1
75,2020-10-20 15:25:16,Your customer service is pathetic you guys say that you will refund the amount in such days or weeks but the amount does not get refunded out .....recently I ordered the food which was not delivered to me because the swiggy driver had an issue with the bike so the customer care called me up and reassured that he will re order the same order and it will be in my door step half an hour but spending like 3 hour and arguing for my refund it's all drama......,1,0
76,2022-09-17 17:49:43,"swiggy geine is the worst app ever, delivery guy found the item to be too pricey and he didn't deliver it to me, Neither customer chat service helped nor anyone from swiggy, Swiggy's downfall is going to start from tomorrow when i report this issue to consumer court",1,0
77,2022-07-03 14:23:43,My all time favourite app.. i will order foods only in swiggy,5,0
78,2018-12-27 14:59:43,terrible experience. delivery guys dnt ans calls. then the back office people agrue n charge u for the cancellation from their side. 4th tym in a row. does not deserve even 1 star,1,0
79,2022-11-15 06:41:57,"FALSE ADVERTISING & CHEATING Over a month ago I got cheated on meat delivery, they did not send qty ordered and refused to refund. 2 days ago they cheated on organic sugar in Instamart, they advertised 1kg for the price mentioned and I ordered 2kg but received 2 500 gm packets and CS gaslighted me and refused to make it right. Today I got badly packaged chicken livers and cheated out of a whole kg. Uninstalled!",1,0
80,2019-08-27 10:30:48,"Amazing app , according to me it's the best app to order food . Zomato was giving me pizza in 120 rupees and Swiggy gave me the same pizza from the same shop of 70",5,0
81,2022-05-22 10:22:46,"I receieved an incorrect product from Instamart. I needed it quickly so I paid express delivery fee also. But after raising the concern to support, the guy first took so much of time to admit that product is wrong and then replied we can't do anything. Its better so stay away from this service with no customer support in case of any issue.",1,0
82,2018-10-28 14:19:58,What's with the super? I paid 49 for it. And the offer goes to phonepe users only. So my 49 rs is for their better service.,2,0
83,2019-07-23 18:51:29,prices are little high as compare to zomato,4,0
84,2021-04-18 16:09:07,Beautiful app.. easy to use,5,0
85,2021-07-11 15:42:13,I got veey good discount and also i was able to search the several options over here..loved the app,5,0
86,2019-10-16 16:14:33,It's good and thanks for offers.,4,0
87,2021-07-23 15:25:17,easy and simple app to order food online,5,0
88,2023-05-11 08:44:29,"Please friends don't encourage these food apps they charge whatever they want please un install the app they charge from you PLATFORM CHARGES for their app maintenance and RAIN FEE 30 and small order fee up 1 KM 59 ,charges and delivery charges all is double the product amount please don't use for at least one month then they will step down take reasonable charges otherwise complete they monopolized now i am uninstall my app and complaint against swiggy because charge unreasonable manner",1,0
89,2019-07-06 07:46:12,"The service is pathetic, in my last order no delivery executive was assigned for more then an hour. Before thay once a delivery executive reached my place to deliver without the content and multiple times they have spilled the food onway.",1,0
90,2021-11-07 08:37:14,Swiggy very good food delivery app with lot of offers,5,0
91,2019-09-26 06:59:31,Fantastic...bestest option when you are really hungry,5,0
92,2021-06-09 06:49:07,Very useful and powerful app for ordering food 🍔,5,0
93,2019-07-16 13:58:15,NO Proper customer service even though delivery men makes mistakes that will effect us in extra fee charge #wrost app don't install,1,0
94,2022-05-20 12:39:19,Worst.... The customer care is useless. I have logged a request and no one responded. Swiggy has cancelled my order with no refund. Hence uninstalled this app. I am not gonna use Swiggy.,1,1
95,2018-12-24 14:57:12,app is working fine but status delay,5,0
96,2019-12-17 15:35:59,The restaurant and dishes are Very very nice excilent 🤘👑👑👑😎😎😎😎😎😎😎😘😘😘😘😘😘😘😘,5,0
97,2019-09-28 15:16:50,Poor service and customer unsatisfactory service...,1,0
98,2019-03-27 15:43:21,nice but late Delivery it's time consuming,3,0
99,2019-06-27 17:18:07,food items get missing often from the order,5,0
100,2019-02-21 08:11:44,Excellent app supports me a lot when on time not with family. Infact I am able to manage my diabetes on getting food on time. Door delivery. Excellent work swiggy team and hotel's. Faster Than i could buy when I visit. Thanks and all the best. swiggy recently used in Trivandrum found excellent service too. am impressed. thanks a lot team swiggy and staffs.,5,0
101,2022-04-22 06:45:14,tax and delivery charges are too high,2,0
102,2019-09-26 14:28:50,Works very slow....very limited options on offer....,2,0
103,2022-08-25 03:41:19,The number of fraud issues with the billing are at rise and Swiggy holds the first position.,1,0
104,2019-10-23 15:35:35,Better food delivery app and not good delivery speed,4,0
105,2021-03-13 14:09:58,I get my oder with missing some items in it. I didn't recieve any good response from swiggy executives & didn't get any refund or coupon...zomato is better than swiggy...i appeal to everyone do not use swiggy...its an fraud app.,1,1
106,2019-09-11 10:11:35,There is no provision to rate the orders if you not rate them at delivery time.,2,0
107,2022-04-13 06:31:07,They remove the features as per their convenience.,1,0
108,2020-02-27 17:24:20,Pathetic quality and customer service,1,0
109,2020-09-24 07:19:49,this is not good as they do not solve the customer's issue . I suggest not to purchase anything from this,1,0
110,2021-11-08 04:57:53,Never delivered the order on time and evertime gave new excuses.,1,2
111,2021-05-26 14:36:09,Late delivery taking almost an hr to deliver,1,0
112,2021-04-25 14:10:43,"This app is really useful, especially during the pandemic days and the delivery is rather fast. Just one problem,i.e. for some orders the delivery cost is absurdly high, I don't know why. Other than this, this app is very good.",4,40
113,2022-06-25 09:24:06,Now a days there are lot of issues coming with Swiggy. I am putting this here as Swiggy confirmed it as there technical glitch,2,0
114,2020-07-28 04:32:46,So Swiggy's idea of updating means is to double the font size of the numerous items. Do you understand the time it is takes (wastes)? It's only out of utmost respect for swiggy and with the intention of not messing up the ratings I have given 5 stars. And with a hope that the idea of increasing the font size will be reversed.,5,1
115,2021-03-15 15:31:54,Very bad service I got item half and stole in the way,1,0
116,2021-05-16 08:43:22,One if the worst app and service providers,1,0
117,2020-01-27 09:33:03,"Why don't you people has the# location of the restaurant we're upto order. It's making big confusion, just an name of area or location of an hotel under it's name makes great user experience. Consider it!!",3,0
118,2019-08-04 06:26:22,most of the restaurants are not add,2,0
119,2019-04-25 15:45:20,"Disgusting service, they accept orders but they don't deliver and mark it as successfully delivered. To hell with such delivery platforms.",1,1
120,2019-09-15 06:01:22,Great app..fast delivery..COD...(caah on delivery) as well as credit or debit card accept.. Good offers ..great saving of time and money,5,0
121,2019-08-03 09:00:37,very nice taste of Happy diet foods and saladd. and very nice app for fast on the spot,5,0
122,2023-06-20 08:40:41,"A two star app with no good customer service, has suspended my account without any fraudulent activities and not even giving a valid reason for doing so. The app has downgraded since it started and I would wish for its downfall more if this is how they are treating their customers.",2,0
123,2020-02-21 06:03:59,Offers are fruad Eg : 50 % of 300 is 150 not 100 But swiggy calculate 98,3,0
124,2019-05-06 18:09:20,"I have been a Swiggy customer for a long time, but the experience I just had was miserable. The app told me that my food was delivered, and I had not recieving the order. The amount was deducted from my account, and I had to contact the customer service personnel, who helped me with the refund. But the two hours I spent waiting for my food were wasted. It was supposed to be a treat to celebrate my class 10 result. And it was ruined. Thanks a ton 🙏",1,7
125,2023-01-10 15:26:08,Refund is not upto the expectations when we cancel our order as it takes about one hour to get delivered for 2.5 kms distance. Not so user friendly in refunds.,1,0
126,2019-03-12 09:30:46,the best app for food delivery within the time,5,0
127,2023-05-06 05:14:27,Writing this after observing 4 years of continuous usage of this app. In my experience: 1. Swiggy takes unfair advantage in business by fraudulently claiming false short delivery times. 2. 80 percent of deliveries are much late than their expected delivery time. 3. There is a lot of dwindling happening in billing 4. Hidden charges are always around to be levied & there often is overbilling. 5. The customer care service is as tardy and inefficient as it's primary service. Hence 1 star,1,0
128,2021-08-03 08:33:49,The app is good but I am very upset with your delivery guys. Of late they have been reluctant in delivering any order to my residence or even nearby. I once had to put a complaint against one of them and next delivery boy called me around 3kms away from my home to receive the package. Please do not make commitments you can not keep. I am writing this review now as I am waiting for my last ever order from swiggy. Please take care of your management. Today you have lost me as a customer.,2,140
129,2018-10-07 17:08:56,Not downloading so how could get share suggestions Stuck on 95% download,3,0
130,2021-03-15 15:16:27,"No option to edit the profile name. Basic requirement, in all applications there is a option to edit the name, but in swiggy there is no option if i need to change the name.",1,0
131,2021-08-27 08:41:33,Great service and very convenient,5,0
132,2019-08-27 15:45:37,I loved this app because whenever iam hungry i call the swiggy food ambulance it saves my life thankyou for your service🙏🙏🙏🙏🙏🙏🙏🙏🎆🎆🎆🎆👑👑👑👑🙏🙏🙏🙏🏼🙏🏼🙏🏼🙏🏼🙏🏼,5,0
133,2021-06-24 11:16:43,I would recommend Zomato Than Swiggy Because Swiggy Has Shut Down Their Realtime Customer Support Chat.Recently I Had Ordered Food And I Get Stale Food When I Want To Complaint There Is No Customer Support Chat.Then I Mailed Them With Pics And Dumped Food.They Sad The Problem Will Solve In 3Days.But I Doesnt.Then Again I Mad After Another 3 Days I Got Mail That Its A Food Quality Matter We Cant Do Anything Just Rate The Food.🙂🙂And Money Is Wasted.Thanks Swiggy For Your Support.,1,0
134,2021-08-12 10:32:14,Werest service I received incorrect order but the customer service is not responding properly,1,0
135,2023-01-20 14:16:39,Delivery charges are very high. Further swiggy has now doubled its membership charges. Rs. 749/- for 3 months of membership is really too much.,2,0
136,2021-09-14 03:58:00,When we go to cart it shows a different location. Hence confused and we stop proceeding further.,3,0
137,2020-12-16 08:22:13,It's good ..it's easy to use,5,0
138,2018-12-06 10:33:38,Best offers available on Swiggy.,5,0
139,2021-07-26 13:53:33,Super easy and great offers,5,0
140,2021-09-27 22:29:17,Great service ang good quality management at any time,5,0
141,2020-05-10 17:23:28,"This is a great user friendly app, great chatbot but still still it should have others as option as it does not cover general query options... Which frustrates the user sometimes in order to connect with human.",4,4
142,2019-08-19 15:57:33,It take too much time to deliver order,1,0
143,2019-02-06 18:02:59,Best app here so far.. to order and eat!,5,0
144,2023-07-09 10:40:33,Very pathetic service in prayagraj. Everytime delivery partner was late by more than 20 minutes.,2,0
145,2021-08-15 15:50:44,Awesome service and tasty food,5,0
146,2023-07-24 12:30:31,Stale Food was delivered & No action taken by Swiggy Customer care... Poor customer care😡,1,0
147,2022-03-29 18:43:09,"Worst experience continuously... day X - Ordered items not received, no refund for the missing item, support team excuse is the application has no option for refund...😂 Day y - Order item not delivered.. Delivery guy absconded with food.. Customer support conveniences me by saying that they have reinitiated the order and I will get food in 30 minutes, What happened next is crazy, I received a message that I have cancelled the order...😂😂😂 Without my consent they cancelled my order..",1,0
148,2019-07-27 14:46:52,i like this app but plzz start swiggy in Banswara Rajasthan...zomato has also started to deliever here...plzz start soon swiggy in banswara rajasthan,3,0
149,2023-05-24 15:45:29,They don't have staff at all,1,0
150,2019-10-22 03:41:39,Worst app GPS FUNCTION NOT CORRECT,1,0
151,2018-12-28 16:04:37,best experience at swiggy!,5,0
152,2019-07-20 15:23:08,orders Very delay every time,2,0
153,2022-01-15 15:29:17,"Swiggy sucks big time. I recently ordered twice on this app. They showed initial ETA as approx 35 minutes and my order got delivered after more than 1 hour. There can be variation of 10-15 mnts but not more than twice of their estimated time. They are deceiving the customers, looting their trust. Zomato is a lot better than Swiggy. they atleast do what they promise. I am switching to Zomato. Never going to come back to Swiggy again. They are pure cheaters.",1,92
154,2020-01-24 16:59:54,Placing order should be easier,3,0
155,2019-10-13 11:44:14,Why means some some times this app wont be cash on delivery. And on 5 orders only have offer after that we can offer at same rate only.,1,0
156,2023-05-30 08:25:33,very late delivery. delivery boy's are not available. very slow response...,1,1
157,2019-11-05 11:44:51,I have used sbi net banking for discount because offer was available for sbi users. But it has deducted full amount without otp. Pls be aware for this fraud from swiggy. Pathetic experience. Pls use another app .,1,0
158,2021-11-15 03:06:01,Love the experience using swiggy..,5,0
159,2022-06-18 13:39:14,Don't buy groceries.. you will receive Rotten vegitables and warm inside wheat floor. After all these customer service won't help you. So avoid and buy from local shop.,1,0
160,2021-09-30 13:22:50,Very helpful App doing to change my mood,5,0
161,2022-11-16 17:42:27,Very poor service didn't deliver my order from restaurant which is 10 mts away waited for 1:30 hrs. Got insulted in front of guests,1,0
162,2020-02-23 06:55:38,"I ordered food and the apps location was completely wrong. It was 400 km away from where I was. They cancelled the order and charged me cancellation charges because of the apps fault. I'm uninstalling, Zomato and uber eats it is from now on.",2,0
163,2019-10-27 05:09:31,I sincerely request you all not to order from this app. They don't provide quality assurance. They just provides apologies and u hv to eat burnt food. Also talking to customer care is waste they just laughs at your waste of money. Please please don't download.. go out and taste the rich food which swiggy can't assure. There is no option of attaching snaps otherwise i would have attached here.,1,0
164,2022-03-27 18:00:34,Why iPhone users are having cigarette options on instamart pan corner and not Android users.,3,0
165,2019-10-20 12:29:22,Very good app for foody people very less expensive with many offer💜,5,0
166,2023-02-06 09:16:49,"Very useful app including Instamart for food deliveries and groceries from restaurants. Only two things, Swiggy should have the Pay on delivery option in instamart like Zepto and others. And one more thing, Swiggy Genie should have an option of re booking an old pick up order. It is very tedious to keep filling details for regular daily pick Ups. Hope someone sees this review and takes corrective action.",4,211
167,2019-08-30 17:26:38,It was delivered very fast,5,0
168,2019-01-19 16:35:46,"takes 2- 3 times the time shown. should work on communication with the restaurant. they cancel part of the orders without reason. deliver wrong items. got my refunds promptly, but sometimes refunding alone is not enough.",3,0
169,2021-03-01 09:59:20,This app good from sinario but this app takes more money for delivery and Extra itom and this app don't give any type of discount after 1st order. Iam very absence from charges of this app,1,0
170,2019-12-29 08:16:36,Easy to use and very efficient...,5,0
171,2021-08-16 15:28:28,It very good aap but the price very good but delivery charge is very much,3,0
172,2023-07-22 18:04:36,Very very bad service Don't expected Food price :- 240 then App give 120 off add 120 delivery charges. You get or only money not customer ❌❌❌,1,0
173,2020-12-03 14:39:16,Best App For Ordering Food.,5,0
174,2019-03-23 15:55:42,very nice fast delivery ☺️😊👌,5,0
175,2023-03-08 13:10:33,"I am firing you as you decided to fire Sachin panchal , Jay shree ram!",1,0
176,2021-02-19 13:38:08,The swiggy only problem is it takes so much time,4,0
177,2022-05-31 18:57:07,Rude behaviour from from your customer chat support named somya and she instantly closed the conversation as well.. very dissapointed as a valued swiggy one customer as well.,1,0
178,2019-07-17 14:59:25,superb offers ..swiggy pops is great saver ..just some restraunts needs to improve their food quality and some should work on quantity too...,4,0
179,2019-09-20 14:35:46,I expected fast delivery but not,2,0
180,2019-10-07 12:37:50,Loved it.... Swiggy is the best option to order food at your door when you are starving very badly 😅,5,0
181,2021-12-09 16:29:04,Swiggy doesn't delivers on time. It only knows to put fake promises while enquiring about the order. The Customer care executive are the worst.,3,0
182,2021-09-21 19:04:37,Horrible response from the help team !!,1,0
183,2018-12-28 17:06:52,Simple and responsive app,5,0
184,2020-03-08 07:45:56,"Previously I gave it 5 stars. But now I feel like swiggy cheats on the ETA. When they promise to deliver at 30 mins, even with almost no traffic all my orders took 1 hour. We order based on the ETA planning our other priorities this is really irritating. Next when our order is picked up due to demand it was with an other order nearby which took its time getting prepared. Guess what ?? My food was almost cold. Everyone likes a hot meal not a cold meal that seems to have been cooked hours before!",3,0
185,2019-10-02 12:00:10,Service experience is manipulative I always prefer swiggy over Zomato and have been using since a long time. The concept is good but gradually swiggy has started manipulating prices. All prices are inclusive of GST. Plus it us taking delivery charges. Recently i noticed delivery charges has been increased plus it is charging restaurant charges. What is this restaurant charges now and why should we pay for it? Whereas this restaurant charges is not even charged by restaurants. This is cheating.,2,0
186,2023-03-02 07:01:26,It won't allow to deliver to friends and family. I can't add a name to deliver some items for other friends. It's really stupidity to restrict only in my name. There a lot to improve the interface and app.,1,204
187,2018-11-06 04:37:03,Best choice of food and best offers !,5,1
188,2022-06-12 14:47:19,"After months, I'm finally open to buying the swiggy membership again. Thanks for being reasonable and bringing back the free delivery",5,85
189,2019-05-26 07:48:37,I installed first after some time I uninstall it because some reasons but after some time again I installed it when am going login with my number it say this number using last 6 months but I didn't use. so how to login... am unable to login,3,0
190,2021-11-20 07:55:15,The delivery charges are very costly you could order something of 300 then after applying coupon of 120 you would still have to pay between 220-250.,3,0
191,2023-03-14 18:28:11,Worst app ever...poor customer support...no regards for customer...charges are even higher than the Taj hotel...hope this shuts down eventually,1,0
192,2020-10-01 11:14:06,"Waste app I ordered a food, within 2 minutes I cancelled my order but they don't refund the money",1,0
193,2019-11-19 07:51:24,Good but not Better😡😡 19.11.19 feedback Now day by day swiggy trying to Better his experience.,4,0
194,2018-10-12 18:16:48,"Worst experience... Will never use this app again... I ordered a meal, I paid the amount through my debit card. I did not know where on earth delivery guy went, his phone was not reachable after 30 min the order status was showing delivered. When I contacted customer service they just helped me by telling that I had already received the order, its been 2months did not got my refund or my order.... Still waiting 😂😂😂",1,9
195,2022-08-26 07:37:03,"At 1st swiggy used to be good. But later on the offers reduced and the restaurant packing charges and taxes are increasing day by day, we use swiggy for offers and to save money but due to packing charges and taxes it's all going waste. Kindly please look into this and reduce the taxes. Why customers should pay the taxes. Better directly go to the restaurant and buy them without any taxes.",1,0
196,2021-10-16 12:28:19,Use zomato app. Better then swiggy,1,0
197,2020-08-27 12:10:46,The location option is very bad. It doesn't allow you enter the exact location. It arbitrarily takes some street and house number based on Google maps which isn't always correct,3,0
198,2023-04-01 11:39:40,Delivery time is so long. It shows half an hour and it took one and a half hour. Very poor.. everytime everytime they do it,2,0
199,2023-05-21 15:19:21,"Useless app, little rain and everything becomes UNAVAILABLE, closed restraunt show false online",1,1
200,2020-08-29 02:11:12,Good service and local boys are very helpful..,5,0
201,2019-10-10 17:55:06,Good app..& I got a great offer also on my order,5,0
202,2020-10-26 17:34:18,"SWIGGY is worst service provider post lock down, this company and its employees are extremely unprofessional, they deliver without required hygiene in times like these on top of it they are tied up with some pathetic street level kitchens which can very comfortably spoil your mood & party. After 2 years of regular user am signing off and deleting this app forever. Only one word for SWIGGY is PATHETIC.",1,0
203,2023-06-24 09:54:09,"Order delivery time estimate something and deliveres out of estimated time which is strange , if delivery partner picks multiple order to deliver swiggy should inform customer for delaying order .",1,0
204,2021-09-05 16:05:11,If you give bad food then don't give us coupon. Give us our money in source account. Enough making customers stupid.,1,0
205,2020-08-22 08:31:49,"Worst Experience. Twice, Money got deducted from my bank account and Order wasn't been placed.",1,0
206,2021-06-18 15:46:49,Worst experience now. They charged full for delivery also charged surge. Despite that they allot multiple order. And our food delivery late and cold. Pathetic service.,1,0
207,2020-12-08 13:29:36,would have given 5 star if der was more offers n discounts,4,0
208,2023-07-19 12:31:17,"I have been using the Swiggy app for quite some time now, and I must say it has completely revolutionized the way I order food. From its seamless user interface to its exceptional service and enticing discounts, Swiggy has become my go-to app for all my food delivery needs.",4,1
209,2019-02-23 12:42:32,Most of the time it show unserviceable. Now also i want to order something but still it show unserviceable .,2,0
210,2019-04-27 20:14:17,worse app..i would rather prefer zomato...ordered food for the frst time that too from the MNC #Chicago pizza..the pizzas dilivered were cold as stone..the packaging ofr the beveragges were pathetic and the order was delivered 1 hr late the ETA...would not recomend anyone for swiggy...the frst and tge worse experience,1,0
211,2023-04-18 07:01:39,Best app for food . Delivery on time,5,0
212,2019-05-12 20:40:32,"going to uninstall, swiggy can't serve food they just serve you fake promises",1,0
213,2021-11-24 09:02:16,"They will always delay your order, and will only say things like ""We'll monitor your order till it is delivered to you."" ""We'll forward your feedback to the concerned team."" But they will not give you any solution or any compensation for the delay. I rely on Swiggy for my lunch but I'm beginning to rethink my decision. Very useless service Swiggy. Didnt expect this.",1,234
214,2023-06-01 17:26:08,Thieves. Cancelled my order on their own and blaming me that it was Cancelled by me and denying my Refund. CHEATERS. Refund my money immediately,1,0
215,2019-11-13 05:38:56,"Very Bad Service and no help from Customer Service, even after being Super Member. Even after re-assurance from Swiggy Support same things keep happening they are missing items in delivery frequently. Still disappointed from the Customer Services.",1,0
216,2023-07-01 11:54:12,"Didn't recived the order, neither received the Refund, After so Much customers I think Swiggy doesn't care",5,0
217,2019-12-26 09:43:13,Delivery 🚚 time should be less........ And free coupons should be more,3,0
218,2019-08-12 15:41:08,the support system really sucks and they always reply that you'll not face such problems next time and they just do nothing and they reply so slow on chat i got my food in 2 hours.. they placed my order to so far CCD even if there was a CCD in less than 1 km. I'll stop using swiggy,1,0
219,2019-06-17 15:50:08,"I had a very bad experience with sweegy app they take order on line with advance in my city, and take so many hours and if you enquire they say that your order is cancelled you are forced to sleep without food by the sweegy people. for this kind of poor service they must be penalised,I request you to not order with sweegy as they are irresponsible and your advance money is also not refunded immediately so that you can have another choice,they withheld your money for 8 to 10 days. hence avoide ord",1,0
220,2021-08-03 14:43:27,Everything's good except your no cod policy on orders exceeding a certain amount.,3,0
221,2019-09-26 14:16:57,The app should have the option to apply the coupon within certain time after placing the order...,2,0
222,2020-08-12 11:05:15,Worst app which will deduct your 500 and offer you 200 back on the fraud and most of the time the order which you place is never the same something is always missing and again they don't have a valid explanation or valid reply a s s eaters,1,0
223,2023-04-26 09:19:26,I ordered some groceries But it missing.. i raised complaint no reply no solution very unhappy I'm going to uninstall this app,1,0
224,2019-05-01 16:07:55,You are getting more amount for delivery charges and hotel charges which is very high compared with all other apps. please reduce it,3,0
225,2020-01-10 06:00:23,Very fast delivery by balaji,5,0
226,2020-06-06 14:31:12,Super cool delivery only some time it takes time,5,0
227,2019-05-11 17:03:49,I ordered at 9pm and wait for atleast one and half hour. Shop owner said I gave your order already to the swiggy delivery boy and the boy saying I haven't received your order yet. Just because of them after a hectic day i m going sleeping without eating anything. Because of there tantrums all the shops are now already closed. Worst!!! Will never order again. Going to deactivate this app. Worst Management!!,1,2
228,2018-10-07 15:19:43,App not working properly ... Lots of bugs,1,0
229,2021-07-19 12:14:36,Wonderful app to receive food.Conduct of the staff is good.,5,0
230,2018-12-30 09:13:25,I wish that i could rate swiggy with zero rating. This app delivers the shittiest food ever. It would be much better if u go and eat directly from the restraunt or order from another app. The order was of jain paneer kolhapuri bt i think that the paneer was eaten on the way. Rather than looting your customer better provide a reliable service.,1,0
231,2021-10-30 08:59:54,Awesome app for food orders,5,0
232,2020-12-17 11:08:19,Pathetic customer help service.Take payment twice on same order and won't refund until we speak to all their customer service executives.,1,0
233,2019-12-27 14:48:04,The most real fascinating and actually helping app outstanding nice work swiggy,5,0
234,2020-12-20 15:38:07,Swiggy is best App for online food however consider better restaurants with better discounts,4,0
235,2020-02-29 09:15:25,Best food and so much fast service I had ordered my lunch and it had arrived within 20 mins. I think that it is so fast and so safer food,5,0
236,2019-12-19 15:13:40,"This app is not showing cash on delivery option to me, while paying online u would not be knowing about hidden charges and cancellation charges which is on higher side...",1,0
237,2020-02-04 16:40:10,"Swiggy has got worse with time..!! In my past 5 orders placwd from this app I have not once received my order in a complete state.. Either there is a problem with quantity, or quality or delivery process..!! Today after waiting for over an hour I recommend half of the order..that last time after waiting for over 30 mins I get a call from the agents that my order has been canceled... Pathetic service",2,0
238,2021-11-02 13:56:29,Worst In delivering on time! Should have an option like delivery on time or free like Zomato does . And the customer executive are no good as well. They keep on just saying sorry but do not want to fix their wrongdoing. They just keep pasting the same automated msg over and over again to get to irritated and u give up finally thinking whatever. Zomato is much better,2,0
239,2020-04-08 14:18:25,It's good but very less coupons are present rest everything is ok,4,0
240,2019-11-24 10:58:30,"Uninstalling it ..I have been using swiggy from a long time.. it recently started its working in my native city (raebareli) Yesterday i made an order, after 1hr i got the col from delivery boy saying ur order is cancelled wen i asked him why? Then he told me apki col nahi mil paa ri ti.. wen i started arguing that i dint received any ivr col or notification regarding cancellation then swiggy manager from raebareli rudely said me agar apko problem h to ap swiggy chod do..kisne kaha h use krne ko.",1,0
241,2022-04-06 09:37:46,Bad experience at first order which has not arrived even after 45 minutes,1,0
242,2019-09-13 09:31:12,"You should improve delivery service on holiday season, then it'll be 5star rated.",5,0
243,2019-12-01 05:51:17,"Order delivery is very late, delivery boy said restuarant was not ready if it was not ready that how come u r taking orders, worst experience",1,0
244,2019-04-01 07:27:04,The service is very low because when the food is come to me it is cold not a hot food,2,0
245,2019-09-22 14:13:11,It is really amazing and also faster work👍👍👍👍👍👏👏👏,4,0
246,2019-11-07 14:35:26,"Very bad and arrogant staff , No such good process of claiming complaints, Never deliver properly, Always having issue .",1,0
247,2019-08-16 15:34:42,"if a restaurant is not serviced,it is seen only after we fill in the debit card details. it's so frustrating as we spend so much time in selecting. not one , but 3 times. but on the re-fund side..this app is soooooooo much better than Zomato..",2,13
248,2021-05-25 08:26:36,Very good & fast order received with prompt delivered. Thanks swiggy,5,0
249,2022-04-26 11:54:58,It was going great for the past few months but now it's getting really troublesome Before for below ₹500 orders cash on delivery was available But now even for the smallest amount of orders cash on delivery is not available It's very troublesome tbh Many of us don't have access to cards all the time and there r many people like students out there who don't readily have cards available and cash on delivery is what's the best option for em. Pls enable cash on delivery.,2,0
250,2019-08-04 06:20:52,Tasty food nice coupons bt delivery time is taking little bit slow . overall happy with swiggy Food,4,0
251,2022-07-11 15:46:40,"With the new update, I can't even access the full list of restaurants in the menu. It only shows handpicked groups with discounts, nearby ones or favourites etc. Has become useless for me. Switching.",2,8
252,2023-05-02 16:30:59,Your enquiry is process is total waste of time no one is resloving issue,1,0
253,2022-04-19 10:20:27,"less offers and if there are offers the cost is increased by the way of tax, delivery charges etc.. being so clever",3,0
254,2021-08-21 14:00:01,"Yes this app is gonna get least rating available.... 4 orders in a row from 4 different restaurants were delivered after 90 min the ETA was 45-50 min each time. And it wasn't even peak time order I'd placed order at roughly 8pm, and 6pm.",1,0
255,2019-11-23 07:50:09,Nice food.. Timely delivery,4,0
256,2021-04-08 08:57:55,Live tracking is not working,2,0
257,2021-12-02 08:02:53,"Over priced. I paid for swiggy super, they changed plan to swiggy one. Now paying money for delivery. Going to file a case in consumer court. If they changed plan with out your approval file case. Moving to Zomato and local delivery apps",1,2
258,2023-07-22 18:05:38,If I have 0 star also i will give because my last online payment for food I have done 3 times amount deducted but failed payment I have paid cash for the order. refund intiated but not credited still 3 days completed but not credited very dirty app.,1,0
259,2020-01-25 03:54:52,Swiggy offers great food from a huge number of restaurants from various cuisines to cater to all tastes and price points,5,0
260,2021-02-21 02:33:28,"Please let us know how to get the discount showing ie 20%, 15% etc. Is it just advertising",3,0
261,2022-06-08 16:21:19,Totally unprofessional... don't order ever .. make you wait thn suggest you to cancel it..,1,0
262,2018-09-23 11:47:51,This is the saviour for the students. Thanks for providing such good service and food. 🌟,5,0
263,2020-08-07 12:46:52,I am very sad with with service they provide to customer they know how to take money but don't know how deliver the service I'm using this aap from long time .... There is no customer satisfaction in your service it's ok this not the problem I am facing for the first time but from now I won't use your app,1,0
264,2019-02-11 15:02:28,best app for food delivery ang good offers every week,5,0
265,2019-12-04 13:40:39,no more coupon dont like this app,2,0
266,2019-11-28 19:53:10,my favourite online food app...but plz low the rates,5,0
267,2021-09-10 15:23:17,Very bad service. No follow up. Waste of time & money. Never recommended,1,0
268,2023-02-19 17:56:14,Very cheap and cheater app and also frauding with customer help centre also not supported proper,1,0
269,2022-10-17 13:52:39,New trick played by swiggy. Tried to order food and bill showed Rs231. Money deducted and order gets cancelled. App showed option to retry and amount showed was Rs305 . I retried by going back and applying discount again and 2nd time also Rs 231 deducted but order rejected . Swiggy app again showed retry option with Rs 305. If someone does not notice he will end up paying 305Rs which he thought costed Rs231.,1,0
270,2023-01-31 16:56:37,Horrible service always always extremely delayed!! Fed-up of waiting every time. Foods stays ready for 20-30 minutes before it gets picked up ... Really really sad!!! Will have to look for alternative apps instead of swiggy!!,2,0
271,2019-10-26 07:21:51,It was good though it's just 2nd time I am ordering.....4 stars cause the delivery guy didn't call me instead asked my landlord to ask for me which was kind of embarrassing,4,0
272,2019-03-15 09:02:07,it is one of the best food delivery app,5,2
273,2019-05-10 16:12:09,Zomato is much more better than Swiggy. Now a days Swiggy is lost customer because of their low customer service.,1,0
274,2019-08-29 10:10:38,"Good app, costumer friendly and fast delivery",5,0
275,2020-07-25 11:34:08,"Wow i order 9"" inch pizza just 135 rupess. Swiggy give me very good offers i love it",5,0
276,2021-08-15 20:28:09,I fall in love with your application interface.,5,0
277,2019-06-29 11:04:17,Worst app I have ever seen They just show you the coupons on the offer wall but when you applied it and order it then they don't gives you your cashback seriously that's too cheap activity by you,1,0
278,2020-01-03 14:47:23,It is very difficult when you by mistake order the wrong item. Swiggy is not allowing or charging very high to cancel a order placed by mistake even within 3 minutes of the order placed. Very sad to deal with.,1,0
279,2019-11-22 07:10:42,Super app and very helpful,4,0
280,2020-11-20 09:41:36,"service is getting pathetic day by day. After 40 mins of placing our order,when we thought parcel is at the door,they are telling there's an issue please re place your order and the money that we had already paid,will be refunded after 5 days.. And this is the 3rd time it happened",1,0
281,2018-09-25 19:25:31,This very nice application and good part time and full time job,5,1
282,2021-01-03 13:36:46,I am increasing a star because of the mouth watering offers... Go on swiggy... We love you.... ♥️♥️♥️,4,0
283,2019-08-30 12:02:29,App keeps crashing hangs the phone...Even i have 8GB Ram... Not sure about... My first delivery in still on its way.,1,0
284,2019-07-21 15:46:45,simple and easy to understand and use,4,0
285,2019-12-23 11:38:16,Less food recieved as except😒,4,0
286,2023-02-20 08:21:38,I really love this app for giving best offers but they always show different location to the delivery guy.. I always have to reset my location because this app automatically changes itself to God knows whose location. Every single time I've to talk to delivery guy to give him my location on WhatsApp and i hate to do this.. i tried to talk to customer care about it but i can't reach.. so please if you're reading this please fix this issue or tell me how can I fix this....,1,0
287,2021-10-21 20:11:39,Very bad connectivity. Support system is zero. I'll never order again from this app,1,0
288,2020-07-11 10:01:04,Swiggy is the best for way food order and swiggy is a best💯..... Thanks ... Swiggy,5,0
289,2021-08-14 11:55:57,"I am dissapointed with your service. Will never use swiggy in future. Every time there is an issue with my order sometime you deliver wrong items, food is not handled properly or delivery is delayed. Now when I say delayed not by 10-20 mins it's delayed by 1 hour with no communication in between. And the resolution that is provided is the best you can do is cancel my order with no cancellation fees. You are not doing a favour on me there is an issue at your end because of which I prefer to cncl",1,23
290,2019-08-20 07:33:32,swiggy dont delivered food in my area in kota Rajasthan and zomato delivered there worst app swiggy,1,0
291,2021-08-11 09:16:36,This app is good pick ups but still the delivery timing is not good I mean the worst thing about swiggy is it's delivery timing. I just ordered my food but it didn't came for more than 1 hour and I am still waiting for it. Disgusting. But except that everything is ok!!!!,3,0
292,2019-12-31 16:49:04,Instant loan for small expenses,5,0
293,2020-12-10 16:12:24,They should deliver from far distances and add more places. Otherwise its an awsome app and customer service is better than Zomato or other and its fast resolution.,4,0
294,2021-05-23 15:24:20,Great and timely delivery,5,0
295,2023-02-08 16:49:09,Worst ....waited for one hour... Delivery boy switched off his phone... And i slept hungry....,1,0
296,2019-07-07 02:28:59,the worst response from swiggy .... the executive response timee too late and not even solving our porblems... this app was not upto the mark that people think.... delivering wrong items... bloody response from executive...,1,0
297,2018-11-03 14:18:54,I do complaint but your assistance say sir I do something but not do my prob. Solve and I throwing my order in dustbin.,1,0
298,2020-11-18 14:58:42,Quick simple wide choice customer 's delight,5,0
299,2019-09-09 16:41:47,Its nice app..but discount coupon 50 % is not properly working,5,0
300,2019-08-06 08:26:25,"The customer service of this app is horrible. one instance of it: my order got delayed for more than 1 hour. 1.30 hours to be precise. that too wrong item. when I raised for refund, the customer executive denied. the delivery executives almost always manage to be late. and the further investigation apparently never happens😀",1,0
301,2019-09-17 16:35:17,Very delayed delivery.... Bad quality of food even from branded restaurants.... Planning to quit swiggy.....,1,0
302,2023-07-22 14:17:10,Worst service no one help in swiggy dont order food from swiggey they know to fraud peoples only,1,0
303,2018-10-27 06:44:09,Fast delivery thanks for bro neat excellent talk Delicious tiffin thanks for order,5,0
304,2021-04-16 07:47:10,Some times it's right on food delivery,4,0
305,2021-04-30 16:19:50,Worst experiences in last multiple orders.. became worse in service aswell,1,0
306,2020-11-05 16:09:39,I am really satsify from swig the really do best to serve their coustomer their delivery people's are also so good and theri behaviour was also two good anw swigy coustomer care service are also up to the mark .I am odering food from swiggy almost 2years till now I find face any query,5,0
307,2019-09-27 11:39:57,Before you make any tie up with any restaurant plz taste theirs food once.,3,0
308,2021-10-13 13:29:28,This is best but if you cancel your order you must your ordered payment as your cancellation fee☹️☹️,4,0
309,2019-10-06 15:38:29,Delivery not confirmed atfirst always,2,0
310,2019-08-02 20:31:49,"I used to be the repeat customer in swiggy but for last 3-4months, my experience is worst than ever. 6-7 orders has been cancelled because the restaurant is closed as I place the order but it is visible as open on the customer side application.customer care executives are like robots, says same thing every time literally same thing even if I'm asking a different question. Deleting swiggy now. I hope there is a photo upload section, would have posted my conversation with customer executives.",1,12
311,2022-04-08 16:52:45,Delay order pickup and not catch up delivery address,2,1
312,2018-12-17 07:38:43,Excellent and on time service. Much better than all the other apps available.,5,0
313,2020-12-05 09:06:09,Taste was not upto the mark..can improve,3,0
314,2019-07-29 17:11:55,"not good price as compared to other app (uber , zomato)",2,0
315,2018-11-18 15:01:08,New future has added in siggwy. Only calling the executive guy through register mobile number only. But some areas there is no mobile signal. So how to call the executive guy? They didn't find the location with google also? So how to find the location? This is very very worst future,2,6
316,2021-05-29 18:58:49,"Very bad experience with swiggy, very irresponsible people. Aashiq from escalation team he is very rude ended the chat without answering my concern",1,0
317,2019-01-20 14:07:10,some delivery executive were not good but the experience is great best offers you gonna get no where else...the best food delivery app😍,5,0
318,2022-08-06 03:50:21,Excellent service and super fast delivery 👍,5,0
319,2019-08-04 16:09:16,Swiggy is have good delivery and nice hotels their list.,5,0
320,2019-11-24 08:31:53,Best and handy app design,5,0
321,2022-12-09 12:48:13,Costs on delivery option is not available,1,0
322,2021-07-09 10:58:11,Best food delivery app to date. Excellent customer support,5,4
323,2023-02-10 04:51:52,"Always there is issue with delivery partner, some time delivery partner is not available, majority of time delivery partner makes two delivery at a time which causes delay i delivery, if you guys wanna make two delivery at a time, they charge half delivery fee,,, worst experience in last 5 orders",1,0
324,2023-01-30 16:03:13,The order was not accepted for almost 20 mins.. and aftef 45 mins the order was cancelled without prior information. Customer service is worst in providing support,1,1
325,2021-07-22 04:39:11,Happy with the discounts but had bad experience in making payment with Google pay.. 3 time payment got decline and the money got deducted for 3 payment .. need to improve ur payment mode,2,0
326,2020-06-12 10:18:56,No offer at all despite I order very much 😔 then also,1,0
327,2021-10-02 15:10:21,Swiggy is best comparing with zomato because zomato service is too late but swiggy is fast for me compare than zomato and swiggy are give me more discounts,5,0
328,2018-11-26 04:59:19,"Wort delivery.. I ordered food from swiggy, first of all it took too much time to accept order in fact I had to call swiggy and tell them to accept the the order.. After 1 hour I got call from delivery.. That he will take 15 mint more.. The language used by the delivery guy was not expected from this company. At the end they cancelled my order.. One of the worst experience..",1,1
329,2021-06-25 15:41:47,Just upgraded by strars... Just awesome team swiggy always on time and everything...clean and hygiene 👍👌,5,0
330,2018-10-21 05:13:23,"I got bad quality food,my food was stale and no tasty.swiggy is doing with me with you tomorrow.please request from you that to unstall swiggy app of all mr",1,1
331,2023-03-09 04:07:48,Worst i ordered 10 box Ferrero chocolate but received only 5 box they scam 5000 Rps pls don't order bulk here they won't send properly after that swiggy support will say next time we serve better future won't happen like this so all this bullisit now swiggy also doing big scam be careful,1,0
332,2021-06-19 16:14:18,I reviewed one star and they are removing response that's why they still managed to got 4.2 stars rating. Misleading information in there app regarding order update. Poor customer care services.,1,0
333,2023-04-05 14:26:07,Good offers and less delivery charges,5,0
334,2018-10-16 16:45:23,"I ordered the food at 8.46pm,still(10.15pm) showing the food is being prepared,then the delivery boy call me and say that the ordered item is not available in restaurant Bad service",1,0
335,2020-01-15 18:00:04,I was waiting for order for 40 minutes then somebody called me that my order has failed from delivery boy and do you want to order new or cancel the order and I have received the order after 2 hours,1,1
336,2019-10-08 05:50:06,yes good but delivery charge free pottu to delivery charges vangrenga,5,0
337,2020-12-20 09:42:05,"The worst service ever. Swiggy made a refund for canceled order then took back the amount again. I paid twice the amount for one order. I am unable to get the issue resolved. Customer support is the worst. The amount was auto debited from my bank account, they have started looting money now. The issue never gets resolved and you'll never get the money you lost.",1,4
338,2020-07-16 12:07:26,"Pathetic service. Anyone operating from home also is registered with Swiggy with some fancy names (eg Mother's taste) as a Restaurant. If placed order with these unknown Restaurants, you can be rest assured that the order will never get delivered. You can only use chat option to vent out your frustration and on chat, you will be shown different ETA, each time you wish to get the updates.At the end, after wait of 2 hrs, you will end up cancelling the order. My experience multiple times.👎",1,1
339,2023-07-07 03:19:57,"last time I reported a short supply of an item (nentra banana 1 kg rs 96 or so) which is not acknowledged by either swiggy or instamart, please ensure a proper support system.",3,0
340,2019-09-01 07:11:19,Availing the best discount . Its good,5,0
341,2023-07-18 11:00:07,tracking of orders need to be improved,4,0
342,2022-06-30 07:19:48,"Worst app ,always wrong orders are serving, customer help desk was worst ,one of the worst app i used till now, you and restuarant planned to give wrong orders to cheat customers.fake app",1,0
343,2019-01-13 10:47:18,Swiggy is such an amazing app. I mean they give so nice offers. It's really easy to use and the food is delivered swiftly and without any issues. I look forward to using it till my last breath.,5,0
344,2022-12-19 10:02:24,"too much price,more then less discount.... customer need discount...don't think we ere fool...",2,0
345,2019-05-28 07:22:55,problem in installation even i have 16gb free space in Mobile,1,0
346,2020-07-07 13:14:30,Most efficient food delivery app,5,0
347,2020-03-14 08:02:51,Compare to zomato offer available is very poor in swiggy,1,0
348,2023-07-07 06:19:04,app is very usefull and good,5,0
349,2018-10-19 12:24:47,Very nice app!!! & Very easy to order whatever I need,5,0
350,2020-09-16 09:57:58,App does not provide discount at all. The rates at the hotel directly are low. Swiggy charges us extra,2,0
351,2019-11-19 12:35:56,Worst app i have ever seen. Cod is not available. Coupons are not there. When it has started 5 WELCOME 50 coupens were there i have not used it also but there are no more coupons,1,4
352,2020-11-20 09:01:52,"Rates are high with limited or conditional offers. Also, denied refund for undelivered order... Quite disappointed with the service.",1,0
353,2019-10-03 08:52:13,Best ever and want more best offers,4,0
354,2019-08-11 15:59:23,its provide very good service.,5,0
355,2018-11-17 09:03:51,Very bad.It have no restaurant in Balasore.Why is it so?I want to order by this.I think Swiggy don't want so.when will you solve this problem?Balasore is no more a little town.,1,0
356,2020-11-28 16:19:10,"Order shows delivered but the delivery executive refuse to deliver. Even the call center is of no help. Please avoid. Even after providing order number, these people will not resolve your issues",1,0
357,2020-12-07 04:39:04,Huge variety of restaurants to choose from. Very good for when we feel too lazy to cook.,5,0
358,2019-03-28 10:55:57,i think it is a graet app to order food because the delivery is super fast and food quality is also very good,5,0
359,2020-10-01 16:48:23,💐Very good sarvies but delivery partaner sarvies slow response but very good app👌,4,0
360,2019-09-05 14:13:28,Finding address on this needs improvements otherwise app is good shows nice deals,3,0
361,2023-03-19 05:54:46,Swiggy not good one reason order cancellation fee,1,0
362,2022-10-14 15:23:14,Too late for delivery.....and there is no compensation,1,0
363,2019-12-04 08:40:42,"I bought super and next day my ac was deactivated , i contacted customer support they cant refund and cant reactivate my account. Pathetic customer support, trying emails and twits, all they can do is apologize and thats all. Gonna uninstall it after this review. By the way this is my first negative review of any app.",1,0
364,2020-10-18 15:48:09,Never picks up my location. It Automatically sets differnt location as delivery address.,1,1
365,2023-06-08 06:25:51,delivery partner refusing to deliver the order,1,0
366,2022-09-19 07:59:08,please check on cancel order..need to change the rule,1,0
367,2022-05-01 16:27:55,Superb but open more store of instamart near by our place at it park,5,0
368,2023-05-09 10:05:08,worst delivery app and worst delivery timings,1,0
369,2022-12-10 13:49:51,"delivery charge is too high, if it's raining means they charge double",3,0
370,2021-06-18 16:51:16,"Most of my orders are either cancelled or there is no delivery partner to get the order. So done with its nuisance and there customer service just have some set of same written answers, that all the agents use to empathize with you. I will be uninstalling the app right away, once I receive my current refund",1,5
371,2020-04-01 08:44:24,I love this app .. whenever I don't want to Cook I use this .and the best thing is customer service they listen carefully and did needful,5,0
372,2021-09-05 14:41:11,Great app with reasonable rates and discounts,5,0
373,2019-03-22 15:14:58,"worst experience.They took the order and the delivery boy says he cant deliver at the address as its too far, in tht case they shouldnt take any order on top of tht they r charging cancellation fee. Making fool of customer.",1,0
374,2021-03-06 09:21:15,Best app with lots of discounts and offers loves swiggy,5,0
375,2019-11-17 15:03:36,good food delivery application ..,5,0
376,2019-10-17 09:12:55,Tasty food nd fast delivery,5,0
377,2019-01-07 08:02:56,I thought foodpanda was the worst delivery app but Swiggy proved me wrong. Worst food delivery app.,1,0
378,2021-05-03 14:05:14,"Wonderful service,being on time",5,0
379,2021-06-03 14:23:28,"Best online food app ever I see in india,, swiggy is more better than Zomato app,,",5,0
380,2020-08-15 14:59:45,Multiple food options are just a click away 👍,4,0
381,2020-01-31 10:38:31,it's good but one time canscled again no cash on delivery,4,0
382,2022-10-26 12:35:11,Recently the app is showing all the delivery partners around this restaurant is busy and this condition extends to most of all other restaurants well that too everyday. Have been a swiggy user since 2018 and now a Swiggy one member as well. Seriously reconsidering my options now. PS : this happens in trivandrum and inside city limits.,2,0
383,2020-09-10 06:36:03,Still doesn't allow cash payment now even after so long,1,1
384,2023-06-29 16:10:17,This app helped me alot 😊,5,0
385,2019-08-09 13:29:58,"overall v good, but sometimes letdown due to restaraunts.",4,0
386,2019-06-27 16:25:18,delivery guys deliver without tallying the order no. my prepaid order was taken by the delivery guy itself. the delivery guy even talks cuss. worst experience ever for food ordering,1,0
387,2021-08-26 19:26:56,Hopelessness at its best. Food delivery takes hours than the expected time. The Customer service is far more useless and hopeless. And after all the efforts the order gets cancelled and in wee hours you receive a call saying that your money is refunded into your account and you may sleep with hungry stomachs. These cheats must be dragged to consumer court and should be taught a lesson. I'm doing the same now. And I request all the sufferers to do the same. Google for Consumer cell info..,1,0
388,2020-08-15 11:21:21,Pl start back again the no delivery charge based service... it encourages us to use you for every need. Pl relook at it.,4,0
389,2022-07-11 07:48:13,"Sorry to say this, but your services are worse day by day. My orders are getting delayed by 2 to 3 hrs. I need to complain again and again even then I don't get compensation for my time and money. What's the use for this when you can't fullfill you promises? I'm uninstalling this app and never going to install and even tell my friends to switch to other apps.",1,0
390,2022-07-19 18:30:58,Immediate delivery fast service,5,0
391,2019-10-14 07:57:56,Very good app...when there is emergency i use swiggy...i love this app..,5,0
392,2019-12-02 04:52:01,"It is 20 million times better than Zomato which loves to cheat customers by showing restaurants which don't deliver to your location and when Zomato declines the order, they never even give our hard earned money back. Zomato is a fraud company which loves to swindle customers.",5,0
393,2022-01-28 21:09:12,They will charge you if you cancel bt they will not give your money back if they will cancel they will give you coupon instead.,1,0
394,2020-09-18 14:46:41,Ekdom e baje experienc holo ei app ta download korte gia. Just to much formalities. Sob ki6u fealup korar poreo dekha66e try again... 1 ta ki6u download korar por koto bar try korbo???? Just faltu..😡,1,0
395,2021-06-09 14:54:00,"I had vary bad experience ,no one understanded my order problem as well not responded. customer service too rediculse..even i sent mail but no one updated regarding my problem ..i will never ever order again 😡..",1,0
396,2019-01-20 18:47:03,so costly app uber eats and zomato give the same food on half rate .,2,0
397,2019-07-17 16:48:41,very less discount is given by u as compare to other apps like zomato,3,0
398,2019-07-26 09:18:28,We are an avid user of Swiggy and by far we NEVER had a problem with the app (extremely user friendly) or delivery except for one dominos that shows up on the app in the area but does not deliver and it took almost 24 hours to update and is to place another order. orelse it was just Ace! Thanks for helping us in time of hunger!! Kuddos!,5,0
399,2021-10-21 14:20:11,They are over charging. And they canceled the order from there end. And charging the cancelation fees.,1,1
400,2022-09-18 06:36:07,"I had very bad experience in my with Swiggy Customer service Team , yesterday. I have ordered one item but received another item which we don't eat. Provided the receipt photo as well however they are saying this is not sufficient again provided photos of the delivered item but still they are not accepting the mistake and bargaining that I will give you 149 and 100. After waiting 6 hours they are giving full refund. But the thing I have asked written explanation what went wrong but no use.",1,6
401,2018-12-19 12:22:13,App is good.But the way it tracks the location of us and the person assigned for delivery is trash.Waste app.,2,0
402,2020-05-31 08:29:46,Many times we have to wait for order confirmation for hours and after even confirmation they cancel our order,1,0
403,2020-12-05 17:45:42,"Used to be my go to app for all food ordering needs but recently quality has degraded significantly as orders are delayed or cancelled or even wrong orders are delivered. Many a times now clubbing of deliveries is going on which makes delivery times greater than even an hour. Ice creams melt, other stuff got cold. I was regular swiggy super member but due to increased incidences as described, I've switched to zomato. At least they deliver on promised times",2,1
404,2023-03-15 18:25:21,The customer has to bear the brunt of the mistake by the employees of Swiggy. It's better to deal with restaurant directly. I have already communicated and received an standard reply of we will look into the feedback and promise you will do better. But what about the issue I faced.,1,0
405,2020-02-22 16:26:07,"I have got half of the ordered food. When conveyed to delivery boy he was least bothered & asked to reach out to the customer service. When reached out to cs, he offered coupon as compensation rather refunding the amount. It means to redeem that I again need to order something.",1,0
406,2022-07-23 23:11:22,Why the hell does the app refresh every 30s. How the hell are we supposed to browse?,2,0
407,2022-04-24 08:02:57,The best app ever but the delivery boys are rude just improve but everything is so good,5,0
408,2019-09-28 06:37:15,This app is too bad ........no work propsrly,1,0
409,2022-05-05 11:10:17,Tracking time is wrong Some times it is too delay,2,0
410,2018-12-04 17:10:16,"I first time ordered food online , it was quiet disappointing food was not even little warm,It was a bad exprience",3,0
411,2019-10-16 19:22:53,"Totally pathetic service. The executive called me and told that the delivery boy have to go 10 km but the delivery boy called me in next 2 minutes and said he is at the store. They add to 60 as delivery charge. If the delivery boy have gone 10 kms, I would have given Rs 60. But he is at the nearest store which is at 2 kms. Customer support is totally pathetic and doesn't addresses concerns properly.",1,0
412,2019-02-15 14:02:32,"Pathetic experience with the service provided by Swiggy. waited for order for almost 2 hours from 9pm to 11pm , with order cancellation in the end by swiggy. Customer support didn't help either. One of the Worst food delivery service app. I wish i could give them 0 star.",1,0
413,2021-08-24 08:39:15,"Good offers and coupons, easy to use",5,0
414,2021-12-31 12:55:08,"Hello ! I've been using this app for munch time. Last year it was my frnd's bday ,so I had to change to another number. Later I forgot to change to my number . Now if I trying to edit my number , it's showing that number used atleast 6months. Now afternoon six months , if am trying to change , it's now. And also logging with another email. It's showing two many attempts try via calling. If calling , not able to access calling. I even email to customer service. But there's no response.",2,0
415,2021-10-24 16:46:04,Wrost customer service never helpfull no options for customer,1,0
416,2019-12-27 16:37:26,Good interface and delivery but the offers should be same on all restaurants..swiggy has numerous offers which do not match every restaurant so ordering from the desired restaurant on reasonable proce becomes difficult..,4,0
417,2019-07-14 04:52:15,It does not show my address and cannot be signed. If I enter my email ID and password it showed error,1,0
418,2020-11-09 18:33:23,Worst experience if the delievery partner is not in the location then why do you accept the orders and make us to wait and if we do any online payment money also returns very late,1,0
419,2022-06-22 14:16:41,For a bad food no refund. Also no such a good executive experience. Missing food in order and they denied to refund amount.,1,0
420,2019-08-25 12:26:47,"Nice, got 50% discount on my first order¡ yupeeee",5,0
421,2022-05-02 16:44:51,Swiggy instamart is the worst app. Today I ordered wafers from instamart that came in a sealed pack and I found worms in it... like how old would that have been to have actual worms in it and the expiry date was like December 22.....these people are giving us old products with a new package...they are the worst and I would not recommend it to anyone who wants to experience what I feel and to let these people play with your health.,1,1
422,2021-07-02 08:27:44,"If the consumer cancels the order then it is charged by you but when this happens from your side then it is your responsibility because we have ordered through your app and not directly from the restaurant so if there is any problem then its The responsibility will be yours, you cannot deny it. When the order cancellation call came from your side, you were asked to give the coupon along with it, later that too was not added.",1,0
423,2019-09-04 16:29:38,This app is good for me till date but still it is four star deserving because somewhere it is not satisfying It sometimes have something less in order which is not satisfying at some point,4,0
424,2022-10-24 11:18:36,They delivered bad quality products but didn't even help me to solve issue and didn't refund me the amount what i paid ok DONT INSTALL THIS APP THEY DONT DELIVERS VERY BAD QUALITY PRODUCTS AND THEY ARE FAKE,1,0
425,2019-08-15 05:49:26,sometimes it takes too long to deliver,4,0
426,2022-04-04 03:09:47,Taste is very spicy on time delivered Good communication thank you,5,0
427,2020-07-16 10:36:16,Rates card giving increase and adding extra money,4,0
428,2021-07-11 16:38:44,"Incorrect tracking map, And order delay must be compensated",3,0
429,2023-05-14 17:50:26,Order processing was really delayed and took too much time and the et was always showing way less time than it took. I ordered somethin and it took 2 hours instead for 42 min that the timer was showing.,2,0
430,2019-09-19 14:49:23,His very usefull so nice delivery,4,0
431,2019-09-23 16:33:11,VERY LATE DELIVERY. IT MAY TAKE 1 HOUR OR MORE TO DELIVER SMALL ITEM WITHIN 500MTS. ITS BETTER TO SWITCH TO ZOMATO.,1,0
432,2020-03-06 13:27:29,Its very fine to interact with said food corner,5,0
433,2022-04-25 09:42:41,Instamart experience Why cant I opt for cash on delivery? Used to able to for the first 3 weeks... why remove the one good feature?,3,0
434,2021-01-18 14:55:36,Never got my food on time...its more than 2hrs but i didn't get my order yet....worst delivery service,1,0
435,2019-03-23 11:58:07,Excellent. When I was Delhi for my work I enjoyed swiggy. I got boiling food from hornbill which was ausom.,5,0
436,2020-01-26 08:51:55,Best offers and good service,5,0
437,2019-10-04 15:11:05,Sometime its not original taste which we get actual in restorunt.,3,0
438,2021-01-10 08:02:04,Price and delivery charges are too High .. Price variations noticed with high than restaurant .. lot more charges are charged to deliver an food item to customer than other online food delivery providers,2,0
439,2019-08-31 03:47:18,COMPARE THE RATES WITH UBER EATS. THIS CHEATERS ARE TOTALLY FRAUDSTER. 30 RS OF DELIVERY + BAD WEATHER CHARGE ? WHAT THE HELL YOU IDIOTS.,1,0
440,2022-05-16 16:22:50,"Damn! Not getting the otp. Tried resending, reinstalling the app, granting access to all permissions many times. Do something. Not even workong on browser.",5,0
441,2019-04-24 17:13:40,worst company to order food. you will get food not less then 1 hr. That to stale food. worst experience always,1,0
442,2020-03-20 19:44:16,This is the worst app...and the poorest delivery service as the delivery boy is roaming in the opposite direction of my delivery location even after picking my order from the restaurant,1,0
443,2020-03-24 18:52:24,too much options to add calories,4,0
444,2021-11-30 18:26:31,Not receiving proper response once the order get delayed.,1,0
445,2019-02-27 16:33:41,i have an great exp with this app. food quality is also good i am very happy by service,4,0
446,2022-06-26 14:58:37,Delivery charge is too costly even if the restaurant is within 1km - 3km. Taxes amount is too high and no offer is given and not giving coupons also.... Worst...,1,0
447,2020-09-04 08:37:54,"Please enble order track sharing option, we are unable to send to other person to track the order",2,0
448,2019-10-20 09:21:25,please add a halal category. ..resutarants that only serve halal food.,4,0
449,2020-02-14 07:28:33,"Extremely pathetic service😡. The helpdesk doesn't have basic manners to talk with a customer. 🤨 they informed me 1 hour after placing an order that it can't be delivered to the expected spot due to long distance. Then why the hell did they accept the order in the first place? On top of all, the customer care person said cancellation charges will be levied. But since the cancellation was from their end, why to bear these charges? To this the person replied arrogantly that he'll deduct it.",1,0
450,2023-01-27 04:54:04,"Why do you guys have stopped instamart service in my location, pin 700049? It was really helpful. Kindly reduce your delivery charges. It's just way too much.",3,2
451,2019-03-02 11:51:22,Pathetic customer service... There app is faulty and you r3ceive something else other than what you ordered and the there custome care number is incorrwct amf also the chat wait time is infinite.... and no refunda evwm after thw food is spilled. Worst food delivery,1,9
452,2020-12-08 04:42:30,"Online food charges of the restaurants are almost 30%more than their offline charges and swiggy do not intervene in this issue. And it does not include the tax and delivery charges. Never knew this and I have been using it for long. Otherwise, swiggy has been convenient in every other way.",4,3
453,2023-06-09 01:15:06,"Recently the listed restaurants have been very poor and the chat section does not let you chat with any agents. Swiggy you better resolve these issues. FYI, PROVIDED EMAIL IN REPLY TO THIS REVIEW DOES NOT WORK. DO NOT TRY AND REACH. THIS IS COMPANY WHERE THEY ONLY THINK OF LOSS NOT FOOD QUALITY OR CUSTOMER SERVICE.",1,1
454,2021-04-13 13:24:18,This is a very disappointing experience me and my family had on NEW year's eve. We order biryani from Biryani Blues to which I paid in advance.This was not delivered and the delivery executive called us stating that he had an accident and food got spilled.And the app updated that our order was delivered.The executive on call and chat were of no help.I would like to give a negative rating if possible,3,0
455,2021-08-01 07:06:59,Genie service is really extraordinary and I am so privileged to recommend this service to all. Kudos to swiggy,5,0
456,2019-08-27 08:28:02,Various options with good offers.,5,0
457,2022-11-17 18:11:08,they stop delivering at previous location,1,0
458,2021-03-17 08:26:00,superb service nice one here with free delivery,5,0
459,2021-10-31 14:32:38,Love this app.. Thanks for satisfying my hunger at any time.... ❤,5,0
460,2023-07-13 06:22:37,Swiggy I had very bad experience is not like previous I don't recommend anyhow.,1,0
461,2020-03-02 14:57:47,"Really bad experience that caused swiggy anyway cheated me thrice,my bad i shouldn't have trust you guys bunch of idiotic hotel guys and management of network after applying the coupon amount 46 rupees was excated to 199 in net banking.Hold of corporate giants common people as me is been affected by this.pity on you,u will never end well.",1,0
462,2020-01-09 10:22:43,I am swiggy super user... But these people have no eticates to how to treat their customers complains Their one delivery person misbehaved with my mother over change.. Today delivery boy refuse to deliver food and cancelled my order wanted me to go down three floors to pick up my parcels.. This is the kind of service.. Wow three slow claps,1,0
463,2019-02-23 03:18:03,swiggy is worst on the earth bloody idiot swiggy i think other food delivery apps are too better than these,1,0
464,2020-05-24 13:59:56,Are you guys are normal this is the 4th time in 15 days the app is asking for update.and also the app is getting very slow day by day ill rates this app 2 out of 5.,2,0
465,2021-10-19 18:36:42,Mostly don't have delivery man always get order late,1,0
466,2023-05-15 16:25:31,Worrest app guys. I guess better to change other apps like zomato etc. Because I taken subscription for 1 month with bite plan. Money also I paid. Suddenly with out information they changed the plan. Im asks them why you doing like this... They said this plan more benefits. How can they judge my intrest. Im interested to take one plan. It have to continue until my expired. Worrest guys don't trust this app. Guys don't place order on swiggy....worrest delivery food spoil and worrest.,1,2
467,2023-04-05 19:46:59,Pathetic app..unable to download getting error and unable take screenshot also,1,0
468,2023-05-13 04:53:59,"Wrong delivery time, food gets way expensive with swiggy specific pricing + delivery cost on top + taxes... in nutshell misrepresentation...",2,0
469,2019-10-19 12:05:53,Very difficult to find items,1,0
470,2020-01-13 07:15:58,Upi payement is not working inspite of having decent net connectivity,2,0
471,2019-04-09 18:12:05,"worst service experience, i ordered twice using this app and both the times, they made me wait for my food for 2 hrs. and never delivered.",1,0
472,2022-02-11 15:12:17,Horrible horrible horrible ppl no manager around for anything. I have been using swiggy for a long time but seriously j think zomato is a better option. Horrible delivery ppl horrible service,1,0
473,2023-04-15 12:41:20,"Exhorbitant charges, dekayed delivery due to combining more than one order. But delivery charges collected from two parties. Items like soup comes in cold condition. Poor service",2,0
474,2020-01-23 05:03:19,Address is showing changed but not yet updated n deleved on past address while u choosing other.,3,0
475,2023-01-26 15:51:48,best app get more discount on food,5,0
476,2020-01-28 17:27:40,"Horrific experience from their end, they have no control on delivery people or restaurants and thus orders are coming in hours after placing the orders. You will going to loose your money and will not get any food too, so dont go with this app.",1,0
477,2020-01-13 14:37:59,this is worest app for customers there is no complaind and what action taken on at yoir end totally useless app if no urgew,1,0
478,2019-12-24 18:13:22,"Today I ordered on the same address on which injse to order for past 4 months and this delivery guy was unable to find the location. He couldn't even see a huge board with out society name. I waited for above an hour for my order. We had a little quarrel regarding the location but no abusive language or high pitch was used. He entered my society, complain that my address was wrong and I was charged with cancellation fee. They didn't even gave me my order.",1,0
479,2021-05-16 04:56:21,"Pathetic Service from Swiggy, missing items, late delivery, sometimes entire order is misplaced this is what I can see from Swiggy nowadays... The customer care response to the queries are unbelievable. Look you guys are not doing any charity here, it's a business you are running don't bring corona as a reason for every damm mistake you guys do. If you can't run the business just close it...",1,0
480,2021-01-06 15:41:26,Fast in search of restaurants & recipes....,4,0
481,2023-04-24 18:10:53,"For famished stomachs, the best possible way to ensure early provision for food is through Swiggy. Does anything more needs to be said? Indeed not.",5,2
482,2022-05-08 14:51:10,"There's a few hiccups, but I've used Swiggy a lot and it's generally great.",4,0
483,2018-10-18 20:06:27,Very bad experience.. I have ordered food many time and every time I'm disappointed.,1,1
484,2022-07-27 12:36:49,"I ordered matar pulav by applying coupon code, and discount applied and show less amount. then there is option proceed to pay, i selected pay option as per the discount coupon mentioned. then discount amount is added to the actual amount. Food quality is very bad uncooked. I have food poisoning. Never order for swiggy. I have not received refund, when i check with customer care they are saying you have not applied coupon Customer Care service",1,3
485,2021-05-22 09:29:09,Groceries should be added. ...and more restaurants too,4,0
486,2019-02-28 09:18:22,"Delicious food as compared to uber or zomato , uber food quality is as worst as they serve people at greater discount .",4,0
487,2021-01-20 16:13:25,"Horrible experience wiith swiggy.. i have given my complete address than also delivery partner telling me that he has come on my location, although i have not set any location. And he was behaving very rude. Never order from swiggy. Zomato is better than swiggy.",1,0
488,2021-07-20 17:09:33,Costmer support is worst. They told me will cancel ur order n in 2 hrs will refund ur money. But they didnt give refund. Still.waiting....,1,0
489,2019-09-04 09:03:13,Live location is not working properly and food was dilevered cold,2,0
490,2022-11-17 13:02:46,Packing was torn at time of delivery. Half filled bottles ware delivered. Since it was prepaid he denied to replace it. Support team did not initiated my order replacement. Nor complete refund.,1,0
491,2019-10-06 13:55:26,It was real fast and smooth,5,0
492,2019-12-17 15:19:15,"Delivered food was not good at all, like chicken wings didn't cook and had to throw out, we never order this food again.",1,0
493,2021-03-31 15:04:07,Nice app for ordering food when I am hungry I will be ordering food in this app only this app will never hang all members should download this app who don't cooking,5,0
494,2023-03-06 10:09:02,Overcharges on everything. Local delivery systems is better.,1,0
495,2020-09-29 09:46:12,Very very bad experience Order delivery take lang time,1,0
496,2021-02-11 07:17:05,Swiggy isn't working in Bhubaneswar from last one week. The restaurants shown on app are only 2 . Ridiculous!!!,1,0
497,2019-10-14 13:26:12,I give 4star cuz this app gives only one offer kindly change your offers sometimes,4,0
498,2023-06-07 10:29:52,"i was using this app from so long ,every time when i use to order they always have some issues.they never deliver order without problems, this app always charged over price than restaurant after that gst and other taxes they applied and that's ok ,then they took a good amount of delivery charges,if as a coustomer I'm paying that much money then i expect on time delivery with good quality food ,this app never ensure food quality then why charged extra money for all this?this is totally waste",1,0
499,2019-12-25 19:00:15,Good experience and fast service .thanks,5,0
500,2020-08-22 06:45:37,No information about the update but we have to updat blindly.,1,0
501,2019-08-20 15:41:03,just placed my second order and so far i hv received very good service,5,0
502,2023-02-21 18:46:32,Poor food. Poor services. Poor customer service.,1,0
503,2019-10-01 08:33:30,I m ordering food regularly but I m not getting any benefit you are not giving any discounts and one thing more on mistake of your delivery boy y you all block cod if we emergency then it's good but not providing good services on daily ordering,2,0
504,2019-05-11 12:50:56,To good app to food items but please some more restaurants,4,0
505,2021-07-27 14:49:04,Super cute but it's still have time⌚ for restaurant extra waiting on the way they are so many people who are you ready and I am so happy birthday thalapathy happy birthday party and I'm not sure what to expect you want your mom is it possible🙊 for restaurant extra waiting for restaurant extra money for a while since I've never been more than just got back and forth with my family and friends with my friends👭👬 are going through some time with my new favorite😍😍😍😍😍😍😍😍 color of the day is,5,0
506,2019-12-26 08:15:05,Nice Fast and secure delivery,5,0
507,2021-09-14 14:14:40,"Offers are not more, requested to introduce cards inbuilt offer without any further promotional code",4,0
508,2019-08-21 11:12:11,This people a cheaters. They never compensate for either quality of food or for the food delivered with less quantity. They always place all the conversation under investigation but never revert back a resolution. Even u send them the photos they wont consider. Its better to use zomato over seiggy atleast they consider your concern and either refud or replace the order.,1,0
509,2019-12-07 09:04:32,Nice App Nice Offers. Variety foods,5,0
510,2023-03-19 15:46:33,"High quality service. I'm cutting 2 stars for a very specific reason. I think it's highly unethical for you to send multiple notifications throughout the day. Junk food can be addictive, and I feel that you perpetuate harmful consumption of the same via multiple nudges daily. One can always take responsibility and switch off the notifications, true. But I think Swiggy too should self reflect on the ethics of its marketing.",3,0
511,2020-11-12 09:02:12,Very bad app always give wrong coupon which will not apply,1,0
512,2021-03-23 08:01:10,"Worst customer support service, month ago I ordered from this app and made the payment and my order got cancelled automatically. Still haven't received my message whether I got my money back or not. Two days ago again ordered from this app and waiting for an hour I got the msg that the delivery partner has been reassigned and your order will be further delay. Totally fraud and pathetic app.",1,0
513,2019-07-14 16:06:55,swiggy is bad experience . there is nothing beyond 1 star otherwise have given beyond negative. the swiggy have skipped my entire order and delivered only one item out of six. like waiting for 1.30 hours for nothing. and also there is no response from the swiggy executives. and now the order will be placed after 73 minutes.. Is there anyone to response .,1,0
514,2021-09-16 18:26:36,It's one of the super app that delivers food to the place We offered. it also shows every thing about quality of food,4,0
515,2019-11-08 15:52:18,it is very good to deliver from other store keep it up,5,0
516,2021-11-06 07:57:02,Good and better than other food delivery app,5,0
517,2019-10-30 07:04:40,I have ask to serve less spicy food with the help of this app... but no response...👎very sad they have make my drn worst...😅😂😂😂😂 .. hope. .........this service will be corrected soon...,2,0
518,2023-01-27 16:08:02,I order my first order today but I should have to pay cancelation fees for the three years back order how is that possible. When there was no cancelation policy before two years how it will be applied for three years back canceled order,1,2
519,2019-10-10 13:48:14,Better than zomato.... loved it.... keep swiggying everyone,5,0
520,2020-02-02 11:08:25,"They say apply coupons, U get off, discount, blah blah. But, it's all a Lie",2,0
521,2021-07-16 15:46:47,"accessible, convenient, user-friendly",5,0
522,2023-07-10 22:19:26,I didn't receive the proper delivery. They missed one item in my order. Even they couldn't refund back for their defaults. They never give refund back for our missed delivery items. Worst experience and worst response. They cheated their customers. And I have a membership also. They are loyal to their customers.,1,1
523,2018-09-20 16:16:12,It is a very gud app..reccomended to all the foodies best restraunts suggestion amazing offers...delievery in time...i loved this app👍🏻,5,0
524,2021-10-02 12:03:01,"They work like robots, don't use common sense while delivering order,they don't bother to call,just like machine rely on app location which is pathetic and reach there",1,0
525,2019-12-24 14:47:04,Im not feeling hangry...im feeling hungry😂😂😂.. please correct it if u feel it necessary,1,0
526,2022-03-26 14:36:12,Recently they have made all complaints to mail and there is no call or chat option. Twice i got different food from what was ordered and both times i wanted to complain they send mail stating we will check and get back and never got back... its more than weeks now.. Was a very regular user of swiggy but not seeing the service given i am not gonna use this app again.,1,0
527,2018-12-08 06:34:17,Very bad app.wrost server,1,0
528,2021-02-02 17:37:09,Not reliable after getting fame. Delivery boys are not trust worthy and customer care not giving solution.,1,0
529,2022-11-27 09:39:35,Please sort out the map that locate the delivery agent!! It gets stuck and i think the agent has had an accident or hanging out with his friends or going through my food!! Suddenly the bell rings and it has arrived but the map say 20mins away!! I did call and ask where is my order once.. but the poor guy was outside!! This is a software backend issue that happens frequently and needs to be sorted out asap!!,2,480
530,2019-11-10 11:30:42,App is good.. flaw in providing rating .. How many times do we give rating 1 delivery.. ?,3,0
531,2022-05-27 09:14:31,nice food at afordable prices but not so good delivery services always delay in delivery☺,2,0
532,2019-10-19 15:24:39,The only best n convenient app,5,0
533,2020-07-19 16:26:02,Worst app ever...not proper costumer care service.,1,0
534,2022-01-07 08:32:34,Last night I saw a Swiggy delivery boy talking very badly with bad tone,1,0
535,2023-07-13 19:33:53,"Swiggy food delivery only available in my city(coimbatore) there is no grocery delivery, but your ad showing grocery delivery in your doorstep. where? Already I raised complaint but there's no response.",2,0
536,2021-08-20 08:49:52,There is no bug found at all. Always payment is done successfully.,5,0
537,2021-06-26 14:18:42,"This is an amazing app... Appriceate the ""Hunger Saviours"" for delivery food even in the pandemic situation. Thank you SWIGGY",5,0
538,2019-11-11 15:31:35,The app should be more easier,2,0
539,2021-07-10 15:01:09,No call option enable today in swiggy,1,0
540,2021-09-18 11:35:07,Very good app but they can still develop it like zomato,5,0
541,2021-10-30 15:42:51,It's takes more than 45 mins to deliver a order. If a person is hungry. It's better u order before 1hr u eat. So that u can eat in time.,1,0
542,2020-01-08 15:32:50,Okay!! Zomato though gives me better option.,3,0
543,2020-05-16 11:49:08,"It's good but not better than zomato, and why are there more updates, you keep getting them all the time",2,1
544,2019-11-14 10:10:25,It's good and okay for expensive dishes but the delivery charges for smaller and cheaper meals are too high.,3,0
545,2021-10-22 03:24:27,Excellent app for foodies and those who are in deliberate need of food from a long distance from you'r favourite hotel or restaurant.,4,0
546,2019-06-13 13:51:53,"now a days it has started cheating , always delays in delivery , can not cancel orders even if delay for hour . charges absurd amounts for packing etc which were not there before . and worst is after taking swiggy super deliveries get delayed which was not before .",2,0
547,2020-11-21 10:48:12,"Fraud masquerading as a delivery app!! Will just charge for super membership and after that they don't care at all whether the food is getting delivered or not. On last 3 occassions, after waiting for an hour I was informed that the food can't be delivered.",1,0
548,2019-08-28 04:07:47,Simply and yet most useful app,5,0
549,2023-07-23 10:45:01,Nice app for me I oder daily when I am driving my bolero pickup I use Zomato but swiggy service are good Zomato not good services,5,0
550,2019-03-30 06:14:03,The customer support help part was my favourite. It's AI powered bot. That replies quickly and instant rectification of issues.,5,0
551,2019-07-21 08:53:12,"Everytime opening this app ,it doesn't show any restaurant. instead it just shows OOPS error. And it doesn't giving cash on delivery option. very worst experience",1,0
552,2018-10-28 14:11:45,You guys are charging extra then the actual cost of the actual outlet then all the rubbish extra cost and tax,1,0
553,2021-09-03 19:53:04,Not good exprience They have taken my order and amount got drducted but after one hour still timimg shows tha same. Waiting period. If you do not have any delivery partner why did take my order.,1,0
554,2021-11-11 08:31:23,Too slow service at Gurugram. EST SHOWN IS TOTALLY DIFFERENT THEN THE DEVILERY TIME. IT'S JUST BECAUSE THEY WILL MAKE/HAVE TO DELIVER SOMEONE'S ELSE FIRST.,2,0
555,2019-04-20 11:41:50,I am regular customer and i order everyday on swiggy but today i received very very bad food and burnt chapatis i wanted to return and refund and you guys disappointed me for not helping . i am unistalling and will never use,1,0
556,2020-02-28 07:25:50,Not delivering in time and changing thebexpected delivery time,3,0
557,2018-11-21 05:47:35,Good app good delivery good discounts hard working boys.,5,0
558,2018-10-27 16:05:49,Swiggy is not providing better coupons then zomato...,5,0
559,2021-10-19 14:19:38,"Everytime I order anything using a discount coupon, restaurants deliver wrong item or cheap item. They just provide you the amount(that has already been half after discount coupon) as refund. This way you don't even get what you ordered and coupon goes waste too. Swiggy should make sure it's restaurants stop doing this fraud asap.",1,0
560,2021-02-17 08:14:23,The best app ever in my life always loving it especially for ppl like bachelor's or living alone etc.... I wish the offers all hotels are available for us 😸,5,0
561,2021-09-29 15:42:44,Worst service.After 1 hr delivery partner is not assigned.Cancellation of order not allowed,1,0
562,2021-12-21 22:11:49,It's giving best coupons and Best Rider's To Deliver The Food,5,0
563,2022-02-26 08:11:43,Delivery person never had the change even if we ask to get them the change they will deny it.,2,0
564,2023-05-08 15:33:24,Some times available restaurants also not showing.,1,0
565,2023-03-23 15:45:17,Where is the food that I have adden in my cart? Not able to find the cart option or checkout,1,0
566,2019-09-17 15:59:21,There is no option provide details of person who suppose to receive the food where I am ordering on behalf of that person due to various reasons,3,0
567,2019-10-22 12:21:22,It's definitely the best app. Sometimes they mess up but make it up too :),5,0
568,2019-09-27 20:44:03,"U guys r really genius if the driver is staying at one place after picking up the food then time gets increase so u won't come to know about it. So fix that bug and at least fix this so we can rate the delivery boy"" for example if he has to deliver the food in 30 min and if it's become 35 then show that it minus time or something like that."" Otherwise u r just making fool it feels like that. But over all it's nice but focus on this. And even fix the application improve time notification",2,0
569,2022-01-23 12:00:41,From last 3 days my app is not showing any restaurants for ordering . Having an inconvenience for 1 day is understandable but since last 3 days it's pathetic .,2,0
570,2019-12-15 13:51:19,"The worst app for food delivery, the app map is incorrect locations are not exact locations and the delivery boy always get misguided through the map and at the end they refuse to deliver the order n ask to cancel after the delay in order they will also charge you the cancellation fee in which u r not at the fault at all thr problem occurs just bcoz of its map.. other than swiggy every food delivery or other online product app can easily reach our house but this creates problem always .",1,0
571,2019-10-10 13:22:42,Good app with good offers. But i filtered the dishes by 'veg only' then why it is showing the non veg dishes also ? This could hampers someone's religion by mistake. Pls resolve.,3,0
572,2019-10-04 17:57:57,I'm unable to open the app. It opens and closes at the same time. I uninstalled and reinstalled this yet the issue prevails. I also cleared all data still it isn't opening. Edit - after reinstalling it for 3 times it worked fine,3,20
573,2023-07-08 17:11:49,Good service but please update route maps,4,0
574,2019-10-15 12:54:38,2 fastest delivery making so slow delivery,4,0
575,2022-10-04 07:46:22,"Worst app in the world there is no! 50% off on first delivery and no free delivery, even there is no cash on delivery 😢 I will spit on this swiggy",1,0
576,2023-04-07 08:32:27,Taking too much time to deliver,2,0
577,2020-01-05 03:34:34,Very bad experience on change of location address which was chosen wrongly by swiggy and I had to cancel the order which had heavy cancellation charges...,1,0
578,2021-10-05 04:40:27,Good option good app quality good info providing but the most important the delivery always late need to guide you delivery guys put more delivery guys and help them and train them with good knowledge of map,3,0
579,2019-08-06 13:38:00,excellent and good service for swiggy.,5,0
580,2021-04-28 09:26:36,Really very helpful specially in difficult times of covid 19.,5,0
581,2021-04-01 08:00:07,Love for its variation and services,4,0
582,2022-12-13 10:23:23,"Awesome service, very fast delivery am loving it.",5,0
583,2021-06-04 10:52:10,I love to order food from swiggy..bt Swiggy is not providing delivery in our location that's why whenever I want to eat something spicy i need to go in swiggy's serviceable areas....plz plzzz start your service in small city's also....,4,0
584,2020-05-28 08:46:05,Plz don't order any food from swiggy...and avoid online payment... Because they provide very cheap and bad food... They are very careless for you... So guide plz plz don't order any food by swiggy... Because I faced this problem from three days...,1,0
585,2019-10-09 06:29:47,Plse keep more offers and coupons for regular customers,2,0
586,2020-01-14 12:53:42,"Always using Dwight for all my online food order. Never had any issue. But today it was a very bad experience. I order some take away for my friend. Who is travelling to Hyderabad from Yelahanka station, I ask them to deliver the food a bit late as we expecting a delay. They canceled the order themselves and charged a Rs 276 for cancellation. This is simply ridiculous, food was not prepared yet why have to charge this much. Moreover they must be considering my order history and decide.",1,0
587,2019-08-21 14:49:20,Very nice User Interface..,4,0
588,2020-04-20 10:41:51,"Love the services of swiggy even during this time we all are going through nowadays, really good and quick refund too. Just remarkable!",5,0
589,2019-07-23 16:49:09,it took more than 1 hour for the order to arrive ..i hate it.,1,0
590,2019-08-15 10:05:13,"Thrice experienced that when order is already paid, its gets delayed for no reason. Last time it was more than 100 minutes. And customer care keep saying just wait for some more time. I ordered at 09:23 PM. And till 11:30pm no delivery. Executive then offerd to modify order. But we were so annoyed. We cancelled the order. Though We both were sick we prepared food and at 12:30 am we had our dinner. Thanks to Swiggy. Not even want to give 1 star. But there is no less than this.",1,0
591,2020-01-23 04:57:38,Very nice pack good quality and very fast sarvish swiggy,5,0
592,2018-12-03 16:29:06,"If you can't respect your customers, you will soon become irrelevant. Ordered food and after an hour Swiggy cancelled it stating that the restaurant can't service the order, upon calling the restaurant, they said we have all the items and apparently Swiggy cancelled it. So it means that Swiggy probably didn't have delivery guys and they didn't want to stand up and take ownership of their screwups so they blamed the restaurant. With this attitude soon we will see a time when both the restaurants and consumers will understand how you are misusing their trust.",1,0
593,2019-02-19 11:04:29,I am new to this app.So far it's been a satisfactory experience.Thanks.,5,0
594,2019-07-28 06:13:27,good app very helpful when you need,4,0
595,2021-12-31 09:51:48,Awesome food item and timely delivery,5,0
596,2019-08-10 11:56:56,"After money has detected they said they can't deliver the food. what a worst service, not even updated with thier vendors.",1,1
597,2019-11-16 12:26:57,Very nice and very easy and fast deveri,5,0
598,2019-04-04 08:45:04,"swiggy app is useful for delivering food in time. There are many food delivery apps ,but cant be like swiggy .we love swiggy",5,0
599,2019-07-18 14:43:21,App is good but when we compared the rate with restaurant charges it was 30 rupees extra for all the item,2,0
600,2019-06-28 04:20:41,receives food always which is below my expectations.,2,0
601,2023-03-09 13:49:54,It is the second time i didn't got my order right . Literally disgusting behaviour. My order was so poorly packed and they didn't even gave a refund or the replaced the order.,2,0
602,2022-10-15 12:49:34,Worst food app. Delivery is always late due to App algorithm which combines different orders. Always late.,1,0
603,2021-08-16 06:05:34,"Very low quality foods and delivery charges very high, app also tird class, services provided are very very bad.",1,0
604,2018-11-04 11:32:46,Not user friendly comparitively with uber eats,3,0
605,2022-09-10 15:50:34,"Good service, thank you Swigy",4,0
606,2019-11-06 12:17:28,good and fast service trustful for the purpose,4,0
607,2023-04-03 10:38:20,good experience and we'll deserving app and easy to shop for our needs,3,0
608,2018-11-29 05:04:42,Good application.we can directly order food from the search options itself. Fast delivery good executive.. cancellation policy needs improvement.,4,0
609,2019-03-04 07:50:16,"by the way guys,i loved your app until recently. you guys have given a code which doesnt even work. i dont what is this app upto. i would give 1 star and the simple reason being the code doesnt work..",1,0
610,2019-11-28 10:30:27,"My experience with swiggy is fairly good,it gives me great discounts on my fav restraunts and services are fine",5,0
611,2023-05-17 08:43:53,very bad experience for swiggy delivery partner job related queries.,2,0
612,2021-03-17 06:30:06,Worst app swiggy as compare to zomato in services and delivery also.,1,0
613,2019-11-20 15:38:41,Very slow processing and hangs between placing order,2,0
614,2019-07-22 09:35:19,coupons are really very great must try app online food delivery and pocket friendly.,4,0
615,2019-04-08 12:00:58,it's a good experience to order the food & enjoy at home.... it's a employment for the delivery man also... good work,5,0
616,2022-03-25 18:30:28,I like the app good discount and good food in affordable price delivery also on time number of restaurant also good mobile interface also good,5,0
617,2020-04-02 11:07:12,Whenever we try to log an issue relating to an order it says I'm offline. Not able to reach out to customer support.,2,0
618,2021-01-05 15:51:06,Once the order and paid the app showing please pay as a result double order and double payment is made assuming first time payment was not successful. Please update ur app Aloke Pal,3,0
619,2022-09-11 04:34:44,The experience and service is great. But recently I started noticing difference in price. Swiggy is charging almost double compared to the actual price at the restaurant. And then they are also charging delivery fee etc. The discounts are just pointless if they have clearly increased the prices. Be mindful before ordering from Swiggy.,2,348
620,2019-01-25 05:23:17,"Despite one unpleasant ecperience, I am prepared to give one more chance to Swiggy as I had seen my relatives in Mumbai have a good experience with the former I am thus reinstalling it.Hope Swiggy delivers.",2,0
621,2019-09-28 13:06:46,perfect app for food lovers i recommend every one to order through this app only,5,0
622,2020-11-22 13:06:51,Really bad service I gave this 3 cause sometimes it comes fast but sometimes it doesn't comes only I ordered a few days ago at like 6:00pm and we waited for 2 hours guess what it didn't came we waited for 3 hours thinking that OK its rainy its a bit hard but we went to sleep thinking it will never come and guesss what we got our food at 3 am 9 hours later,3,0
623,2020-08-30 02:55:30,Restaurant didn't accepted my Order. I made online payment. It's two days now. Still no refund.,1,0
624,2021-03-20 08:25:01,Worst ever app this is all delivery agent bike have issue no one deliver on time or deliver in hurry,1,0
625,2022-05-28 14:11:50,"Timely, prompt and efficient",5,0
626,2021-08-15 14:41:55,Nice user friendly app for ordering food,5,0
627,2019-12-08 12:42:53,Except Gps location everything is awesome,4,0
628,2019-12-26 18:12:17,No refunds. Payment deducted but order not confirmed. No executives for help. Only chat options is there,2,0
629,2021-03-04 16:14:48,Customer service is wrost .They don't gives proper resolution of the problems. Provides different order and not giving proper resolution. This is wrost experience to place order from this app. 😡😡,1,1
630,2018-10-24 09:35:38,"This food ordering app is a saviour, better than others available.. You need to think on discounts as well...",4,0
631,2019-08-18 08:43:44,"worst experience !!! the swigy people dose'nt know whether the restaurant open or not . they took the payment from me through card and then after 30 mins they are saying the restaurant is closed now , after asking for a refund they're saying it will take 3 to 4 days for refund. making joke with peoples hunger.",1,6
632,2019-12-10 11:49:51,It's real awesome fast delivery,5,0
633,2023-05-24 15:48:07,I ordered from instamart swiggy they just sent a product with no expiry date sent the proves but denied to help i have picture will share in social media,1,0
634,2019-03-03 11:26:04,The Google Pay payment option is suddenly missing??,3,0
635,2022-04-01 18:37:55,Had placed an order at 10:54 and no delivery patner assigned till 12:05 and food is already been prepared at the restaurant but no delivery patner is assigned and hence will not recieve the food in edible state due to been prepared atleast 40 min prior distance of the restaurant is hardly 500-600m worst experience had been using it for a while but would not prefer anymore,1,0
636,2023-04-15 07:59:45,"I have availed the swiggy one membership, which is the worst decision of my life. Its been more than 10 times now my order have some problem and swiggy support tell me to rate the restaurant instead. Its happening very frequently that items in the order are missing and no support is provided. Support team alwas say rate the restaurant. Then why is swiggy there? Why cant they penalized the restaurants and help us getting our money back. Really bad experience.",1,0
637,2019-12-19 07:24:32,Helpful for people who are short on time,5,1
638,2018-11-02 13:20:15,Zommattoo is better.... Bcz delivery charges are high on swiggy,5,0
639,2019-02-22 06:00:15,too much hustle in finding good food ..,1,0
640,2022-04-16 08:11:14,Could do with a restaurant black list for users. That way we dont accidentally order from the same restaurant that gives us bad food,4,0
641,2020-01-19 07:35:41,Nice app . Better than zomato .,5,0
642,2020-08-09 15:46:55,I got one coupon from phonenpay but its showing does not exist in swiggy not happy,1,0
643,2021-06-03 16:21:38,I have order the food but its almost 2 hrs and I have no idea about my food. Best part they don't give any contact number for query. I feel very disappointed and angry and fool never recommend this ghatiya aap in future.,1,0
644,2019-10-29 13:09:15,Excellent work done by swiggy...loving it.,5,0
645,2022-04-15 14:10:15,the delivery boy is polite. delivered on time.,5,0
646,2019-08-30 14:32:43,Starting fistly experiance then say ok looks best,5,0
647,2019-03-19 11:07:31,"not shows thr non veg items, why... any body pls. reply",1,0
648,2020-11-26 06:07:31,The rates are illogically high!!their delivery charge is almost equal to the price of the item v have ordered!!complete waste service!!,1,0
649,2021-01-31 15:19:49,Food quality is always good n fresh,3,0
650,2020-10-25 12:30:00,Everything is good with app but the location cannot be updated on it even though u put the correct address . It's so irritating,3,1
651,2019-08-27 15:58:33,fast as i think delivered.,5,0
652,2019-06-13 16:06:21,long distance hotels are not accessible,3,0
653,2019-05-30 10:00:20,The order has been delayed if we pay through the card and takes a lot of time for delivery,3,0
654,2019-09-30 17:15:03,The app is good but sometimes it take to long to deliver food. And GPS doesn't work always.,3,0
655,2019-09-06 16:59:52,Fast delivery and Swiggy app most useful app,5,0
656,2018-10-12 19:34:22,"Worst customer care service. I ordered and paid via phonepe. The order never got delivered. I asked the customer care service to refund my money and they said within 24 hrs we are going to refund you. After 6 days of regular complaining they said ""sorry we didn't receive the payment, can't refund you"".",1,0
657,2019-02-18 17:21:41,"This is a great app but I really had a bad experience with the delivery guy. The place from where I ordered is hardly 5 mins walk from my home but this guy had no clue where to deliver the food when I tried to explain he asked me to send location on his private number which I sent cuz it was already too late, even then he couldn't reach the right place and the worst part is he sent me messages later next day , however I blocked his number , it's something which should be addressed.",3,0
658,2019-01-06 10:39:42,very helpful and thank you swiggy.,5,0
659,2019-04-08 16:27:19,"such a waste of time ... i order from kanti sweet , thrice delivery guy changed ..twice they call to inform item not available and finally they without even confirming with me.. they are really not bothered abouy customer..",1,0
660,2021-11-29 19:13:53,"What do you think about the service provided by swiggy. Swiggy told me that they don't have a delivery partner and they can not deliver my order. Really, if can't run your own business then better to move to other business. Do you really think that delivering with in 2km you will require 3 hours. Totally disappointed with the service, better to move on other business if your business model is not sustainable.",1,1
661,2022-10-17 10:44:43,Delivery boy has not taking well. The quantity of dish veg lollipop in hotel is 12 and you are giving only 8,1,0
662,2021-12-28 16:25:27,Realtime offers good job swiggy item rate too high,2,0
663,2020-12-03 07:36:22,"Pathetic application and customer service. Earlier it was good. nNow, bugs, unwanted competition. It is a classic case ""We are the boss and we don't care"" attitude.",2,0
664,2021-06-01 08:54:44,Worest service time automatucally reseted,1,0
665,2019-08-01 15:36:11,need to improve a lot on understanding what a customer needs,2,0
666,2021-02-10 15:18:42,Swiggy helps me in my troubled situation. My biggest support . As long as swiggy is there I feel confident that I am not alone. Long live Swiggy.,5,0
667,2019-09-13 07:44:53,Restaurants price swiggy price more difference fake offers,1,0
668,2020-12-02 14:44:35,"Hunger saver , quite affordable price",5,0
669,2019-04-13 13:01:37,Sucks ... After one hour telling me that they cant deliver the order and have to initiate refund. Would have given 0 if allowed. Uninstalled successfully.,1,0
670,2020-08-31 13:33:46,Use less didn't identified mobile Waste of time to search out OTP,1,0
671,2020-10-02 11:02:49,It has a fake account........ I haven't downloaded it before bt although it seems to someone else I'd on my phone,1,0
672,2022-01-16 15:02:28,Best service and Nice order tracking option,5,0
673,2020-10-14 14:41:29,"Lately the app is becoming inutile. Once you try to place an order it will say the restaurant is unservicrable. After refresh the same unservicrable restaurant will be shown in the options for ordering. Secondly, soaring delivery charges is another issue. Swiggy used to be my fav. app for food ordering but now other apps are way more convenient and time saving.",2,0
674,2019-01-15 06:42:34,Delivery is good but service is poor,2,0
675,2023-07-11 04:02:05,"Useless system , Fraud app , they are not refunding the amount , no help line number no platform where costume can complain , so My request to other costume don't order any think , just uninstall swiggy app and add you comments on this , thank you",1,0
676,2021-04-20 13:22:07,"On account of non-availability of chips packet the software simply asked me to modify my order and removed the discount code. Instead of refund, I am asked to pay additional amount..",1,0
677,2022-11-24 04:43:10,deliver well but delivery rates too high now and swiggy one membership is costly now. Amazon pay ICICI card offer valid only once :(,4,1
678,2021-07-21 15:18:09,"The app service was good previously, but now they are making same mistakes again n again. We did not receive the order after waiting for 1.5 hrs. This happened twice. There is no coordination between delivery boy n restaurant. Kindly improve",1,0
679,2021-09-08 13:46:19,never ontime ....kept on showing ontime but time is getting updated always ...pretty bad experience,2,0
680,2018-11-03 14:49:53,"Awesome aap for foodies like me , full of offers discounts i just love it",5,0
681,2023-04-25 07:24:36,Idk why other people have problems with this app but.. I'm good with it I don't have any problems.. Great app 😊,4,0
682,2019-12-28 10:46:08,"Gud,but delivering order is not on time",3,0
683,2021-06-21 08:45:14,They charge money for cancel order.i ordered food from swiggy.order cancelled before getting confirmed by restaurant.so i recommend you to not using this app,1,0
684,2021-08-18 15:18:47,Always ready to deliver the best,5,0
685,2021-06-21 12:22:38,Very yummy and tasty with nice packing and quality,5,0
686,2019-11-05 21:03:58,Very good app to order food I can say that it's better than zomato,5,0
687,2023-04-23 04:44:10,Very good App for food craving people,5,0
688,2019-08-20 14:37:36,No words can express my thankfulness to this app Heartful thanks to the one who created this 👍👌👌👌,5,0
689,2019-05-08 17:57:31,The app is just awesome the discounts are great as well and also the service.Most of the time the delivery executives attitude is very nice and gentle but this time the executive was rude.,4,0
690,2021-01-28 03:08:39,They're great. U won't regret downloading...Until your purse is empty that is.,5,0
691,2023-06-03 11:47:32,"I ordered 9 items but I received 8 items, i raised the issue but they are not solving my problem and they just stirring me via chat. After 1 hr chat he told me we will mail you on your mail id upto 6 hrs. This is too worst experience 😔. Still didn't resolved my issue.",1,0
692,2019-12-26 06:42:33,Always when we ordered from swiggy food was so cold like as samosa and Jalebi so cold so don't order from swiggy,1,0
693,2020-09-25 01:29:48,"PLEASE DONT PREPAID ORDER FOOD FROM HERE I BEG YOU PLEASE READ MY EXPERIENCE BEFORE ORDERING ANYTHING FROM THIS . So i moved to a new town which has swiggy so i was a new customer to this not knowing how bad and what scam of a service it was. So i ordered some butter nan, chicken curry , paneer do pyaza which cost me 739 INR and i prepaid that using net banking. The delivery guy didnt even call me once and cancelled by order and swiggy refused to refund any money even though he didnt deliver.",1,0
694,2022-09-28 06:40:06,Instamart removed after updating the app.,2,0
695,2019-03-09 05:13:09,"I loved this app, but from past two days I have been facing the issue while ordering food, it is keep saying that - your account is suspended. And when I discussed with CSE they told that they are unable to see any issue for my account and advised me to update or reinstall the app. However, my app was up to date, I tried reinstalling but now I'm unable to login to my account with the same number, it is taking me to the sign-up page. Disappointed with the service now.",3,9
696,2021-10-17 13:03:52,Easy to use. Simple. Perfect.,5,0
697,2020-02-21 07:48:23,very bad service please do't install this app..else ur life is going to hell,1,0
698,2019-11-28 08:00:52,Quick service.. quality foods.. thanks for complete our hungry...,4,0
699,2022-11-04 12:46:48,"From past few days I am unable to order from anywhere in Indore location, it is showing error that no delivery guy is available.",1,0
700,2019-08-14 14:55:29,Hopeless people!!!!!!Bad service!!! My order got delivered after 1 and half hour. Customer care people are really hopeless. He took 6 mins to contact delivery boy!! If you guys don't want to help customer them just remove your helpline.,1,0
701,2019-09-11 16:22:45,Hygiene food like our home... Hope so it will be maintain in future... Not like zomato they delivered road side street food,5,0
702,2020-07-17 14:20:44,"It makes work easier, so whatever we order is from swiggy, good discounts too. Love this app",5,0
703,2020-11-02 18:38:03,Not available items and order received without enquiry order available or not,1,0
704,2021-11-21 07:12:38,Authentic and timely delivered,5,0
705,2021-05-23 15:43:25,Not able to upload attachment while chatting,1,0
706,2021-07-02 12:24:12,"Whenever I'm using swiggy apps it's better than Zomato bcz Zomato never bothered the customer choice doing always monopoly But I can say swiggy is better than to other's it's better , bigger, & Coustomer oriented .. ...",5,0
707,2020-08-06 10:12:21,"Worst app , can't cancel order if mistakely order is placed! !!!! Otherwise everything is goof timing of delivery, food taste and quality",1,0
708,2020-06-19 08:13:03,Swiggy is stealing phone. My order got cancelled and they deducted half of the amount as food wastage. However the order was for groceries. How can be there food wastage in that case.,1,0
709,2023-04-10 07:34:42,Unable to find our location,1,0
710,2023-07-08 14:13:09,coustemer related issues are not solving swiggy its a worst service app to costumer zomato is very best than swiggy i faced two times from swiggy its not favouring to coustmers its a favour of restraunts only,1,0
711,2019-09-14 15:01:18,Have been having horrible experience for past one month with this stupid app even after being a super member. Won't suggest it to anybody and the worst people are the customer service people. They come up with stupid responses which doesn't help at all. It's extremely disappointing to see such activities happening on swiggy.,2,0
712,2019-10-20 07:15:01,Service is good but food is not good always bad foods delivered,3,0
713,2023-03-13 08:09:32,every time delivery very late give n some delivery executive behaviour very rude,2,0
714,2020-11-06 15:56:49,Too bad app We can not cancel our order if we cancel the order we have to pay the order price in our next order Worst experience ever,1,0
715,2019-01-27 07:40:34,Somehow the location is always wrong,1,0
716,2020-12-19 09:22:43,"Very poor, doesn't give you option to call plus GpS picks wrong location. Delivery guys are super rude",1,0
717,2019-12-06 10:15:56,Excellent. Genuine. Sincere. Care for customers.,5,0
718,2020-08-20 14:54:42,8.15. Delivery time 41min 8.22. Delivery time 40min I don't know how you guys are calculating the time..I hope 7min for us is only 1min for swiggy..worst of our time ordering on this platform.. you people change everything on your own.. Great that atleast you have left the choice of dish to us..who knows whether in the future you will only choose the dish for the customer also..,1,0
719,2021-07-21 06:33:04,Route map showing wrong. Every time delivery person called and ask the location for delivery. Please correct the route map,1,0
720,2019-08-13 14:27:58,very unprofessional staff service,4,0
721,2021-06-17 09:58:44,I have very bad experience with this swiggy because this swiggy is very very bad service and also rider language are very bed so don't use this app swiggy,1,0
722,2021-11-08 17:02:25,Very good service but need sometimes offer please ok,5,0
723,2020-12-01 07:11:47,Swiggy not give full details of term and condition about cashback.,1,0
724,2022-02-06 08:04:02,Helps you explore all the new restaurants and dishes sitting right at home! Good discounts too 👍,5,0
725,2019-08-31 16:05:07,It's good overall more offers related to orders should be included,4,0
726,2019-03-15 08:52:42,worst app even no one is there to listen even a partner....sent so many mails but no one even reply.,1,0
727,2022-12-23 21:18:06,Highly pathetic customer support of late. You can't connect with them over phone to explain the concern. Abruptly the complaints are closed without proper redressal.,1,2
728,2023-02-21 07:31:55,I am so thoroughly disgusted at the app. My delivery always ends up going to a different location. Each and every time. I dont know why when the address I have typed is different and it shows another location on the map,2,33
729,2020-03-20 12:49:22,Always calls to customer and say delivery guy has met with an accident. we are sorry. I am fortunate to face this 3 times. Even if u complain they simply say sorry. To get your money back its a big process 4days to 1 week. Delivery guys are arrogant if u stay in 3 or 4th floor they command you to come down and take order or else they will leave. After facing so many times then only I am putting here.,1,0
730,2022-01-17 18:53:29,Really disappointing... Delivery partner is always late for delivery...,2,0
731,2023-07-15 13:15:04,Worst app applied coupon with free delivery but on checkout its shows delivery charge.,1,0
732,2021-12-05 08:43:39,The way you give customers only 60seconds to cancel the order Why don't you give the flexibility to the consumer to cancel the order if it is running late? You should also be held accountable for not fulfilling the orders in the promised amount of time. Or else what's the point,2,0
733,2019-08-08 12:54:39,the service is now worst of swiggy... there is zomato is better than the swiggy... learn from zomato charging cancellation charge even when canceling in 2 minutes of order,1,48
734,2021-11-22 15:24:15,Delivery service is too slow just 2.5km restaurant away from my home . I ordered food it take more than 1 hour to deliver the food it is better to me go and walk to buy the food direct from restaurant 😞,1,1
735,2019-08-15 06:06:02,"very very pathetic experience. ordered food at 9.37 from a restaurant nearby. it is still showing food is being prepared and it will take 17 minutes. time is getting increased. if you don't have proper contact and understanding with restaurants, why do you confirm orders????",3,0
736,2023-01-10 17:50:40,Missing item is last 2 orders....no one is interested to listen and resolve the issue...pathetic service,1,1
737,2019-09-19 13:18:52,"Great experience with swiggy team always politely conversation with management And loved it ordering in swiggy 😊, Thank you ..",5,0
738,2019-08-21 02:57:13,"Swiggy is indeed good if you want to order some food, and I am satisfied with the service. However, as a foreigner I found it hard to use since the delivery boy can barely speak english and they always don't have any change. For now I'll stick to cooking and eating out rather than use Swiggy.",3,0
739,2022-05-16 06:56:58,Extremely slow at delivering order. It is taking almost 2hrs hasn't delivered the order yet.,1,0
740,2020-10-13 17:10:04,No response from swiggy after 1 hour....very bad experience today with swiggy. ..pls take care before ordering from swiggy.......almost 1.30 minutes stillwaiting for order to be prepared,1,0
741,2023-07-12 06:31:54,Giving fake offers don't puts and any order swiggy app,1,0
742,2020-07-09 16:39:51,I really like this app and when I wanted to cancel the order it is the big procedure and unable to cancel rest of that this is the fastest delivery app . Heads of the delivery team they work in the rain,4,1
743,2019-10-08 08:33:38,service is not at all good,1,0
744,2022-05-21 17:45:18,After whatever nuisance or hours of wait they simply throw your money on your face n say sorry for inconvenience. It's even more frustrating if you are on a membership. So good luck swiggying,1,0
745,2021-10-11 04:45:32,"Pathetic, keeps crashing not stable",1,0
746,2019-11-23 17:45:36,Worst site. Customer service are worst. Can't resolve the problems.,1,0
747,2020-01-01 10:22:00,"Was so excited for the occasion, everyone listed their items to order, everything went well, I checked out, the payment was done from my bank successfully and the app showed the payment is not received 😒, the debited money was contro from all and after the money got debited we couldn't order anything, it spoiled our mood totally.. yet to get refund.. Have a quick refund policy.. You know I have paid, you have received but just some tech error, either place the order or give refund immediately.",1,3
748,2023-01-01 08:32:30,They are fraud.Order missing now they are not refunding my money also even though I am a regular customer of swiggy.,1,0
749,2019-09-15 15:40:26,About food detail and test must be good and take taste feed back muat,3,0
750,2019-08-10 04:45:40,there are usually no offers,3,0
751,2019-02-22 07:01:31,i like it because i dont want to wait for my hunger.,4,0
752,2019-03-20 06:57:14,Tracking is not good and customer care response is very poor some times,3,0
753,2019-09-10 13:37:09,Easy to use and place order.,5,0
754,2022-05-10 17:12:02,Very bad experience I use first time this app I wait my order last 3hour but order not come I use one glass water drink nd sleep,1,0
755,2018-11-27 15:41:38,"It is really trustworthy, no need to worry about time,quality etc.",5,0
756,2022-11-18 14:53:44,"Worst response from swiggy. I have been waiting for my refund since 2 weeks. I was assured for refund within 2hours. After 12 days when I raised my complaint with all the pics of debited transactions successfully credited to swiggy, they say that they didn't receive it and also said that i need to go to bank and bring some more proofs. I have sent their previous conversation with me about refund and all the transactions done. I never suggest you to use this swiggy.",1,7
757,2021-11-12 11:26:00,"If the hotel deliver a wrong food or cancels the order after the given time, swiggy do not do any kind of customer related help",2,0
758,2019-08-08 11:11:19,best food delivery app...😍😍😍,5,0
759,2019-08-17 07:15:34,location needs to be more precise....,2,0
760,2019-12-28 15:26:53,"Good experience.. Very Happy for their offers with promo code.. But, should be more conscious about delivery timing..",4,0
761,2019-02-02 18:09:08,This app is good i am hungry at 11:30 and i open this app and order food for me and now my hunger is over loved it!,5,0
762,2018-11-23 12:13:25,"Had a very unpleasant experience...the delivery guy said the food was delivered but it was not...and then when I tried to call customer service no one responded..when I tried to call the delivery ""partner"" he had blocked my number. I lost money and couldn't even do anything about it !",1,0
763,2023-05-12 19:20:25,Worst service from swiggy and worst response,1,0
764,2021-11-04 14:31:17,Better to reduce the delivery charges,4,0
765,2022-10-14 11:33:39,Quick and safe delivery 🤠,5,0
766,2022-05-26 01:31:57,Delivery charge and additional charges is too high I prefer buy food on street shop is good,2,0
767,2023-07-10 12:16:58,swiggy delivery 🚚 fasting food is,5,0
768,2021-09-11 13:05:09,Sometimes location is not accurate,4,0
769,2022-04-02 06:48:22,After waiting for 1 hour when rider is not responding to me as well as swiggy team and swiggy team is forcing me to cancel my order as my order is spoiled and rider is at my location and when i ask them to hand me spoiled order then they disconnect the call the fact is rider didn't move to my location at all i have all screen shots of that time.They all are lying . What a great service you are providing.,1,0
770,2023-07-19 14:17:13,On Cancelling my order they demand cancellation fee which is to be charged in Next Order and Cancellation fee is 50% of the cancelled order this is horrible anyway app is good,3,0
771,2021-08-10 10:22:31,Always dissapoints as almost every order takes more time then usual. They show other time and deliver late everytime.,1,0
772,2021-08-04 05:14:44,Your food items are costlier than Zomato for same restaurant,4,0
773,2019-09-22 08:24:29,"It's so bad , when a restaurant cancels the order they don't update it in the app. Keep you waiting forever.",2,0
774,2018-12-31 09:58:27,But the delivery could be faster it will be ok,4,0
775,2019-08-01 16:11:09,Very much disappointed by the swiggy app.I ordered food and used the offer the order wasnt confirmed so when i reordered the food the msg poped saying you cannot use the offer 2 times you can try after 2 hours.,1,0
776,2019-11-08 11:14:05,Never use this service is very bad they just eat customer money and don't provide services,1,0
777,2021-10-26 07:09:39,Very usual application for food services,5,0
778,2019-09-24 18:12:37,I get hungry whenever I see 'Swiggy' 😂 So most of the money I spend is on food!,4,0
779,2021-05-20 11:23:30,"I have placed an order and my order got cancelled . I have talked with them and they assured me the money back on that day. But it's been a month , I haven't received any response from them nor my money . When I tried to talk to them they tell me that there was no such record. I still have my messages sent by swiggy of refund and also bank details. I have also written an email also but they have turned deaf to my messages Worst service ! Bunch of crooks looting money",1,0
780,2021-11-26 09:40:29,"Swiggy super discontinued mid subscription and given an ""upgrade"" (it's not) to swiggy one, which is worse in all ways - costs more, higher minimum total for free delivery, free delivery restricted to very few restaurants.",1,3
781,2023-03-07 18:32:54,"Very poor service, not appropriate as per standards.",1,0
782,2022-07-28 09:50:59,Because of no time limit to delivery. If once in a time it's showing 10 delivery check after 1 min it's showing 15 mins. There are no time management services.,1,0
783,2023-07-21 17:14:04,Not taken responsibility for for wrong delevered items. So please avoid to order any important items in this site.,1,0
784,2021-03-21 11:28:11,If i would i have option of giving negative marking i would definitely go for it because i am very disappointed from this app,2,1
785,2020-06-15 12:42:02,"Useless ,incompetent customer care. I ordered pizza from dominos using this app. Not only did they deliver 4 to 5 hrs late after order with half of the ordered stuff missing, when asked customer care for n number they always gives me a dysfunctional contact number. Till now my complaint is unresolved. These guys have zero respect for customer and their issues since when i chatted with them they kept on changing executives treating my issue as a joke.",1,0
786,2019-11-26 09:04:15,Some times bit late ... other wise good,4,0
787,2021-08-21 14:42:50,"Big cheaters..They gives promo codes/ offer only for customer attraction.. When claiming the offer its shows problem with your bank/card.. Same card same bank no problem with Zomato,,only problem with Swiggy..strange..🤔🤔",1,0
788,2020-02-02 11:58:42,"Not good experience. Each time I use this app, the delivery agent looses his way.",2,0
789,2021-01-02 04:00:05,Every order came on time. Only 2 star less because they dont show my house correctly on gps and its waste lot of time everytime i order.,3,0
790,2022-02-19 17:49:09,Cancellation option is not customer centric in genuine issue also. No choice for customer,2,0
791,2019-08-31 14:41:48,"Nice app,discounts are good",4,0
792,2019-08-10 16:05:24,fast delivery in time before,5,0
793,2019-07-10 14:37:19,"The UI and logistics of this app has a lot more scope to improve. Issues I face and not addressed by the swiggy people. 1. Location changes to some other saved location after order has been placed 2. When a delivery executive is assigned with two orders, he often gets the first order which is much much farther than the order of another person.",2,8
794,2019-11-29 14:17:33,"I am unable to login, other SWIGGY account, kindly make changes on this problem.",2,0
795,2023-06-16 04:10:58,"Going to 1 star from 5 star. What a transformation... I've turned on my location services and then ordered, but the app by default pinpoints to my old saved address and the order got placed. After I contacted swiggy, they said 100% cancellation fee will be pursued by them. It was an utter disappointment since its an app bug and I was obliged to pay them. Should've placed Cash on delivery",1,40
796,2019-11-24 12:37:21,Price in swiggy is too much than actual price of food in restaurant...,2,0
797,2021-11-29 17:21:38,"From last week I was ordering food daily from swiggy, Tonight after waiting more than 45 min I got a call from swiggy your order is cancelled. Thank you for reminding me your good service. Your teams and conditions are only for you guys, if we cancel then we have to pay cancellation fee, but when you guys cancel you don't pay us back infact we lose time & money both.",1,0
798,2020-11-27 15:46:37,Awesome aap but i'm giving it 4 star because sometimes it shows wrong timig i hope it will fix soon.,4,0
799,2021-09-30 04:31:26,"Delivery charger are too high...swiggy should work on that,otherwise accoding to service and quality it's too good and hygenic👍😊",3,0
800,2021-07-11 10:26:10,Dear guys this very cheap app to place food order and the don't have account delete options your personal information is not in safe hand please don't use swiggy anymore. If don't have trust on me pls try to delete your account.,1,0
801,2018-09-30 14:58:41,Today twice i placed a order..... during the payment it's so much issues... the amount was cut of twices... they told to credit the amount in 7 to 8 day's... it's so rude.... very disappointed with this,1,0
802,2021-05-29 13:04:20,Too many payment related issues take place,3,0
803,2019-09-16 13:46:43,After an hour I am told that order hasn't been placed furthermore saying me to cancel the order all the while application showing food been prepared pathetic,1,0
804,2019-08-23 10:25:29,I wish i could give negative points. They show 27 min delivery time n takes an hour or more. Would like to cook myself than ordering with swiggy,1,0
805,2019-10-09 16:14:20,This aap is very good this will serve food on time 😊😊,5,0
806,2023-05-08 07:05:31,"Automatic delivery tip problem. Not able to remove it no matter what I do. Tipping is customer choice, not swiggys",2,0
807,2022-08-11 18:28:30,Such a scam apk colleague say something and then they make reasons not to give refunds.. order always get delayed by 90 mins and above just uninstalling the apk as Zomato is far better than this,1,0
808,2019-11-01 10:07:40,I am a foodie so when ever i order foodi get it on time this is a very amazing app😍😍,5,0
809,2023-05-22 02:56:30,every time same issues but customer care give excuses and promises but ntf is resolved..,1,0
810,2021-05-13 09:57:07,This app is nice. But those delivery boys who comes to give delivery they are not wearing gloves in their hand and infact sometimes some delivery boys are not wearing mask also.,2,0
811,2019-10-07 16:58:44,Aap best but proper discount available,5,0
812,2022-03-20 05:41:06,"I think we need to stop placing order in swiggy, for a wrong item delivered they need 48 hours to respond",1,0
813,2019-09-17 08:51:32,"Good experience while using this app. Easy access, Quick response, Best deal. Worth to recommend to others.",4,0
814,2023-04-30 07:24:16,Absolutely terrible performance in the last few months. Keep it up! This is a good way to help customers get healthy by pushing them away!,1,0
815,2020-03-17 09:50:34,It's amazing side for food delivery,5,0
816,2019-12-06 08:12:04,Nice but sume time it takes to much time just to make order but price is good and food is good quality,4,0
817,2019-08-14 07:06:24,soo good always use the promocodes😜😉,5,0
818,2022-06-24 02:10:39,this is a best food delivery app,5,0
819,2021-06-28 10:54:18,We ordered 10 chapatis but we reviewed only 8 Rest all things are fine ☺️,3,0
820,2021-10-17 14:08:55,Great service but you've increased the charges. I know petrol prices have gone up. ☹,4,1
821,2019-07-21 09:46:11,"excellent 👌👍 fast food delivery, service and communication",5,0
822,2021-12-11 14:09:46,I ordered sugar from instamart and got milk and yogurt. Wrong order is delivered. They don't even refund the money. And tell me to wait for 6 hours. If I had to wait; why did I order then.,1,0
823,2021-12-24 10:31:30,Supper and fast delivery. I love it,5,0
824,2021-04-25 08:49:13,I have been waiting for past 12hrs there is no response properly there is no response for mail also.the swiggy guys are cheating people and earning money,2,0
825,2021-03-17 17:47:32,Very bad experience. Long time waiting and customer service representative not good he said unable to deliver my order you take your order from delivery partner from other location and I get my order from other location. Not good this time.,2,0
826,2019-08-23 15:55:56,"Its almost an hr. we have placed the order. Still the tracking shows 19 more minutes, while the restsurant is just 5 minutes walk from my place. Really pathetic service. There was not the option for negative marking otherwise would have done that. On top of that the rider is not picking up the call.",1,0
827,2019-02-09 10:38:14,"delivery speed is a point to be notified and correctly judged off. food seldomly or barely remains hot , mostly it gets cold.",5,1
828,2020-08-18 16:47:43,The app is very useful for us. The Taxes and delivery fee could have been reduced. Coz we end up paying more amoun+ for these 2 things rather than the food cost.,4,1
829,2019-08-13 06:36:19,Worst than ever...like seriously they give u offer on foods and then they increase the delivery rate.. hence the food costs double of its original price... Pathetic,1,0
830,2019-06-05 15:05:59,"customer service experience of swiggy is really pathetic , associates are so rude no option of connecting them through call. ver bad experience i am stuck with ny refund form more than a month",2,0
831,2018-11-02 09:18:20,It's got a better interface and options compared to other delivery sites and the delivery is also quick. The downpoint is that it shuts off during rains .,4,0
832,2019-09-01 08:28:22,Taste is tooooo bad🤢🤮.....Over time taking for delivery⏲️.....Rate is ok but over time consuming for delivery 😫.... Irritated a lot😖....I thought that swiggy app owner must take care of it😊....,1,0
833,2021-07-19 17:12:26,I have been a customer of Swiggy since years together probably since it's inception and had been ordering twice or thrice per week. But today I have been literally cheated by Swiggy. My prepaid order has neither been delivered to me nor any call was made and the order was unilaterally cancelled by Swiggy and the entire sum has been dishonestly misappropriated by Swiggy. Dear friends think thrice to make any prepaid order through Swiggy as this may also happen to you also. I am shifting to Zomato,1,0
834,2022-05-28 17:11:37,"Buggy app, I couldn't apply any offer coupons.",1,0
835,2021-10-31 14:14:21,This app need development. App dont show proper location on map and also so wrong delivery time. And always make order delay.,2,0
836,2020-02-07 06:57:14,Better than zomato on delivery charges but food prices are bit high. Please improve.,2,0
837,2022-05-27 07:14:58,"Fake restaurants, double priced menu and offering discounts... Rude delivery staff... Fake offers, they cancel the orders when ordered using offers..",1,0
838,2021-01-24 07:11:02,"Absolutely pathetic experience when the delivery person from swiggy has delivered parcel from Dominos at wrong address and not responding on calls, I have ordered again and hope this time they improve.",3,1
839,2021-01-22 09:06:24,"Too late delivery,not satisfied",1,0
840,2021-01-18 16:17:46,The delivery timed are becoming increasingly poor. Never fased delays before. But nowadays delivery is regularly delayed irrespective of the area or time.,2,0
841,2019-11-21 21:08:36,I ordered three times. Two of them food's taste was very bad.,2,0
842,2019-10-20 15:07:52,Could've given 5 star but deducted 2 stars for irritating me to rate d app evry tym i log in...,2,0
843,2021-09-04 08:36:52,App is working quite good,5,0
844,2022-01-26 11:50:23,..swiggy is always late to delivery 😒 sometimes swiggy takes 2 hour for 1 order ..I am to disappointed 🤬🤬🤬,2,0
845,2018-10-07 17:35:26,I've been using this app for almost an year now. Till recently I didn't face any issue with the serviceability of restaurants. However post introduction of the Swiggy Super I believe customers like me who are not members of Swiggy Super are facing issues of unserviceable restaurants. Earlier almost 40 restaurants used to pop up and nowadays it is down to just 2. Would request you people look into this or you might end losing out on many customers.,2,0
846,2018-11-04 02:29:43,"To describe swiggy briefly I would say ""cheaters''they are. They have resorted to cheap means of debiting money from customer's accounts without delivering food. This is basically their business model. Offer heavy discount to customers. Cheat them make money. Customer care consists of ignorant people who do not have the guts to accept their mistake. Thus they chose not to reply to customers.",1,0
847,2020-05-23 11:36:05,Right after today's latest update...app doesn't load at all .,1,0
848,2019-09-25 10:54:55,"Currently, I am getting mind blowing offers with 1 time delivery charge for 1 full month. I hope swiggy could remove the dead beat restaurants with really bad ratings from it's listing. Also, information of each restaurant should be given when we press on that restaurant page. Currently, I have to Google each new restaurant i consider ordering from.",5,0
849,2019-06-08 13:58:14,Need to improve the location service. Else all good ..,3,0
850,2019-11-16 11:41:27,Swigy is shitiest app to order your food. They have special sections for instructions and nobody follows it. I don't know why have help button and call center if you can't help the customers. Their is no option to provide the negative ratings and I am giving 1 star to show my disappointment.,1,0
851,2022-04-17 16:27:36,"I had great experience in the non metro city i used to live but from the time i have shifted to metro, i hv very poor experience. I understand the reason behind high delivery charges but plz if not anything else give us the option to pick the order on our own. It may look strange but many apps in metro provide this facility too specially start-ups. I believe swiggy can do this & no. of orders in metro will surely hike..",2,114
852,2020-11-29 17:23:02,Poor service and high delivery charges Sometimes poor quality of food also,2,0
853,2019-09-17 16:13:39,I am not being able to locate the restaurant in the map provided after an order is placed (since zooming the map is restricted),2,0
854,2019-10-27 01:54:14,Very very bad experience in the app unable to order,1,0
855,2023-05-04 10:29:13,While placing the order the app is perfect but when the order is placed the address is changed and the delivery person doesn't know how to talk at all. Nor there is any support from the Coustom Care team. Choose Big Basket for any online shopping.,1,0
856,2023-05-10 10:42:20,"All good but only bad, Is temperature of food is affected",4,0
857,2023-07-21 14:21:11,i all must order sandwich burgar crispy chicken taste the food is yummy🥰🥰🥰😘😘😘,5,0
858,2019-08-10 19:48:41,they cancel the order after 35 min of confirming the order ..... just waste of time.... sad to say it but i m going to stop using the app and moving to uber eats,1,0
859,2019-03-16 17:51:59,"Had a really worst experience. I had ordered food but the food came was stale. On complaining to swiggy. They offered me just 50 rs coupon for a 250 rs order. Asking for refund, they refused for a refund or replacing the order. Dont ever use this app. Really worst. Worst customer service",1,8
860,2022-04-21 18:35:23,Amazing app . I order briyani and my order came very quickly I was surprised with this aap,5,0
861,2021-03-11 07:24:15,Increased cost of food items by restaurants,2,0
862,2019-09-16 14:25:01,Very bad waiting for orders,1,0
863,2020-11-04 17:37:53,"Worst service yaar😞. I was tracking him on swiggy map he picked up my order and than he was going to opposite side of my destination. Than I called him he told me that ""sir bike puncher ho gai hai, order cancel karna padega"". This is full planned pick up and cancellation.. I am so much disappointed with SWIGGY",1,0
864,2021-06-20 18:54:33,"Hi everyone, I would like you all to know that Swiggy/Zomato uses its own menu rates/prices which are over and above the rates of the selected restaurant. The rates are pretty on higher side. It is just arbitrary, unjust and a malpractice adopted by them Customers are required to pay their hard earned money in much extra to Swiggy alongwith delivery charges and taxes I think many of us are unaware of this practice of Swiggy/Zomato (s) charging over and above the menu rates Guys please think",2,0
865,2019-11-16 10:19:48,Great app. Simple and easy to use. 👍,5,0
866,2020-02-20 16:03:30,Delivery charges and taxes making food cost double its too high,1,0
867,2022-05-09 08:18:41,"Based on my preference as a pure veg, the restaurants serving pure veg are unserviceabe which were serviceable before a week subscribing your yearly one benefit plan of 899. I regret subscribing it since for me it is useless since it do not provide pure veg restaurants serviceable. I would like to have a refund for the subscription paid.",1,1
868,2019-10-17 14:17:26,Service oriented n best response,5,0
869,2021-03-06 19:39:24,Worst services again and again don't go for it after 2hrs of delivery time they call n just say resturant is closed... Very bad service from this app please don't relay on this,1,2
870,2019-03-08 07:31:59,best food delivery out of all,5,0
871,2022-06-20 08:37:41,Worst experience I got several worst order they did not responded and got waste of money nearly 23k In this application so don't use this food application so try new like zomato and local food delivery apps,1,0
872,2021-05-26 12:01:59,Better than other food ordering apps. Good experience!!!,4,0
873,2020-12-13 07:52:57,Amazing app very helpful have multiple options,5,0
874,2021-06-22 10:15:12,Good for hunger fantastic app,3,0
875,2020-02-28 13:34:04,They carry food from roadside be careful. When you call to customer care they will tell they already talk to Hotel and its correct only. Please careful with your health.,1,1
876,2020-11-18 16:04:03,Worst delivery app i have ever seen i have placed an order and waited for 45Minutes and the delivery executive called me and said that the ordered food was over please place alternative order. And i have raised a complaint and customer service was also not usefull he simply saying that sorry for the inconveniance.worst experiance i have ever had talking with that customer service executive Named Rishabh.,1,0
877,2021-03-06 17:18:34,We have received bad quality food and also there is no any response from customer care executive after complaining about food.Very bad response from swiggy customer care they don't solve customer issues regarding food quality. They don't respond properly even after complaining from customer side.,1,0
878,2021-08-21 00:06:51,No queries are resolved on time was on call for more than 3 hrs but couldn't get connected to an agent and tried to chat as well but no response from live chat representative what so ever. Lot of stuggle to raise a refund request or queries as well because executives do not respond. Very bad experience received.,1,2
879,2020-01-18 07:56:23,Am not getting coupon for second so take immediate action 😩😩,1,0
880,2020-05-09 07:14:23,"Great app. Easy to use, with good UI . Good quality restaurant selections. Filter options is barely available, based on nearest or delivery time etc. Offers are also limited for payment.",4,1
881,2021-04-17 14:07:49,Very convenient and prompt,5,0
882,2020-06-09 16:46:29,Swiggy was better before ...idk why did they remove swiggy pop feature from it...it was so gud...disappointed with the removal of swiggy pop feature,3,0
883,2020-02-17 16:02:40,"Very fast delivery.,,I feel very happy",5,0
884,2019-05-12 16:23:40,Not good like Zomato . customer service not good,2,0
885,2019-07-14 10:36:03,"food orderd from this app is not up to quality and taste, rates in the list are too high as compared to original restaurant rates.",2,1
886,2020-06-09 16:44:17,Best delivery in time and many more good app,5,1
887,2019-10-25 16:15:47,The Discount coupon SWIGGY30 was not deducted.,2,0
888,2019-02-13 14:30:21,improve speed and location accuracy,4,0
889,2021-03-18 19:57:34,Worst experience. Expired items delivered in instamart. No refund even after that.Always multiple delivery assigned to same delivery executive leading to cold food. Always they say they will provide the feedback and improve but no improvement. It was a big mistake to subscribe there super plan,1,0
890,2019-11-24 15:31:23,"swiggy is nice app but its not value for money because whenever your order got cancelled they cn not informed you.and even restaurant is not giving a good response to other they hv best word ""technical errors"" please be aware when u give order",1,0
891,2019-09-09 07:54:24,It is good and timely delivering,5,0
892,2021-08-22 11:16:54,Nice app but pls deliver the food hot everytime i order the biriyani and others chilled like ice cream otherwise nice,4,0
893,2023-06-15 16:10:45,Many times I ordered my food through this app but my order is not delivered properly. Multiple times my ordered food is missing from the package. I face many issues related to order,2,0
894,2023-05-12 18:13:27,"Very very poor service, after this order I'm uninstall it",1,0
895,2018-09-26 17:31:01,I ordered from the app and few items were missing from the delivery. The delivery executive could not be reached so I contacted them through Chat option an their app for help. I relayed my grievance and they told me to wait for 2-3 minutes. They replied after  15 minutes and offered me a coupon. I was busy so I could not reply back immediately. and the next thing i saw was not even 2 minutes had passed after their offer that they closed the chat citing no reply from my side. Totally worthless process. A waste of my time and energy and money..  :((,1,0
896,2020-11-08 14:18:23,Good option with choice and discounts.,4,0
897,2019-05-13 05:15:47,bad support service and no refund if resturant or delivery executive makes any mistake,1,0
898,2019-10-13 14:14:15,Pretty good app. Holds decent offers to fit our pockets in a friendly manner. Overall a good experience n i am still using it😊✌️,4,0
899,2018-12-25 16:31:14,"I am really disappointed with the service provided by Swiggy, yesterday i had order for Mutton Kheema Biryani and they delivered Chicken Biryani. when contacted their customer service department the executive was teaching me about using professionalism, i really failed to understand that why Swiggy is not providing professional services and expecting me to behave professional. And above all the only solution they can give is replace the order or refund the money. Really disgusting services..",1,1
900,2023-04-01 15:50:28,Chitting to customer as served me ghos instead of paneer need a case on sweegy,1,0
901,2023-04-18 09:38:03,i think it would be great if in the restaurant page users can see the location of the restaurant and the original menu.. most of the restaurant have updated the inflated price in the app,2,3
902,2019-05-11 15:41:30,service is good . but the app not working very well.,3,0
903,2020-03-12 17:42:01,Very useful app for foodie people. Varieties of dish with super fast delivery.,5,4
904,2021-07-25 17:35:57,Pathetic delivery system. Took almost 1 hour and still waiting for order from a restaurant just 10 minutes away.,1,0
905,2018-12-06 11:59:50,Your service is horrible now i am facing problem with my third order now and even your customer service is not too helpful seriously other online food app's are more good i will suggest not to use this app,1,0
906,2020-06-30 04:29:00,This app superb 👌 fast delivery and good service in lockdown 😷 thanks for Swiggy and service people,5,0
907,2019-11-13 15:06:35,Amazing....always helpful.,5,0
908,2021-10-27 12:12:20,"Worst experience. I ordered food but then delivery person called me and told that he was in my location.it was approximately 1km distance from my home. Then I got a call from Swiggy.they told , I have given incorrect location so they are compelled to cancel my order. But I have switched on my GPS and automatically this app detected my current location then why this is happened ?but my address is correct which I gave manually. Also cancellation charge will be deducted at the time of my next order",1,0
909,2021-08-21 03:10:39,App is running very slow nowadays. Each page is taking 15secs to open,2,0
910,2022-09-12 20:32:06,"The application is good but I really request the developers to inform the users prior or while opening the application if a restaurant is closed or is unavailable because it crushes the user's expectation and excitement when the user reaches the payment page, showing the restaurant is not available. This has happened with me many times with Domino's Pizza. Thank You",3,3
911,2020-09-09 16:04:39,"If a restaurant is not accepting orders, please show. Don't waste our time by adding items a day when about to checkout say not accepting orders or delivering is not available.",2,0
912,2023-02-11 18:51:11,dont forget to give discount offers,5,0
913,2023-03-16 08:35:17,Delivery service is nice but sometimes the delivery partner face problems while contacting.,4,0
914,2021-04-14 11:25:39,"Swiggy app really makes easy for working women like me to have anything you wish to eat at your doorstep. Thank you Swiggy. But only prblm I am facing is the taxes n charges applied, already hotels n restaurant ppl hve hiked their food prices n on top we need to pay extra charges. Swiggy please come up with good discount offers Atleast for potential clients who order regularly.",4,0
915,2018-12-22 12:55:55,"got food in 1 & half hour too late, 2nd time got worst food which was not fresh i was suffering wd vomiting after eating the food, did cgat wd executive he was also not able to help me, denied for refund & did not register my complaint. Do not use this app & service",1,0
916,2019-02-20 04:00:44,it was not good for me at all... don't use swiggy ..cz yesterday i brought an order from swiggy and after almost 1 hour they call me back and said that we can't able to delivering your order due to distance issue and cancelled it..u knw wht we were waiting for 1 nd half hour. .😠😠 ..if they are having an issue then why took my order first..that was a hell for us..😡😠..so plzz dnt use it.. ..,1,0
917,2023-03-20 00:27:46,"Swiggy is becoming pathetic & horrible. Wrong items, cancelled or delayed orders are becoming norm. Cx experience is the worst. And when you're using a big coupon, they start experiencing all types of issues, from restaurants to delivery partners. I've seen atleast 5 wrong items delivered in a week within my close circle. There was atleast one instance whre support rep, ended the convo on my face & later cited 'technical issue'. Maybe it's time to revive Zomato or go back to gud old take-outs.",1,37
918,2019-06-04 15:11:13,Swiggy has been pathetic in the past few days with 2 consecutive cancelled orders on 2 consecutive days. Impolite customer care executive Rahul Kadam even cancelled my order when we were still discussing about an order delayed by a little over 1.5 hours. I don't know what went wrong suddenly but probably I will have to order for my dinner at the lunch time to get it on time or properly. I would request Swiggy to check as it was better before. Quite aweful as I didn't request any charity,3,2
919,2023-06-28 12:07:03,Best online ordering service.. very fast delivery.. good job 👍,5,0
920,2020-12-24 15:00:10,"According to best app ever, comparing to others",5,0
921,2021-05-04 15:22:59,Superb app I am using it since 2018 good app delivers very fas super surviec,5,0
922,2019-08-30 16:08:31,"Too good, rates needs to be taken care of, huge difference in pricing!",4,0
923,2019-07-21 22:45:58,"Worst app. Don't order from them. They just steal your money. I didn't receive my order yet it showed that it had been delivered. When I spoke to customer support, they gave me an option to get a useless coupon instead of refunding my money.",1,1
924,2022-03-11 16:24:33,"No representative is ther to assist you, only ato massage is there. No one is tere to help you. I will never recemond his app for food delivery although it's insta mart is good.but for food delivery it's not",2,0
925,2021-02-11 19:36:56,After the Order is taken and one hour of waiting they say there is no available so please cancel the order,1,0
926,2019-10-05 07:01:22,Swiggy is one of the best food delivery app i have ever known...all time discounts are available on swiggy...good job swiggy..,5,0
927,2023-07-15 16:09:31,"Very bad, delivery charges is higher,",1,0
928,2022-06-05 15:52:15,"The scrolling is so bad, it makes the app unusable. It was fine until yesterday.",2,0
929,2021-06-03 07:59:23,"Very very late ... It's too bad, Doing repeatedly",2,0
930,2020-03-11 14:09:25,It's easy to find a restaurant don't go to anywere,5,0
931,2019-09-20 09:10:58,"More Developmental changes are essential to be sticked to this food delivery app, sometimes it gets stopped and hangs a lot, more fast and responsiveness is expected from our end",4,0
932,2020-04-28 04:38:00,Very nice app to order food instantly.,5,0
933,2020-07-10 12:01:47,I would give 5 when there are less taxes and less delivery fee,4,0
934,2019-10-21 14:16:58,The best part about this app is the way in which location can be set 😍 And the delivery is also good,5,0
935,2020-01-17 08:31:49,"Very bad,if you select ur location by mistake u cant change it and if u cancel you will be charged 50% amount of the total charge",1,0
936,2022-04-15 08:50:47,always food delivery has an problem by packing is not proper and delivery has not been made offer and refund cheating,1,0
937,2023-05-05 10:11:19,Useless support from now onwards,1,0
938,2021-12-12 16:53:41,Excellent. Prompt & courteous delivery,4,0
939,2020-11-26 15:04:12,"After being a loyal swiggy user for over 3 years, I uninstalled Swiggy today after the delivery executive absconded with my food for the 5th time in the same month. I'll just stick to Zomato which can make sure that at least my food reaches me.",1,0
940,2019-09-27 11:07:09,They used to give 5 coupons but now only 1 coupon..🤔,3,0
941,2022-11-28 13:30:53,Best app for your stomach....!!!!😂🤩🤩,5,0
942,2019-04-09 15:11:26,app is good but few suggessions as follows. 1)show map view for restaurant to let us know the location of restorant. or atlease after clicking on that resto there should be option to see the location. we can see it only after placing order now. 2) add as many of images for dishesh.,4,0
943,2023-04-09 06:10:45,"No response on the missing items, but quick delivery",2,0
944,2020-02-09 17:06:13,The swiggy app is a very good option for people to order from home.but the only thing is the restaurant listed is that the portion send as order to the customer is very little and poor for the money paid.this return effect the swiggy company.,3,0
945,2019-11-04 10:42:04,They delivered incomplete order and not even given refund🖤,2,0
946,2020-01-01 14:07:00,It is a very best app for food order,5,0
947,2020-01-04 11:06:30,Good verry good Swiggy is good delivery company other than,5,0
948,2022-04-27 15:30:11,Especially i was a Zomato user but recently moved to Swiggy but i am telling you this was best decision i had Zomato charges more money and also their delivery boy are not ao punctual about delivery time and also there are so less offers for their food that ordering food becomes very hard and especially for budget foodie like me I like your app and i hope you will provide this consistency,5,0
949,2019-09-26 14:18:48,High delevery charges and food charges,2,0
950,2023-07-12 14:51:16,Unlimited discounts with tast food go for it,5,0
951,2019-10-10 13:09:45,It is taking much time to get the food,3,0
952,2019-10-04 17:13:38,"No option provided to call the customer care. If the delivery guy doesn't want to deliver, You have no option but to STAY HUNGRYYY! Even if they call you, they'll be of no help but just offer you 50 bucks for the time and food lost. Ordered food twice in three hours just to get a free coupon of 50/- because both the riders used the same old tyre puncture story they usually use. Great Job Swiggy 👎👎👎👎👎👎👎👎",1,0
953,2019-10-09 13:49:59,Costly like other food apps..,3,0
954,2021-03-04 08:44:52,Worst app it takes 1 hr to deliver my food,1,0
955,2022-12-13 10:33:02,This app is very nice to fast delivery and getting me 50 % discount,5,0
956,2021-02-26 18:43:28,All fine .Except delivery fees and Coupon applications,4,0
957,2019-08-31 14:15:42,Awesome requires more coupons.,5,0
958,2021-02-21 16:19:31,"Worst delivery, always late",1,0
959,2019-09-08 09:20:46,Faltu app.. Bad experience...faltu service... Making ppl fool by delayed delivery... And short supplies....rather use zomato...,1,0
960,2019-09-22 05:45:11,"It's interface is quite good, and that's what I like the most and another thing is that it is also now available in remote areas and even some villages. So, it's not quite fascinating that it takes care of all its services and it's even popular now, and the work is going pretty fair now, wish swiggy a good future here...",5,0
961,2021-05-06 18:37:55,They don't take up responsibility if you receive spoilt food. They simply say it's the restaurant which sent. We can't do anything. Swiggy need to maintain some standard while having a tie up with a restaurant. You guys need to be responsible for the food from the hotel you are tied up with. Other online food portals are better and they will resolve the issue for the food we receive..,1,0
962,2021-01-15 17:34:16,The dilevery boy don't know the location were he was stand The name of boy is naresh Jadhav he is very bad please did not sent the person again don't we go to the location but he is not on his location showing on the gps and the payment also we done with online and we not get our money,1,0
963,2019-09-03 21:15:58,Very disappointed with first order only completely dissatisfied,2,0
964,2023-04-05 10:17:18,Worst app for food delivery can never be trusted it's been third or fourth time it has happened wait for one or two hours and later no order delivery and delivery guy and restaurant doesn't pick up calls. Never recommended try other app prolly be usefull than this just a embarassing machine nothing else.,1,1
965,2019-05-27 07:53:37,service is faster & good community service,4,0
966,2019-01-03 15:19:21,very good app food would come fast and fresh and safely. They come exact place and delivery is very good,5,0
967,2020-12-11 03:11:28,good all. but categorisation is wierd at times. biriyani brand is shown in breakfast options. long distance brands are pushed to you as a customer.,2,0
968,2021-10-02 07:06:08,There is problem with delivery address in the app. I select different after confirmation another address gets selected. First I thought I made a mistake. But It's always happening. Please please fix this.,1,3
969,2021-11-04 07:14:16,Giving it a star is the best I can do. This app sucks,1,0
970,2023-02-06 18:54:07,Swiggy showing 10 minutes and deliver in one hour after paying in advance as well and people's are very rude it's pathetic experience i suggest don't order from this app,2,0
971,2019-08-11 18:08:52,Not Good. I ordered Ist time nd they cancelled my order due to technical issue. However successfully online paid for the order.,2,0
972,2020-07-30 12:02:12,"Better than zomato and like the super membership, though price of it has been increased recently.",5,0
973,2019-04-11 17:04:02,they were saying that we will get 50% of on first 5 orders but when I ordered for first time then the coupon was expired this is All fraud we are not getting 5 coupons,1,1
974,2021-06-07 14:36:03,Now new type fraud is started without call they cancel the order and says the delivery boy reached the location and you have cancelled. Stupid service becoming day by day. No ethics at all.,2,0
975,2019-03-29 13:03:11,i juz love this app. its user friendly. thank u developers.,5,0
976,2020-05-03 11:28:21,"The swiggy genie is unprofessional. They cancelled my pick up of medicines, and the Helpline chat didn't help. They asked me to send a mail instead? !no Reply to my mail since 3 days. No refund either! I have replied to your email which tells me to use the help button in the app! Classic swiggy! Passing the buck instead of resolving the issue!",1,0
977,2021-07-24 07:24:05,Cancellation policy is worst they charge penalty even in emergency cases,1,0
978,2020-02-08 14:44:28,Best interface. easy to operate. Simple & superb.,5,0
979,2019-08-01 16:22:28,nice ....very good service it provides...there all teams are best,5,0
980,2019-07-21 02:43:24,has to enter delivery location each time. why cant they save it.,3,0
981,2020-03-04 09:34:52,Stupid app customer service items are not delivered sometimes expired item received no compensation was given to me just repeatedly saying mail the issue mail the issue nothing happens..... I wish swiggy goes down forever,1,0
982,2022-06-06 16:37:12,"Day by day you guys are getting worst delivery partner's, it's not because of delivery guys.. You guys Hire them with cycle or yulu. If the delivery time is 10 minutes they take around 1 hour. We ordered from you guys to save time that's what we pay for, otherwise everyone would prefer resturant. This was my last order from the platform. Telling my whole family to uninstall.",1,0
983,2022-10-30 06:25:08,delivery charges and additional charges are very high update: - i ordered my food today at my office but your app selected the address of my home already when i logged the complaint with customer care (those who respond to you in years) said that your order will get delivered to your office address and then it got cancelled automatically plus they charged the food preparation fee from me as well such theifs,5,0
984,2021-05-03 14:44:10,Swiggy compare to zomato is best service m many time order try now every order late delivered no good help desk,1,0
985,2019-04-28 05:38:57,what happen i install the app and after that its want update,1,0
986,2021-08-27 14:56:50,Most worst service ...... they are not authentic ..... I have file a case in court against swiggy ..... multiple time they have been give me bad experience,1,0
987,2021-12-19 08:13:07,Worst app it is taking 1 hour to delever the food and not responding in the app,1,0
988,2019-02-21 01:59:07,Hey swiggy... 5 stars for your good services you always helped me to get my food of my choice whenever I am hungry...😁😁 much love to you ...❤,5,0
989,2021-10-24 13:32:43,"THE TIME JUST INCREASES FIRST IT WILL SHOW 30 MINUTES THEN 40 MINUTES THEN 45 MINUTES LIKE HUH? I ONCE ORDERED AT 11:00 AT NIGHT AND I RECIVED THE ORDER AT 1:00AM!!!! RIGHT NOW I ORDERED IT SHOWED 30 MINS AND NOW CHANGED TO 45 MINS WHAT AM I SUPPOSED TO DO? THE DELIVERY OF ZOMATO IS SO MUCH BETTER. EVERYTIME I ORDER FROM SWIGGY,I REGRET BECAUSE THE HUNGER IS GONE WHEN THE FOOD ARRIVES. Kindly fix your timings. We don't want to wait 2 hrs for food.",2,0
990,2023-03-05 04:15:47,"You guys are just pathetic, after hearing so many excuses and apologies i am just fedup of you guys, your customer service people just follow the script copy paste the same while chatting and i feel am talking to a robot, I have all the screenshots with me. You guys just keep changing ETA times as you wish and we customers just have to wait for the stale food to arrive and we pay for that. Is this your ethics?? Stop your false commitments ! You guys are another scam in a making..!!!",1,0
991,2019-10-19 16:58:31,No accountibity seems to be taken by swiggy. The Customer care support team are so rude while addressing the problems of customer.,1,0
992,2021-02-27 14:59:08,Nice food quality and quantity,5,0
993,2021-10-21 19:51:34,Getting the Food Delivered is an Absolute Nightmare. After 10 PM The food doesn't even arrive. The Customer Care Executives are Inexperienced and Subscribing ti gheir premium version is a waste of money.,1,0
994,2023-01-22 14:26:23,"Everytime when I ordered, took so much time, really disappointed",3,0
995,2019-12-03 16:48:19,Wonderful. Fantastic. i've a great experience with swiggy.,5,0
996,2023-06-10 17:59:49,"I have ordered the food at 8:20pm , swiggy made us wait for 2 hours. When we asked for refund, they said 500 fine will have to pay but it was not our fault. Then also we were waiting for delivery boy till 10:45 pm even we stay in hostel, we convinced the security guard to wait till 11pm. Then after waiting for almost 3 hrs they told that delivery is not possible. WORST SERVICE EVER I EXPERIENCED. Poor swiggy.",1,0
997,2019-03-27 08:18:16,I just want to say swiggy is developed well form past till now great job. I appreciate you all,5,1
998,2022-08-11 10:07:52,I am not being able to login to my account. The app does not show the next page after entering otp. Strange!!,1,1
999,2019-04-22 07:04:46,So many glitches in the App. First if all ot doesn't identify your current location on it's own when you open the app. Always have to to do it manually. Zomato is much better than this.,2,0
1000,2019-12-29 07:17:53,Nice app but a really pathetic service. They make you pay for food you didn't order and when you complain about it they are always unable to help,1,0
1001,2022-05-31 04:41:40,Nowadays quantity ordered is not correctly delivered. When we try to complain it says time expired(forgotten actual words). Some items are overpriced. For eg a bajji at hotel madhuram costs Rs 15 at restaurant but at swiggy it costs Rs 38 plus taxes,1,0
1002,2021-08-24 03:51:33,Swiggy us world's worst food app as they are not able to ptovide a proper food and if it us so then they just make fool of the customers and even tough they don't have enough support team for the customer for the customers and i will also suggest to never use this app as the dp are sometimes eat the food which is quite a clear view once the food is delivered ....!!!! Will never ever use swiggy app,1,0
1003,2022-10-01 15:12:46,Prices are too costly compare to restaurant price,2,0
1004,2023-01-23 15:06:23,"As i have upgraded to one ui 5, your app isn't working at all. The app is just crashing as soon as i open the app idk why please tech team try to fix it.",2,0
1005,2019-06-17 08:27:27,pathetic service. first they took 1hr but didn't deliver and then they cancelled my order. i paid money too but now it is useless,1,0
1006,2022-05-26 01:24:31,"I have wasted more than 3 hours on chat to get a reply to contact via email and after contacting via email we are sorry can't compensate. Just playing with your customers health. Poor quality food . Food was smelly and was not at all fresh. You should be ashamed of such customer service and the the level of restaurant you have in your app. First got the spoiled ,rotten old food, second got no assistance on help and support page third got no resolution shared the pictures of the food as well.",1,0
1007,2023-05-09 09:08:59,My number not otp . Past time oder clnce. Please help me,5,0
1008,2022-11-12 20:18:02,Swiggy stopped responding for food quality issues. Better stop delivering bad food.,3,0
1009,2019-07-14 07:55:34,very user friendly and very transparent,5,0
1010,2023-07-15 08:54:33,but gives changes when ordar any meel box,2,0
1011,2020-08-04 14:00:11,Delivery is very late each an every time,1,0
1012,2021-09-12 08:42:58,"Well it gives an excellent service in my hometown,but when am out in some metropolitan city the order sometimes takes about an hour to be delivered. Should improve for that",3,0
1013,2021-09-12 18:08:41,Sir .....everything is perfect abt swiggy....apart from fake coupons...first order 50%off is fake,3,0
1014,2019-06-28 17:32:30,"completely unprofessional, worst experience ever had. first said due to spillage we replace ur order and then they cancel the order nd afterward not even a feedback call receiver from their end",1,0
1015,2022-12-10 15:57:06,"After 5 years i have to decided to get over from this Fraud app, now last couple of days they intentionally delivering half order or wrong order so you have to again reorder and spend unnecessary your money and waste food. Bcz they won't accept spoiled or wrong order to reissue and always suggest refund so you again reorder with minimum order value. Unethically and in a monopolistic way they are now treating their swiggy one member. Even after membership we end up paying more money for same item",1,2
1016,2021-10-09 14:23:55,Worst response.... There is no response and customer service is very poor.... No rply for customer complaints...,1,0
1017,2021-02-01 05:17:12,"Pathetic delivery service, they say 30 mins and take 50 . Never on time delivery",1,0
1018,2022-10-05 15:10:10,"Firstly, I don't know why but this app take a lot of time to load on my airtel wifi. Everything becomes slow. It works well on other networks. My wifi isn't slow, it's better than my mobile networks but just doesn't work on Swiggy. Secondly, it would be very helpful if you can add a notify button for the restaurants that are currently unavailable. The app could notify once those restaurants are available.",4,358
1019,2021-12-31 19:15:02,The refund amount calculation is unfair and incorrect. This is not acceptable if you are charging for the items which are missing and not been delivered. Received illogical answers from the support team when tried for the refund. They just said this is what we can do. Not acceptable service.,1,16
1020,2020-02-10 07:09:16,Worst experience delivery executives dont check if they have recieved the whole order from the restaurant .Everytime one or the other item is missing from what i have ordered..and the customer care guys dont even make an effort to send the missing item or initiate the payment..All they do is ask us to send a mail and the reply they give is sorry for the experience we cant do anything about this situation..pathetic service..zomato is much much better in every aspect..uninstalling swiggy right now,1,0
1021,2023-07-19 15:37:46,Worst customer care service even took away the talk to executive option in this regard Zomato is far ahead,1,0
1022,2022-06-09 08:30:53,Your app and cancellation policy are stupid af. Orders are not accepted by restaurant due to technical issues. But order placed from same restaurant on another account was accepted and delivered. Order was cancelled without intimation and refunded. Delivery partner was assigned and also confirmed he can deliver it. Trusting Swiggy for delivering orders is same as fasting.,1,3
1023,2021-10-31 19:27:03,"I had ordered Paneer Biryani from Behrouz Biryani, and got meat biryani. I am a vegetarian. At first I thought you guys had forgot to put paneer, but then I realised after I had half of it that it's meat; I had also shared a bit with my mom as well. I hope you guys are really happy. You ruined my entire day. I don't know if it's Swiggy's mistake or Behrouz's. I'm putting the same review there as well. When I asked all you could do was give some dumb ""coupon"". You fed meat to a pure veg.",1,0
1024,2019-11-14 14:22:00,Only selected banks are available for payment via netbanking. It might be good if they offered various choices for more banks because i have to pay by cod just because the bank in which i have my netbanking account was not available in the options.,2,0
1025,2023-05-07 06:55:20,I have face to time difficulties in my order The first time delivery boy did not turn back with my order and 2 times myself pick my parcel from KFC over all its okay,3,0
1026,2020-01-06 18:03:04,Best in category app. BigThumbs up. Although has stopped refunding the money unlike earlier when bad food (from the restaurants ) is delivered.,4,0
1027,2020-04-16 03:53:48,Superfast service. Good restaurant tie-ups. It's been a pleasure ordering from them. Live tracking of food is another star feature!,5,0
1028,2020-01-11 15:10:55,Difficult to navigate from new destinations,2,0
1029,2021-09-19 15:39:37,Very happy with the experience...app is user friendly. Deliveries are in time...have wide range of restaurants...overall good,4,0
1030,2018-11-21 14:40:39,Love that 50% on first 5 orders it should extend . ❤,5,0
1031,2022-07-16 18:20:52,The best app which makes life easier. They give discount codes which is awesome:).I don't know about negative reviews but i never experienced any order delay or payment decline.No delivery executive would want to deliver order late on purpose in order to get a 1 star review.Your package might be delayed at hotel or the Roads may not be good or some other reasons.You have to understand.Gotta agree their customer service is the best! they resolve issue within no time. totally satisfied with swiggy,5,0
1032,2021-10-31 15:08:04,Doesnt let you change the number while ordering. Difficult to communicate with the delivery partner.,1,0
1033,2021-01-13 03:31:49,Great deals but crashing a lot,3,0
1034,2022-05-03 19:30:11,"Worst customer service experience. The agent talked like a bot. Kept replying without reading my texts with same response, it is like talking to a wall. Such disregard and such a disrespectful experience. Swearing off this app.",1,0
1035,2019-11-03 14:50:21,"unprofession behavior on end of both customer service and delivery guys , after having me wait for 90 minutes the guy came with wrong order , refusing to go back and get the right one , customer care guy asking to cancel the order and order from another restaurant .",1,0
1036,2023-02-05 08:57:59,easy to get food and delivery is also coming in time,5,0
1037,2020-02-12 08:14:03,"Same mistake of items missing happened twice in a row and second time no one was there to answer to my complain, if there was a option of half a star would have given that",1,11
1038,2019-09-13 17:31:27,Not good delivery charges are there,1,0
1039,2021-12-12 05:25:05,Best food delivery in app,5,0
1040,2021-10-21 05:34:28,"#rejectswiggy swiggy kitchen is bad concept. Quality of food is bad and I hate to order through swiggy, instead i feel I can go and get it myself from restaurant",1,0
1041,2018-10-13 09:53:08,"May be much better. It delivers food very timely, refund process is good. The tax that are levied create the price much higher even the offers are useless after application of tax, no other platform uses this method, can improve on that because food at other platforms is cheaper due to absence of tax.",3,0
1042,2019-10-17 13:44:16,Try fixing your Cod option asap. Thanks.,2,0
1043,2021-07-12 16:46:24,"Very worst app,This app has mainly 2 major problem 1.swiggy is showing wrong delivery location because of this problem the delivery agent and coustamer is facing so many problems to recieve the delivery.2.swiggy is having very less delivery agents because of this the delivery time is very late upto 1 hour I didn't get my order.Iam very disappointed with this app.",1,3
1044,2020-03-29 16:08:32,Very good but late delivery,3,0
1045,2020-10-02 04:49:41,very good food delivery service from resturant... thank you for starting services of pick anything ( laundry/lunchbox/documents/stationary etc) ..much needed..looking forward to use this new service...,4,0
1046,2019-11-05 15:33:46,Plz improve location detection. It shows away from my place and every time i have to go other place to pickup parcel. If this problem not solve then i have to uninstalled app.other wise good appp.,4,1
1047,2023-04-03 10:13:48,Swiggy is the worst service provider in food delivery. I am not at all satisfied with the service provided to me,1,0
1048,2019-10-31 16:21:31,Very very bad service provide,1,0
1049,2023-05-30 05:05:09,Worst online food delivery app i ever seen,1,0
1050,2021-05-15 15:07:49,Better customer service is required. Poor quality customer service and equally poor experience with delivery partner and delivery time and quality. Not once but multiple times.,1,0
1051,2021-07-22 11:36:25,Location is not picking properly,2,0
1052,2019-08-01 13:48:32,offers are good.. reliable.. and reasonable... easy access,4,0
1053,2019-09-29 15:27:41,This app I totally a waste of money and Time please don't install this app this is my suggestion,1,0
1054,2019-11-17 12:57:34,Really i think that best app is this because yeaterday my mom was having fever and there was no one to make something for us so we used it,5,0
1055,2021-05-26 09:59:24,Go for it... it's the best online food order app.. compared to other app👍😊❤️,5,0
1056,2021-03-03 17:22:41,Very fast delivery and superb app,5,0
1057,2021-05-05 06:25:52,Too good n very useful in this critical time,5,0
1058,2020-09-29 08:44:21,Very good & awesome app delivery is very good & food is also good,5,0
1059,2020-08-22 05:14:26,"Have lost its dominance in my city, takes way too much time... And cancel order to many times due to mismanagement",3,0
1060,2023-03-08 08:39:22,Better use Zomato. All are scammers here. I don't know how do they even convince shop owners for partnership,1,0
1061,2019-08-07 18:32:24,Time saving and in emergency its very useful.,5,0
1062,2021-10-02 18:17:37,"Refunds big issue in your side always in any question or any ups and down but your executive never support, they always taking restaurant side",5,0
1063,2021-11-26 07:56:17,"Swiggy One is not an Upgrade! My previous Swiggy Unlimited offered me free delivery for any order above Rs. 149 and that is why I paid the heavy subscription fee. Now with Swiggy One, you have made free delivery as a feature for few restaurants that are basically walking diatance to me. What is the incentive that I get when I paid fpr swiggy unlimited then, if I'm going to py for delivery charges. Your restaurant offers basically worthless now.",2,2
1064,2021-12-25 08:07:40,Im really disappointed with this aap it's not taking the address which I'm manually typing which made me very sad which I can't surprise my brother,2,0
1065,2020-01-27 16:41:28,"App is designed perfectly, but offers are not relevant to my account.",4,0
1066,2019-11-10 09:26:21,"Umm its great but the taxes are high so i kind of prefer going out and having my meal but its great for family get-together orders and hurry up ordering , overall i will give it a 4 on 5",4,0
1067,2019-11-27 14:22:09,Listed good retaurants...on time delivery,5,0
1068,2023-06-10 15:14:31,All menu is inflated by 20 to 25% as per outlet brand value. Swiggy is cheating customer by overcharging the menu in name of delivery app. INDIAN CUSTOMER IS CHEATED. PLS. REVIEW,1,0
1069,2020-08-12 11:41:07,"My delivery address and mobile no. , Google map location is correct but my oder is not delivered to me. Swiggy Directly only one cancellation message and no other call or messages. Swiggy give me oder cancellation reason delivery boy can not tech you.So why do you take this address and location . And not refund me",1,0
1070,2022-05-22 16:31:31,"Pathetic service, recently i have missed the order that swiggy person cald me twice and third time i tried calling em he did not pickup but on app i was charged for missing the order its ok but today i have ordered the food from swiggy and its been an hour i did not recieved the order i spoke to that raider he said his bike got punctured he was trying for alternate pickup from swiggy but cc team is not responding.lately your cc asked to cancel now you ppl tell me how much penalty i should get?",1,0
1071,2021-07-06 12:03:02,"app good ,service is very bad. time not follow.",1,0
1072,2020-11-18 14:35:43,Awesome service👌 but the App should automatically apply for best discount available at least the ones offered by Swiggy directly. I missed out on the discount last time I ordered because it was hidden.,4,0
1073,2023-04-30 17:20:35,The worst experience with coustmer care and delivery takes to much time assigning delivery partner taking 1 or 2 hour when you cancel the order they cut full amount as cancellation fee,1,0
1074,2021-02-07 09:33:56,If chage the delivery location after the order placed is possible it's quite good. Even between home or office.,5,0
1075,2018-09-23 16:07:51,App saying your location is not appropriate Wth !!!!!,1,0
1076,2021-01-08 13:25:12,Patheic expirence with delivery. The riders have no manners n unprofessional.,1,0
1077,2019-07-14 09:10:25,worst tie-ups.. i have taken super this month and its been just 14 days.. 3 times my order has been cancelled.. 2 times items are missing from the order . and they just don't even care.. they don't give option to call.. chatting is the only option.. and when we chat they give the stupid compensation which is worth less then the add ons...,1,0
1078,2020-10-16 09:25:10,The app keeps on telling me that login session has expired. When I try to login with my number (i already have an account with this number for more than an year now) it takes me to sign up page and there it tells me that the number is already in use. Its like a circle with no way out. How do you want me to order food? Pathetic app...,1,302
1079,2019-08-11 14:21:31,Swiggy cancelled my open order after I paid money I am so unhappy about it.. Swiggy u need to update information if resturant is not delivering food... After I pay then u cancel my order is absolutely ridiculous... Uninstalled the app now.. Will not order anymore... 1 less customer for u,1,0
1080,2020-03-02 08:14:26,Not good they cancelled offer coupon after telling that there was no ordered food,1,0
1081,2018-12-30 14:20:21,Totally disappointing .I have used only coupon once and all my 50 percent off coupons vanished . I have not expect this from swiggy,2,0
1082,2019-12-18 16:40:08,When i want to apply a food coupon it fails to receive order... pathetic,2,0
1083,2022-10-08 20:02:01,"They are the worst food delivery app. My 500 rs wasted , I've ordered food 2 time and delivery partner decline to deliver it and app cancelled my order and took my money.",1,1
1084,2023-07-20 14:58:51,"Unable to update picture of wrong item delivered.... can't even talk to a agent before that.... extremely frustrating experience, even after being a swiggy one customer! Is this your priority customer experience?",1,0
1085,2021-05-07 14:09:51,I am impressed by the overall swiggy performance . Mistakenly charged the cancellation fee but gave back the money . I didn't saw any dishonesty on their behalf . Really liked their openess,5,0
1086,2022-01-09 13:42:58,Most of time my order got delayed and I would not recommend swiggy anymore to anyone,1,0
1087,2020-11-05 14:19:45,"Worst experience with sahana veg hotel kolar... I ordered at 6 pm, they delivered at 8 pm.... Worst delivery services... I will never order in future.",1,0
1088,2021-04-08 16:43:50,very slow delivery process zomato is better than this.,2,0
1089,2019-06-02 17:19:17,worst app during rainy season. server is useless.,1,0
1090,2020-09-20 15:08:21,"I ordered combo pack, first of all delivery was delayed and after waiting for a long time for parcel, items were missing, Connected with support, solution was not at all satisfactory, they were offering me coupon. Coupons are scam, i have to make another order with conditions like minimum order cost, etc. Very disappointed.",1,0
1091,2019-08-03 14:49:19,superb before Time given food was dilivared,5,0
1092,2019-09-17 12:12:27,Coupon does not exist then why are you showing it.,3,0
1093,2022-05-29 08:22:35,"Very bad service. Pls don't order any thing from swiggy. U have to face lot of issue like. U have to eat what they sent not for what u have ordered. If u complaint they will not call u they will only chat and ur issue will not be solved. Pls respect ur self and ur money for what u have ordered to eat, not what they have sent. Pls don't encourage this type uninstall the application and teach them a lesson.",1,0
1094,2019-09-16 04:11:29,Varieties of food according to your test are available. Good service and great experience. Thanks swiggy,5,0
1095,2019-12-06 16:00:18,Food yet to be delivered. App is fantastic,5,0
1096,2019-12-04 15:53:31,This app is best for food and delivery is so fast,5,0
1097,2019-11-30 13:03:46,They don't provide good customer support service on mail processes,1,0
1098,2021-08-21 10:26:05,"I've been a loyal customer of Swiggy for years now but the recent changes to the Super Binge plan has left me really annoyed. First, most of the regular discount coupons were removed and could be gotten only through Play and win game after placing an order. That was working fine till 2 weeks ago, when suddenly the probability of scoring a discount coupon went down from 8/10 times to ZERO. We are paying so much for a Binge plan yet the customer experience is still lacking. Really disappointed.",1,173
1099,2019-03-06 08:11:17,we are not able to call delivery executive ..it does not connect.. please rectify the problem.,1,0
1100,2019-11-14 08:37:21,Supar........very nice app swiggy Good job ................,5,0
1101,2019-10-11 15:38:13,"""Deficiency in service"" Highly Dissatisfied with delivery and customer support. Its been an hour ,I had placed an order, yet have not recieved it . Customer support has been in touch since 8.19PM until now. I asked them to arrange a callback , which shall be by tomorrow morning. So I have NO FOOD , NO COMPENSATION , NO QUICK RESPONSE, but A CALL for which i have to wait until Tomorrow. Willing to post a snapshot of the conversation...",1,0
1102,2018-10-03 07:21:08,The service is just awesome.,5,0
1103,2021-02-02 15:01:30,Restaurant options are limited and the delivery service has degraded in the last few months. It's better to switch to ZOMATO,1,0
1104,2021-10-05 14:34:04,I like the cancellation policy which comes after the new update. The app is faster as compare to other apps. But there is a problem that the app cannot navigate my house properly.,4,1
1105,2022-07-16 13:17:21,"This app needs to be optimized for big tablets.. ,",2,0
1106,2020-09-07 13:34:25,Good service n easy to search dishes,4,0
1107,2022-11-10 16:26:41,Don't even download this app I had ordered my pizza from lapinoz 2 hours ago and they did not even respond well.... Furthermore the delivery boy did not received a call he also had picked up my order.....,1,0
1108,2020-08-14 09:34:57,There is a problem with cancellation and fee is too high,3,0
1109,2020-11-28 10:02:31,They change the vallet every second and dont take action of the missing dishes,1,0
1110,2023-03-07 08:04:32,"Order something got something else, horrible experience",1,0
1111,2020-07-29 08:17:34,"Offers were only given at the beginning, now we pay additional fees for distances and delivery.",1,1
1112,2020-03-07 05:50:31,There are restaurants who are not upto the mark with delivery time. Swiggy should be very careful with who they are dealing with.,3,0
1113,2021-01-25 17:13:46,Order placed for almost an hour and still shows food is being prepared.... !!,1,0
1114,2019-03-02 11:34:43,most of the hotels are showing which is near to me but it is showing on my friends phone and we are in same location.I asked on many time in swiggy chat but they say install again the app .I had tryed that also but it was showing just 30 to 40 hotels for my friends phone it showing more than 140 to 150.I don't know why they were doing like this .show please make the problem to the mind .Otherwise most of the customer will left your app .I think so you should this problem,3,0
1115,2021-09-05 07:45:14,Loading duration is too high within that time I can check necessary details and pay the order in Zomato app,3,0
1116,2018-12-24 13:03:38,worst service experience...never share real time ... always delivery come late,2,0
1117,2021-09-22 09:10:25,"Love it. Also, the genie service is quite underrated!",5,0
1118,2023-07-02 09:38:54,You deserve negative rating for looting people's money,1,0
1119,2022-11-07 16:09:24,The swiggy people keep increasing the prices. Better to your other food app as Swiggy have been fooling the people.,1,0
1120,2023-01-29 17:44:23,Worst service ever ... Delivery partners didn't respond properly 🤮🤮,1,0
1121,2020-10-18 10:13:32,"Bad experience with special instructions. No hotel will follow , nor do delivery guy will look in order what to pick up ? Swiggy should fix it.",1,1
1122,2022-04-18 16:20:44,The food is good but not good in punctual time it sa dilvery in 11 minutes but then say delver in 13 minutes then sa 10 minutes then it also sa 12 minutes it do these thing 5-6 time,1,1
1123,2021-12-05 16:24:08,I had gone for offer B1G1 free. I had paid for one month and after 4 days they have stopped that offer and now they are not refunding back money You pay back money or adjust money with other offers which they are not doing,1,0
1124,2022-03-29 11:23:38,Food items prices are doubled. Surpisingly there are extra packing charges too. Swiggy being such a big and trustworthy company should actually verify the price of food item being sold by the hotel owner as the hotel owners are 'upcharging' to double its price or even more. We end up paying huge amounts towards food which are worth less than half of the price when bought directly from the hotel.,1,1
1125,2023-04-20 08:17:45,Customer service support is so good,5,0
1126,2019-09-13 07:17:27,nice service all over .. best app ❤,5,0
1127,2019-10-05 14:26:25,Worst app! I haven't received my orders many times even though screen shows order delivered!,1,0
1128,2020-11-28 18:03:51,This app is too late order delivery,1,0
1129,2022-04-05 15:05:23,"Used to be good, but the issues plaguing it: *Deliveries delayed consistently (due to riders being assigned late) *Orders are cancelled 1-2 hours after placing them with a verbal notification further delayed by 30 minutes. *Wrong items are delivered with alarming regularity with a apology or paltry coupon given. *Raw, improperly cooked or packed food delivered is a similar story. *Riders sometime wander off in completely wrong directions with no response. Hassle if you're entertaining guests.",2,0
1130,2023-02-13 19:15:23,Such a waste delivery app.... keeping out the cod option and not delivering properly on time.... please never use this again,1,1
1131,2019-05-13 12:32:16,"So far I have preferred it over every other similar apps available. But not anymore. Swiggy is cheating customers by showing offers such as SwiggyIt, which says the customer will get upto 50% off. But the max amount that can be discounted from the order is never that much. They just show big discounts to make you order from this app. Also the delivery charge will automatically increase when you redirect to payment gateway and will be shown lesser on the bill and extra amount wont be refunded.",1,1
1132,2019-03-20 06:10:38,every time they cant conform thd order or payment its comes like ooph something went wrong since two months,1,0
1133,2019-09-05 16:16:31,Good service and tasty food on the delivery 👍,5,0
1134,2019-07-30 04:39:29,Its very good for jobless graduates.,5,0
1135,2019-05-12 16:57:35,order got cancelled automatically . you initiated the refund and charged the refund charges from me.... pathetic,1,0
1136,2021-03-11 15:37:09,Its helping people at all ages irrespective of the billing value which we buy.. It helps most of working people from home..who doesn't have time to cook at most important office schedule days ..Thanks to Swiggy,5,0
1137,2019-11-09 16:39:10,Even on self pickup the partner restaurants are not adhering to the promised timeline. The delay is too much most of the time.,2,0
1138,2019-10-24 15:22:14,Very poor help from customer service.,1,0
1139,2022-09-04 15:46:18,"delivery service is worse. food was ready but delivery boy was 10 minutes away from restaurant and moreover that they cut money also for order cancellation. this happened second time. It was horrible and customer support, they are worst first they said that they will refund money after cancellation but than they said that it will charge full payment of my order. Give my money back. I am recommending everyone not to use swiggy. Worst",1,2
1140,2022-01-12 05:39:47,"Worst application.. dont waste time.. they will take premium fee of 400 rs and after that they will close delivery from your account.. never order food .. and there back office service is really pathetic.. they all will say you same line ""this will not repeat again"" and then too no solution for your any complaint.",1,1
1141,2020-11-21 15:28:53,"I love swiggy for the only reason.... it is not Zomato 😆😆😆 On a serious note.... very good service, love it. Stopped using other food delivery apps",5,0
1142,2019-11-05 15:02:23,Half the time transactions are failing but money gets deducted. And I cannot apply the coupon now because you cannot somehow understand that the payment failed from your side while the coupon can be used once per transaction in 2 hours. This happened to me many a times so far in past 2 years. Never know when this coupon and transaction issue can be fixed,2,24
1143,2023-03-29 16:02:06,"Delivery Time is too Late even in the radius of 5 km, which shall take only 10 mins .",3,0
1144,2023-06-10 18:02:14,"Whenever they fail to diliver their order, then they ask us to cancel it.",1,0
1145,2021-06-14 15:31:39,I use Swiggy extensively and am really happy with their services. Reliable on-time delivery and awesome customer support experience. Thank you!,5,0
1146,2020-01-09 08:37:32,Very bad service it's really bad do waste time hear,1,0
1147,2020-07-18 05:54:34,I need more improvement......such as good packaging and fast delivery and perfect gps tracking of the delivery boy.....,3,2
1148,2019-10-18 07:33:43,For one of my order I've been charged cancellation fees 200 and i was not able to reach the restaurant hence cancelled. But the customer support team told that they cannot reverse the cancellation fees. The mistake is from restaurant side and your charging cancellation fees for me. Not fare worst service worst customer support.,1,0
1149,2021-09-21 16:17:13,Late delivery service provider. I have give order at 20.54 and it has been delivered at 22.00,1,0
1150,2023-01-17 14:48:42,It's been a repetitive thing from them that they don't just deliver what I order. Sometimes they refund and sometimes they don't. I cannot digest the fact that they do it so unapologetically and frequently. How come they don't replace or refund if they delivered something else? What's the point of choosing my food if you are deciding what I have to eat at the end? Uninstalling the app and giving negative review. That's all I can do it seems.,1,0
1151,2020-07-24 13:51:55,"This app is giving better service than others , as in this covid scenario other app is not delivering to my flat but swiggy is giving door step service.",5,0
1152,2020-07-27 08:17:55,"The restaurant contact given for Samco chennai is outdated one... Unable to contact after my order about 15 min no action found from restaurant, if I am try with help support I am unable to sms what is my query.. All are predetermined answers there is no option for me to express.. Need to check by swiggy before issuing contact details.",3,0
1153,2020-05-26 16:11:34,I'm giving 2 stars because some restaurants after ordering the food they say the items to make the foods are insufficient. There should be an option to turns off the foods it there is any scarcity of items to cook them. And if I contact support they say they cannot refund the full price,2,0
1154,2019-11-07 12:48:19,This is a great app..much better than zomato as it charges much less and their offers are great.!,5,0
1155,2023-07-16 04:04:35,on time delivery with quality,5,0
1156,2019-08-09 14:11:28,it is a very good app with fast delivery and such more thing,5,0
1157,2018-11-25 12:07:44,thr is showing only online payment no option for COD.,1,0
1158,2020-01-06 14:58:35,The delivery man doesn't have change at all and we have to waste our money always have to waste it ..........not satisfied with swiggy,2,0
1159,2019-01-07 12:05:54,Service from u all is worst... i havent recieved my order but then also its shows that i got my order delievered... ur delievry boy dosent picks up the call... put my number in blacklist im going to unistall this app and never recomend any one...,1,0
1160,2022-03-06 15:23:09,Taken more than 1hour time to deliver the order bad experience,1,0
1161,2022-03-25 13:58:43,Good service. Keep up good work,5,0
1162,2020-08-08 03:32:31,Worst app plz dont download better go to zomato ...i have been ordered three orders from this swiggy and amount as been debited from my UPI ID but order as not been placed so still now i did't get my refund so plz give money back dont cheat and earn through this way ..plz plz give my refund.. As per your request i have emaild you plz check it and respond fast hey i have eamiled you plz respond fast,1,0
1163,2019-05-16 14:46:57,Unable to even download the app. it has downloaded only 11.05 MB and is stuck there. Total is only 11.29 MB Installing....since past 10 minutes,3,0
1164,2019-08-10 09:42:10,No tracking of order. Prices changed a lot from actual prices. Restaurants charging packing charges without proper packing.,1,0
1165,2023-02-13 18:22:53,Eest na West swiggy is best,5,0
1166,2022-10-18 18:06:04,"Totally sluggish and third class service , making fool for food service, my suggestion is order directly to restaurant and some local rider or uber rider to pick up your order.i am deleting this app",1,0
1167,2019-09-08 11:04:31,3rd Class delivery Don't use this application I'll Order Food on Domino's Almost 1 hours going on But my order not delivered to me Very poor service Very poor service office #Swiggy,1,0
1168,2019-01-17 15:42:27,Nice app.But need more offers,4,0
1169,2019-12-29 07:47:48,A good app for ordering food,5,0
1170,2022-01-09 06:50:12,Currently I attempted an order through swiggy but it suggested currently not receiving order against every product and from every restaurant I tried. Meanwhile I tried the same from Zomato and fortunately I succeed. What's this swiggy? There is partial lockdown in city and you are misguiding the customer! Should I uninstall the app or will you say something??,1,0
1171,2023-04-15 14:17:17,useless app..does not work well..could not login,1,0
1172,2021-05-23 13:57:37,"Sir , my transaction had been failed. The amount to be paid was debited from my bank account. Will be Happy..if you refund it earlier than the given day.",4,0
1173,2019-09-19 14:53:31,Very fast and easy...love the service,5,0
1174,2022-05-11 03:27:14,"This is a matured app, so it's very high time that the user experience goes beyond the promised utility. I was kinda a hurry and ordered breakfast from a restaurant near by. The order actually got placed on a restaurant by the same name some 6-7 kms away. Luckily for me, there wasn't much delay, though I had to pay extra delivery charges, but that's not the point here. This just shows how the regular user doesn't figure anywhere on the drawing boards of the developers of this app. Shabby work.",1,3
1175,2021-03-28 09:03:16,"Service has become worst, never use swiggy",1,0
1176,2019-02-06 12:14:10,Keep Swiggying guys!! Great Food Great Life!,5,0
1177,2021-01-05 18:14:05,"Quick and easy process, good UI and Good offers make for a great experience.",5,0
1178,2019-06-16 14:08:54,"not satisfied with your customer care service. there is no phone to register your complain. There is a chat system which time wasting process. I had a complain when delivery boy didn't deliver my order. After this I made a complain with customer executive jawed. He was replying very late and he said sorry for delayed response. In the end he closed the chat by blaming me to delayed response. But in reality he was responding delay. It was very irritating, disappointing...",1,0
1179,2022-01-28 05:10:53,"Good Taste , good portions , worth the money",4,0
1180,2019-11-09 03:25:09,Worst app ever they keep robbing the money and never return they automatically cancel the coupon discount and take money idiotic app ever money robbers it happened to me twice,3,0
1181,2020-11-28 08:03:45,Worst app because of live tracking. Always delayed response.,3,0
1182,2020-12-11 10:41:18,I like the app but the only drawback is the portion size is pretty bad as compared to the price charged. Certain orders are like teeny tiny portion size. As for the speed of delivery is pretty good.,3,2
1183,2023-03-20 18:16:15,Worst website and their employees were delivered torn items or used items.,1,0
1184,2021-05-10 04:02:51,It is too cumbersome to place order. Asking hundred questions & making customers loose hopes,3,0
1185,2021-07-13 16:43:01,"Worst service ever experienced. Should have simply gone with zomato and placed the order. After an hour of frustration still order wasn't delivered , I had to cancel the order and place a new one on zomato.",1,0
1186,2019-08-10 15:35:52,great customer's service experience,5,0
1187,2019-08-02 07:42:26,food delivery very slow.... takes lot of time... food gets coldol most of the times.. needs to improve delivery time !,2,1
1188,2019-11-29 15:46:11,Recently everything on the app takes long to load. Might as well finish cooking in that time.,1,3
1189,2018-12-04 15:06:56,The best food delivery app you can ever have.💕,5,0
1190,2019-05-27 09:01:48,"guys, i have a problem with this app because the place where i live, swiggy doesn't come... so pls help us..",3,0
1191,2022-04-14 08:55:51,Good service and experience is also good #goodworkbyswiggy,5,0
1192,2018-12-29 15:47:55,Very good service....I am very much satisfied with the services offered by swiggy.....But one PROBLEM is that you can not edit your address....,4,1
1193,2023-07-11 06:07:15,"2 wrong items in a week, I've sent the photo of wrong delivery and they didn't accept and closed the chat..very unprofessional and unorganized",1,0
1194,2021-07-20 15:11:58,Nice app for food ordering 👍,5,0
1195,2022-07-07 10:12:08,at times offers are really not working.,3,0
1196,2022-04-24 07:00:50,Best App for ordering online food provider app in class👍 Just improve on Menu Section to add description of each dish what and how it's made from. it is more helpful to food lover like us to order and enjoy new food recipe.,4,0
1197,2021-08-21 06:12:52,Worst experience ever bloody robbers half of my order was missing gonna uninstall the app,1,0
1198,2023-01-16 17:07:40,"Worst service. Wrong items delivered and if tried to complain, customer have to wait for 24 hours to get a call from agent.they won't even respond to the complaint. Just a computer will give you prepared answers for every issue. No word of refund. Charging too must cost than offline. Delivery charges and packing charges raised a lot. Inspite of these heavy charges it will take hours to deliver. After so much waiting we Customer will get worst food with wrong missed items. Wont reccomed swiggy",1,3
1199,2022-04-20 12:25:41,"love the app, can improve on the product content aspect",4,0
1200,2021-05-29 16:51:37,I have to ask whether the takeaway option is available on swiggy app in mumbai I have chat with the customer support they temself is telling to uninstall the app and I can't upload the photos,2,0
1201,2018-10-02 17:38:41,My feed never come. I won't suggest this app to anyone. Also i won't use this in future.,1,0
1202,2021-05-08 16:56:16,Pathetic customer service. Abhishek (customer service chat support person) when u deny to take 59 rs n ask to pass it to the superiors keep playing around by using the macro I have initiated the chat. But the chat was not transferred. When I said let me post on Facebook n libkledn he said he will share the feedback😁😁😁what feedback he will share. I was complaining. Moreover he had time to use profanity macro . Nuts n pathetic,2,2
1203,2021-10-17 15:15:11,Please add order instructions it is really helpful,4,0
1204,2023-02-26 07:38:31,Most of the time when you want to order something they remain close or don't want to take orders ..is ordering thali at 1:05 pm is the correct time to order lunch or I should wait till 6:00pm for my lunch ... something needs to change swiggy,1,0
1205,2023-05-25 10:44:13,"1.When we add something not coastly items like 200 but when we see in checkout it shows 400,2. And package quality is not good,3. Oder takes long time, 4. Not getting refund.",1,0
1206,2019-12-31 13:34:36,Nice sevice & delivered on time & every information neat clean.,2,0
1207,2019-11-07 14:59:12,your delivery excutive was not polite and he did cancel my order by saying that he ll not come to my place for delivery very bad service i was not expecting this from swiggy,1,0
1208,2023-07-12 04:03:26,it's good and use full 😅😅,4,0
1209,2021-04-23 15:28:22,Delivery boy refuse to come at home as he says that GPS showing only the location 500 mtr away from my home I already mentioned my details clearly And he also say that your order Will be rejected if no collect it from him within 5 minits This is very bad,3,0
1210,2019-07-21 14:25:44,only in starting it have good offer ...plz countinue keeep giving best offers..,5,0
1211,2023-04-22 12:29:19,delivery is very restricted,4,0
1212,2021-05-08 04:56:28,Better and best than other food delivery companies,5,0
1213,2018-11-23 12:27:13,A good service for food lovers,3,0
1214,2021-01-10 14:52:45,I ordered some grocery items with swiggy genie. I didnt receive the items as the store was closed. But they charged cancellation fee from me. I didnt cancell the order and they are charging cancellation fee from me. It's so unfair,1,0
1215,2023-03-16 19:45:12,If there would be an option for zero then swiggy obviously deserves it because they are always late and I'm using this app because my schedule is very tight. I don't get time to cook otherwise ordering from swiggy is a torture.,1,1
1216,2021-04-10 14:03:46,Worst experience!! There is no way of getting help!! It's a bot only which chats everytime. Don't ever dare to use,1,0
1217,2019-05-12 04:10:37,please don't buy anything from swiggy its just cheating customers..and they don't give the refund..i ordered from swiggy did not receive the food but they showing as ordered delivered and the customer care does not respond..its just waste app please be safe ordering from this app and don't risk,1,0
1218,2021-04-14 14:09:41,"Always delayed delivery from top restuarants with a stupid excuse that there is always too rush, and moreover executives working are very lame and slow.. Food delivery business is not easy to execute specially operations..",2,0
1219,2019-08-14 19:22:33,i didnt had the option to give you negative stars.You guys have rubbish delivery standards.You just make fools out of innocent people.You take deliveries and then forget to deliver them.Once or twice its a mistake but if you do it multiple times then thats your nature of business.I wish i could post a picture along with my review.Shame on you guys as you keep us starving and i am forced to write this at one in the morning.,1,0
1220,2021-11-16 07:12:55,The service is somewhat effective but the prices shown on ths app and the discounts advertised are all exclusive of taxes. You order something which is shown as cheap but when you place your order it adds upto 20 to 35 percent of tax. It absolutely renders the coupons and discounts useless. This is a very big company but maybe it should stop deceiving people for money.,2,129
1221,2019-08-14 12:07:38,this app are like a zomato and i don't like it.,2,0
1222,2020-01-25 15:03:06,Very good service for all,5,0
1223,2021-03-21 11:34:08,This is very good service for me. But sometimes their delivery is to slow and I will disappointed 😞😞😞,3,0
1224,2019-08-10 10:32:59,worst service... giving invalid reason and cancelling order...,1,0
1225,2022-01-08 16:31:56,"After paying the amount again app navigated to phone pe screen to provide creds.... Team Please look into such issue. If you provide rating for each product it could be more user friendly Thanking you, Praveen Nethi",3,0
1226,2021-08-03 06:10:30,Customer care service great and helpful,5,0
1227,2019-03-07 14:40:58,Why don't you have an option for users to get in touch in case the order gets delayed??,3,1
1228,2020-11-05 15:05:44,"The worst thing is delivery. THE WORST. They show it will take 27 mins to reach, and it comes after 1 hour. This is really frustrating. Not going to use swiggy anymore.",2,0
1229,2023-05-26 02:45:22,"Customer support is bogus. I received tapered item without cover, no resolution has been given. Even after writing mail, no proper resolution they have given. 3rd class service in comparison to bigbasket & blinkit. Highly non recommendation.",1,0
1230,2023-02-26 06:23:39,Too much over priced from restaurant's actual food price. Above that they take Delivary charges too much. Then govt add gst on it . A 90 rs biriyani become 170 when it reach to the customer. It becomes double the price of the actual price. Literally looting people . If there is a option of zero star I will give that,1,0
1231,2023-06-13 11:13:39,order 50is love Great UI Better experience,5,0
1232,2020-09-24 08:01:43,Seems like swiggy is going to close their business. There are only few options in comparison to other apps,2,0
1233,2021-06-10 10:29:21,Taxes charge more than items,1,0
1234,2023-05-16 19:39:24,Would have given -1000 stars if I could. Facing order delays everytime I order something.,1,0
1235,2018-12-07 16:16:34,The map way and location must be Strong,3,0
1236,2021-10-06 16:56:24,"No one should make cash payments online. If they make an online payment, the deliveryboy location will be canceled without contacting them and they will get the full amount and will not be refunded.",1,0
1237,2019-10-11 08:38:45,Good and timely delivery. But the delivery is more on the expensive side compared to competitors.,4,0
1238,2022-07-23 07:43:39,"All very nice ( product , delivery, packing)",4,0
1239,2021-10-10 03:51:55,I cannot access instamart on my app,3,0
1240,2022-06-04 09:46:05,NO CUSTOMER CARE NUMBER I ORDERED FROM INSTAMART AND IF THEY DON'T HAVE PRODUCT THEY GIVE SOMETHING ELSE TO THE CONSUMER... POOR EXERCISE SERVICE,2,0
1241,2020-11-19 15:16:17,Really disappointed with this app.. This is my 5th consecutive bad experience.,1,0
1242,2019-10-17 11:58:10,Awesome app for your empty tummy🤪🤪,1,0
1243,2020-10-21 08:05:28,Good app and there is one improvement that may be great if real time tracking and add ons in order will be available,5,0
1244,2019-12-04 19:10:06,Very poor service and delivery boy are not properly know good behavior and I am not satisfied with its service. I ordered but not often enough to say about ridiculous service,1,0
1245,2022-10-15 15:31:41,It should be user friendly . Lots of advertimrnt floating on screen. . Needs to improve,2,0
1246,2019-12-01 06:20:15,Now you are starting to make fool by increasing of super charges. Didn't like it at all,1,0
1247,2022-03-04 13:44:22,Selected an item while ordering but post payment item was changed twice when spoke to customer support they wer rude and forced me to accept the item or would charge cancelation fee. Pathetic,1,0
1248,2021-05-19 05:01:32,Rate are double in this app... Waste of coupons.... Other app are best than this app.,2,0
1249,2019-10-01 15:44:45,Very late arrival only 5km away and 1hr for delivery,2,0
1250,2019-11-13 14:02:09,Execllent app for odering food from home.,5,0
1251,2020-12-14 07:55:07,Was my first experience but it was good and I really like the service,4,0
1252,2019-09-17 20:21:04,Very handy app for ordering food.,5,0
1253,2020-01-23 15:47:28,Sometime quality of food is not good.,4,0
1254,2021-01-19 14:54:30,Wow...just amazing.....use it thrice a day,5,0
1255,2021-07-10 06:55:11,The price is good but the delivery charges are too high And the delivery time is excellent Quality food available That's it !,3,0
1256,2019-01-04 07:46:29,love this app better and fast result and give fast service,5,0
1257,2019-10-22 11:19:11,"Very good app for food and it too solves the food related queries immediately . Loved the app really, pls install it , better than zomato and other fooding apps",5,0
1258,2020-08-08 15:16:35,Charging rain fall amounts.. and getting more more delay.. then y should i give that amount??,3,0
1259,2019-09-08 07:33:47,Additional charges are too much,2,0
1260,2021-02-01 10:17:03,Horrible. Zomato is much better.swiggy is horrible.,1,0
1261,2022-01-13 15:37:08,Order was cancelled after around 1 hour and in night where to go,3,0
1262,2020-07-16 10:34:25,No option to pay online after making the order,2,0
1263,2019-11-04 09:05:39,I feel not really well But it's average 😉,3,0
1264,2021-08-16 04:43:23,"Worst service, missing items in most deliveries",1,0
1265,2023-05-04 16:10:57,I love this app.. they provide many coupan,5,0
1266,2023-04-24 11:08:26,What is this...?? I couldn't reopen swiggy app,1,0
1267,2022-02-21 03:08:22,Location is not recognised properly by swiggy app for the the delivery boy...he waited somewhere and asked me to come there as the location was showing that place as delivery point,1,0
1268,2018-12-26 13:11:10,Very less offers. Though delivery time is dependent on the restraunt. Less on the delivery boy,3,0
1269,2022-10-07 18:21:29,"If order is delayed and you want to cancel, you lose your money. They are lucky the consumer protection laws are lax here. They should be fined double the amount for delays.",2,0
1270,2021-10-18 09:04:01,Nice app butt promo code in gopal not applicable,5,0
1271,2019-08-16 08:31:19,order accepted.. after 30 min. a message send by Sweggy that item is not available... poor service..,2,0
1272,2019-09-16 09:40:45,"Rates are more than actual rates of restaurants, rates after applying coupon code also sometimes more than actual restaurant rates, Its better to order directly from the restaurant to save money",3,0
1273,2020-12-31 16:45:00,Absolutely pathetic customer support. Extremely high delivery charges. I'd rather use Zomato,1,0
1274,2021-01-13 13:17:27,I think this is best because you got all type of food It's really yummi,5,0
1275,2019-11-06 17:55:45,"I have orderd a food and the rider denied from reaching me and your executive also denied to help . My order was of 122rs. and when i asked one of your ridiculous executive for givingme a sort of help has denied to help and instead of helping he charged 61rs. as cancellation amount from my side . Rather understanding my situation as the time was nearly to 11pm n i wanted to have dinner , he totally denied for helping me . And plz swiggy users don't pay prepaid for ur orders !!!",1,1
1276,2019-06-02 10:10:20,order delayed... delivery executive was rude and vulgar talking.. customer support is very slow,1,0
1277,2021-06-21 08:10:29,I orderd but its took 1 hour to delivery just single meal nt any non veg...bad very bad waiting waiting thuuuu,2,0
1278,2019-03-22 03:24:36,"not really good app to use, they show you coupons and discount stuff when use it through browser it shows as for app user and when you apply through app its not applicable in your area. and later on the customer service says some numbers are restricted for use. it never provides proper service for frequent users.",2,0
1279,2021-02-28 18:42:18,High rates make people to not order,2,0
1280,2018-09-13 16:13:04,Homely concept is awesome..,5,0
1281,2022-12-16 08:50:30,"Bad experience, canceled my order without any call after msg your order is cancel due to not picking up the call, no refund mony",1,0
1282,2021-06-03 13:04:13,Good service and time management is very good,4,0
1283,2020-07-21 05:48:36,So far my experience with this app has been good. Its convenient to use & the delivery services good. Hence 4stars.,4,0
1284,2021-06-10 14:56:12,"Good experience, delivery is swift, restaurants are lovely, frequent users always get discounts. Loving it!",5,0
1285,2019-08-08 17:36:58,refunds will take more than 10 days in this app.... and you people has to begg for refund... which will be your daily routine and executive will say money will be refunded within 4-7 working days,1,0
1286,2023-04-25 14:54:31,Some deliveries takes HOURS TO GET DELIVERED. AND CUSTOMER SUPPORT SUCKS.,1,0
1287,2019-10-07 08:37:49,The delivery person called and the call over internet was really diffcult..,3,0
1288,2019-08-07 07:50:08,I don't want order my food from you m going uninstall your app and never order from swiggy we have zomoto uber eats better than swiggy,1,0
1289,2020-01-05 08:30:02,"I ordered food from your app and recieved it in a uneatable condition. I called customer care and reported the matter and also requested to take the food back. But i was advised to raise the matter on email. When i wrote email to the given ID, I was replied with standard copy paste text with no resolution. I worte thrice on emails. But no resolution provided. Customer service at swiggy is worsening day by day.",1,0
1290,2022-11-21 12:36:04,"Had ordered food from swiggy on 13/11/22. Since the address given was wrong, had immediately cancelled it and was told that I would be refunded Rs 730. Next message I got was that swiggy has processed and refunded the money to my account which I didn't receive.When I contacted them I was told that it would be an issue with the bank and not their fault. When I contacted the bank I was told that swiggy has not processed the money yet and to contact swiggy.I lost my 730 rs and no cooperation.",1,1
1291,2023-07-13 16:55:14,I am happy to eat pizza.swiggy service so good,5,0
1292,2022-05-28 05:20:59,They are going from bad to worst...every order there is a delay in the delivery...and no satisfactory resolution mechanism,3,0
1293,2022-01-06 13:49:23,"My experience with this app has been really bad. Most of my orders haven't been delivered well or even decently. Coupons show they are applicable and when I add the food, it does not apply. I am never able to contact the delivery boy without going for customer care. And these issues have occurred so many times very frequently. With all this even the customer care did not help. ... Ordering a food item from Swiggy has started to feel like a punishment to me!",2,120
1294,2023-04-23 06:09:43,If you don't stop sending me horrible notifications I will take away some stars from my rating .They are not funny they are straight out offensive and rude at this point .,4,0
1295,2022-01-03 15:24:44,This app have improved alot from 2019. They are good competitors for zomato for sure. I'm happy to order food online through swiggy eventhough they have low offers but the price is affordable. Zomato keeps 30-50 rupees extra on every item in the menu to compensate the offer they give.,5,4
1296,2019-10-21 11:53:19,The swiggy store service is really poor. The products are usually out of stock and it's disappointing as the delivery guy is confused half the time what to bring or not. The app should be updated all the time regarding the status of the products.,2,0
1297,2019-09-09 15:24:23,There is no grievance addresal system for cancellation charges. But overall the app serves better,3,0
1298,2023-07-21 11:07:57,pls decrease the food price,5,0
1299,2021-01-02 19:50:58,"Amazing App, Very Useful Refunding Process",5,0
1300,2022-05-20 15:20:12,They take to much dilvery charge expensive form food,1,0
1301,2019-07-16 14:49:53,this time really disappointing..i ordered 2 combos n they send only 1 with missing quantity..n costomer service not responding to it ..n only bulk of mes they send..even not refund or not send the rest item..its kind of fraud,1,1
1302,2020-03-10 17:26:03,"I wanted to order from a restaurant, but when I searched for its name, there were two restaurants by the same name. So I was confused which to choose. I randomly picked one and placed my ordered. The parcel was delivered and after having it I came to know it's not the same restaurant. Please mention the location of the restaurant so that we can distinguish between restaurants. Very bad experience.",3,0
1303,2022-08-28 14:20:06,"Twice th order cancelled, and responded as due to technical issues order got cancelled. Very shameless support system",1,0
1304,2019-03-21 14:43:51,Overall good but need to improve your delivery services,3,0
1305,2019-08-19 10:01:29,its good but its very good if you dont add delivery charges,4,0
1306,2019-08-23 07:20:47,Capable enough to tackle problems in a graceful manner,5,0
1307,2022-09-16 06:17:50,not good discount offers like Zomato,2,0
1308,2023-07-19 09:56:51,When my phone got complaint I had to take new phone.it doesn't allow me to login to previous account which I subscribed for 1000 for swiggy one...Zomato gold is more good than swiggy overpriced and cheating,1,0
1309,2021-04-25 08:49:18,It's to easily delivery food and order in fastely I like it,4,0
1310,2022-04-20 04:27:58,Can add an option to give cooking instructions while ordering,3,0
1311,2019-07-29 07:50:40,nice and very helpfull but delevery charge is high,3,0
1312,2021-01-01 18:04:10,Foods quality is very good and all order was on time. I used this service first time I want to give swiggy 10/10.,5,0
1313,2020-09-08 07:33:14,"Everything About Swiggy was amazing , Until Between they Decide to Remove the COD option from My account due to some reason ..!😣I Am just student who does not even earn, To get back my COD they keep asking me to make an Online payment that i cannot.i order food from Swiggy for my lunch or breakfast at times.! I really hope they understand their fault ..Removing COD from your payment options will only drive away your customers to order food from another apps.. .! Please look into it .Thankyou",2,0
1314,2021-01-17 20:59:55,First I ordered my food and then I reconfirmed it by calling the owner of the restaurant and he said it will be delivered very soon . I ordered my food at 11:36 pm and it hasn't delivered it yet . It's just not about the delivery . Just think someone who is very hungry ordered something from u and waiting to come but whole night pass through. I was angry on them and as being a customer really don't want to get this kind of service from anyone..... If someone is trusting you So pls don't break it,1,0
1315,2022-01-16 15:13:41,When you doubt that you got some wrong item or not and then if you try to talk with em you will keep on getting automated messages. Not happy with the way they respond when you raise a complaint or when you got some wrong parcel.,2,0
1316,2019-05-16 15:12:20,way too much time for order delivery!!,2,1
1317,2020-12-22 06:48:39,Not delivering on time...much difference than the given delivery time,2,0
1318,2019-04-15 15:09:09,"customer service can only apologies for late delivery, more than an hour with no compensation as per late delivery policy. Uber eats is much better.",1,0
1319,2019-10-27 14:34:31,I ordered a food item which I didn't get. I complained but didn't receive the money. Worst food delivery app ever. Never download this app.,1,0
1320,2023-07-11 12:11:26,Even after swiggy one these don't take any responsibility but just leave customer pissed and not helping then . No way to contact these frauds,1,1
1321,2023-03-08 22:44:30,As you fired a guy who refused to deliver the mutton into temple that's the enough reason to uninstall the app and give this rating.,1,0
1322,2020-11-19 09:03:07,Worst app there is no proper info if we get our order delayed,1,0
1323,2021-07-23 12:54:27,Fresh and highly amazing food .,5,0
1324,2020-05-29 14:38:21,Delivery time is proper and performed in a hygienic manner,5,0
1325,2023-06-15 04:06:24,Overall aap is okay but their is very bad customer services as if i get wrong or missing things in my order than their is no response or they say about mailing but no mail get answered here which is ridiculous also less discount offers 😕,3,0
1326,2021-01-14 08:39:19,"Need to Ensure Quality Food, Reasonable Rates, Good Quantity and Awsome taste and packaging...",4,0
1327,2019-09-25 13:41:18,"Awesome ,but delivery charges are costly comparing to Product prices",4,0
1328,2019-08-28 17:07:57,Nice app.. And good delivery,5,0
1329,2019-10-28 15:04:09,Poor delivery. Order is ready at restaurant but due to multiple orders from different customers clubbed together the food gets delivered cold.,2,0
1330,2021-02-03 09:28:22,This app is too good but please send food in carrybag,3,0
1331,2022-04-18 13:40:34,"It has become common nowadays that order is being delayed for hours and sometimes not even being delivered.. The delivery executives become unprofessional. and also the system assigns delivery executive who are far from the locations, then they eventually denies delivery. It has become a regular practice of swiggy and they give some useless compensation coupons.. 50/- to 100/- is already we get discounts in most places in name of XYZ offers then what is the point of giving those useless coupons",2,0
1332,2023-03-09 19:25:15,Swiggy has charged for service but not taking responsibility about cooking instruction also not giving proper resolution. Swiggy cheats the customer and Harms the religious spirit.,1,0
1333,2022-06-27 10:11:17,Good service nice service,5,0
1334,2023-04-27 12:48:25,full bakwas application..,1,0
1335,2022-05-11 15:16:04,chicken pieces weren't good!,3,0
1336,2020-11-27 06:04:00,Payment for foreign cards does not work,3,0
1337,2020-08-04 12:54:10,Hi my location is not exact.. tap to get more info.. deleivery boys arguing with us ...,2,0
1338,2019-08-11 14:33:40,service charges are more in comparison to zomato.,2,0
1339,2020-01-30 08:49:14,"The OTP didn't arrive for more than 3 times, the OTPo n phone is not complete and always the last digit is not heard or spelt correct, the transaction competed but i get a screen twice which says oops something went wrong , ts very very frustrating to order from swiggy",2,0
1340,2019-08-09 15:49:49,"best platform for foodies as well as for health conscious persons . so one should go for it.,😊",4,0
1341,2020-05-20 16:58:49,Awesome feature - display of body temperature of the delivery executive,5,0
1342,2023-07-08 07:05:50,Hey swiggy thank for your support for delivering food door to everyone.,4,0
1343,2022-03-27 13:57:24,I am Swiggy one member but not satisfied with their instamart service. I tries to order milk daily but most of the time their milk remains out of stock. Why don't you increase stock when you are getting orders. Prices are also high of most of the items compare to market shops. I took three months of Swiggy one subscription to check their service and would get yearly depending on the service but now i am thinking I will not.,2,1
1344,2023-03-16 17:04:58,so nice to testing that's why I am,5,0
1345,2019-07-21 05:18:15,"from the very beginning to till my fifth and last order, I applied coupon and I was supposed to pay the amount without discount",2,0
1346,2023-03-17 13:59:08,Cancelation policy is third class...,1,0
1347,2019-09-21 16:03:49,"Service is very poor, i order today but i not received food till now in otherside balance is also not return.",1,0
1348,2020-08-07 15:21:55,"Swiggy you totally fraud guys. Order from you & your delivery guy didn't call me & suddenly my order cancelled, it was non- refunded. You mmMF b**chs. If I seen anywhere tht guy u will definitely complaint to police",1,0
1349,2021-11-26 16:03:20,Items showing delivered but not delivered... Taken money in advance,1,2
1350,2021-04-10 10:53:27,Refund policy is very bad and no proper customer care service number,1,1
1351,2022-06-11 09:18:20,"Good ui, very easy and good app",5,0
1352,2021-06-02 12:39:48,"Do not order from swiggy, they dont have customer support... Ur money is in vain",1,0
1353,2023-03-20 14:17:20,Such a bad delivery service. It's been more than 3 hrs and my order is not yet delivered. They are continuously increasing the delivery time. I want my money back.,1,0
1354,2021-07-06 17:21:32,Bad App bad customer service EDIT:Once again you PIGGY people proved me right you rude bad and worst delivery executive picked my order but denied to deliver by food even after talking to service executive people they couldn't do anything simply cancelled my order with out my intimation at night 10.24PM at that time our entire family waiting for food which got cancelled immediately placed order in ZOMATO with top priority delivered in 15min,1,1
1355,2018-11-07 16:08:12,"I applied for coupen on my first order. And once went to paytm gateway, coupen was not there and it dedicated whole amount. Customer care was asking for coupe n details which i was unable to find from the app.",2,0
1356,2019-11-15 12:18:49,Testy and yummy food quickly order,5,0
1357,2018-11-03 15:19:00,"Many restaurants are unavailable most of the time. Also, my orders have got mixed up a few times. Otherwise it's ok. Delivery is fast.",4,0
1358,2022-08-29 17:56:49,No delevery partner there. Worst app worst service.,4,0
1359,2022-07-19 06:21:05,The prices of the dises in app menu are shown higher than the restaurent menu. and too much service tax. they say arriving early and edit the original time themselves so it looks like it's early.,1,3
1360,2021-09-18 18:10:01,Because the quantity was low very low,1,0
1361,2022-05-29 14:16:32,Food good but packings not good,3,0
1362,2019-08-31 15:08:00,"Always fails to load the restaurants, and the options available in pop, change from person to person even if on the same location. Had to use other peoples phone to place orders, becomes quite inconvinient.",2,4
1363,2020-02-27 13:20:35,Nice one with regular offers to use fo ease.,4,0
1364,2019-08-30 07:40:00,Good app.. Nice service..,5,0
1365,2021-04-23 07:10:49,Worst service after once cancelling food the cash on deliver option goes off,1,0
1366,2020-12-08 16:51:44,Taste not good and high delevery charge very woste,1,0
1367,2020-05-30 17:07:22,Excellent service and app,5,0
1368,2018-11-21 06:13:29,Very bad customer care service...deducted money twice and have not get the refund yet i will never use this app....its been a week and still not getting my refund,1,0
1369,2019-09-11 08:02:30,Its delivery boy are very punctual And there behaviour is also very best,5,0
1370,2020-02-14 12:16:16,Good but still offers has to be increase... Customer executives and delivery executives are well mannered,4,0
1371,2019-10-03 08:41:06,I used only one time first five order 50% offer when i am trying to order second time the offer is not their,2,0
1372,2019-09-07 10:58:42,This is one of the great idea. It's very useful for some times. You need to increase some of the offers for regular customers. You people think on it.,5,1
1373,2021-02-14 17:02:43,Useless app. Never confirms order and leaves you hangin without food. Pathetic service. These guys need to shut down. Illiterate losers,1,0
1374,2019-02-12 15:58:03,"worst app...location accuracy is worst, delivery guys don't move from hotel and ask for location. once location is provided they refuse to move from their place. not supportive at all. dont want to give any star.",1,0
1375,2023-04-28 07:47:47,It takes extra charge.... better not to take extra charge..... We can afford so much money,2,0
1376,2021-11-04 04:07:22,Pathetic service... Their delivery partner have marked my food delivered which hasn't been.. And now this company is asking me to wait for 48 hour so i can get any result.. And till then should i not celebrate my festival or what. Never use its service.. Zomato is better,1,0
1377,2019-06-26 10:47:22,swiggy is such a worst food delivering app uber and zomato is much better then this app,1,0
1378,2023-06-06 10:56:42,I had just ordered cakes on swiggy from shop (Winni cakes&More) but received a pathetic packaging and worst delivery  the cakes are mixed and splitted all over the packet. This is really a worst experience and I want return of my amount within 30 minutes ...😡😡😡😡😡... And right now no-one can resolve my issues,1,0
1379,2022-07-30 10:46:00,good app for online shopping app,5,0
1380,2021-01-06 16:47:36,Restaurants selection options is too good,5,0
1381,2021-09-28 17:52:49,Very bad service all time wrong happening with customers (cancellation charges) apply his own mistake.,1,0
1382,2022-06-21 08:32:22,"They never deliver it on time ,but they do charge for delivery and thats too with rude and decieving customer service people.......dont waste your hard earned money",1,1
1383,2019-04-29 17:51:30,even hi speed internet pages are in loading loading loading and so on.....:-(:-(,2,0
1384,2020-03-06 08:44:26,"I will not order neither recommend swiggy to anyone. Recieved a spilled Cake (ordered for anniversary) told them to replace it. But swiggy executive and her supervisor told me Swiggy policy is to refund half amount in such cases. Advice for swiggy, kindly hire people who can deliver such delicate items without spilling them.",2,3
1385,2021-03-23 06:59:32,Fast and convenient platform,5,0
1386,2021-03-31 08:47:59,Its a very bad experience there first show mio amore we placed order & then theyy don't refund our money .....,1,1
1387,2019-10-10 17:08:42,Worst app.. The new scam they have started is to cancel the order and hold you online paid money for 3-4 days. They dont care for your money and valuable time you give to get your order delivered,1,0
1388,2020-02-29 09:30:41,Food delivery is generally late as compared to the time indicated.,1,0
1389,2020-01-03 07:31:08,It is a very good app and soooo useful for employes and bachelor's,5,0
1390,2020-01-30 15:17:47,Food not delivered timely and taken more time,2,0
1391,2019-12-14 07:27:17,Worst app. After going to payment page coupon discount disappeared. Again not able to apply coupon next 2 hours even not placed order too. Unprofessional developers and app.waste of money i paid got super. Not useful for me. Thus happened 3 times.,1,9
1392,2021-08-25 14:23:20,Best fooding app and it has good offers always.,5,0
1393,2023-02-26 14:38:38,Worst customer service of all apps to ever exist. They are the personification of stingy.,1,0
1394,2020-10-24 09:01:48,Worst ever update by swiggy Fonts is looking so big Unable to see all foods in one screen needs to scroll down long time to see the bottom Needed previous update for good looking kindly change the type of screen,2,1
1395,2019-07-13 08:02:44,quick deliveries hot served food but disruptive ads good FAQ's Fast Deliverys,5,0
1396,2021-05-20 15:52:34,Amazing offers and amazing services.,5,0
1397,2023-05-14 15:00:52,"Worst company, cheaters, they everytime deliver bad vegetables, and never provide solution, never refund back .",1,0
1398,2023-03-02 07:06:52,Had the worst experience ever. I ordered a cake for someone and paid for it at the same time. But they sent it to someone else or maybe the delivery guy ate it. It ruined my event. The person did not received it and it already showed delivered and neither i got any refund. Will never recommend this app to anyone. Very worst experience.,1,67
1399,2022-05-10 02:24:41,Now a days too expensive and high charges compare to other aaps,3,0
1400,2021-08-30 11:09:26,Experience is good as of now but just want to understand why are u taking order packing charges as you are not making any separate packing from swiggy side instead only using the packing of respective restaurants,4,1
1401,2019-10-14 14:11:23,everytime it is showing 'currently unservicable',1,0
1402,2019-05-26 06:38:43,Service sucks!! The delivery guy just disappears with my bulk order and the customer care doesn't have a clue about anything. Just keeps telling sorry and does nothing about it. Doesnt even know thier own employees. Dont use them if they are the last food delivery service remaining in the dystopian future.,1,0
1403,2019-12-26 19:59:35,It was nice till few days back until and unless yesterday night when I ordered my food and I received less items than paid and ordered for And when looked forward for help I was asked to mail at 3:30 AM when I was hungry and was looking forward for my food and when further reached out at mail I was given assurance of not happening it again and wasn't received any refund what the hell will I do of your assurance I paid for an order that I never received.Counterparts offer better customer exp.,1,0
1404,2023-06-28 16:54:41,All people busy no restaurants available,2,0
1405,2022-09-18 07:15:33,"Hello Team, Swiggy wallet is not working. It's showing technical error creating wallet. Please fix this.",3,0
1406,2018-10-26 04:50:52,Nice but have to update location properly,5,0
1407,2023-01-17 15:02:46,Worst.... Ones in a 10 time the aap work otherwise it's loading.... Loading....,1,0
1408,2021-07-06 06:08:23,"Best app for food,grocery delivery far better than Zomato:)",5,0
1409,2023-04-28 17:28:15,This is amezing delivery 🚚,5,0
1410,2020-12-04 08:16:33,Customer care representative tells instruction option is available for name sake and we can't ensure it before delivery. Worst experience,1,0
1411,2019-02-15 05:13:35,Too much delivery charge for super members for below 100rs order. previously why i liked swiggy than other apps is if they give any discount it will be applied on total bill amount.. now it is changed like all other apps.other apps giving more offers than swiggy. so why i have to use swiggy. that's why I'm quitting swiggy,2,0
1412,2021-06-30 13:32:36,if we have to cancel the order after 2-3 mins they keep charged for that,1,0
1413,2021-12-06 15:15:27,Pretty disappointed with the recent update....199 min for dilevery is little a bit too much...plus the about of coupons/discounts drastically reduced.,2,4
1414,2023-06-23 12:23:18,"Best offers, best service and No compromise in quality and quantity.",5,0
1415,2020-02-02 15:29:40,Worst app ever. Really bad experience with customer care on 1/2/20,1,0
1416,2019-06-13 17:35:17,"worst app i suggest don't use this app they always make mistake like late delivery, incorrect order, less refund as compaire to you have pay for it....",1,0
1417,2020-06-30 06:32:48,Good morning to all of you it is pleasure to me for giving 5 star to this apps,5,0
1418,2019-12-14 13:53:54,Wrong order recived help section was good but there is no facility of exchange the order at nyt they do not send your rs back on wrong order but they provide coupon which of less than 50%off your order 🤬😤,2,0
1419,2018-11-26 07:18:01,I think better they drop this business.if there not ready to ensure the customer ordered qty delivered or not. Better we can directly order from hotel.,1,0
1420,2019-08-12 08:27:58,Best app for food delivery..i just loved it...,4,0
1421,2022-01-23 08:26:33,"Refund policy not satisfied ( 7days) Because automatically order cancelled but suffered customer, refund not credited immediately... Please don't rotation customer money",2,0
1422,2020-11-15 13:16:50,"The customer redressal is not at all supportive .. a horrible app, the delivery time is not specified zomato offers a gauranteed delievery under 50 minutes but no such policy is available here , the staff is pathetic ... I wouldn't suggest it at all",1,0
1423,2020-02-10 05:45:35,Amazing..with lot of varieties,5,0
1424,2021-06-28 10:55:02,I had ordered from the restaurant and many items were missing and I even did not get a reply I need a refund for it,1,0
1425,2019-10-13 14:01:56,"App is good, but the offers has been reducing day by day & also I'm finding the rates appear here are higher than the restaurants.",3,0
1426,2018-09-19 09:51:30,The app is amazing and easy to use..But the problem is just that it become unserviceable after 3 pm now a days.. Plz fix it.. I stay in pune near lokmanyanagar..,3,0
1427,2019-10-17 07:16:05,Best food to fast delivery and lower price,4,0
1428,2019-04-21 09:42:01,Nice and good app but it took more time to deliver,5,0
1429,2021-10-20 13:40:07,Very Bad Food Delivery App UNINSTALL THIS APP 😡 Delivery partners are very Irresponsible and disobedient and misbehave.... Deliver the wrong food Items in place of which you are order from app without any check and payments also slow and not deliver on time ....Food Quality are very poor and bad ..,1,0
1430,2019-07-15 17:26:33,Horrible experience. Supplies cold and stale food.,1,1
1431,2023-07-05 15:03:58,Rates are hiked than hotel mrp and taxes and handling charges are levied which makes it better to go and eat in a 5 star restaurant than ordering on swiggy,1,0
1432,2019-10-21 10:47:39,This is an incredible application and it is not known what time it is,3,0
1433,2021-04-16 10:27:59,Very good app delivers before time,4,0
1434,2019-08-06 06:43:45,"Better than zomato, uber eat & other food delivers... Good hearted delivery executives, they behaves very kindly to us, even its untimely... All d best... Keep on rocking...",5,0
1435,2023-06-23 16:13:16,Very unprofessional and unethical behaviour... Delivery agent has taken money unethically saying it is not paid order to my family member although its a paid order.... Now company is not taking any action against the delivery agent and not even refunding the amount.... Such a bad experience.... Total frauds,1,0
1436,2021-07-10 17:03:03,2nd time in a row very bad service.,1,0
1437,2022-04-15 07:53:59,very small portion. it's a snack. if you want lunch look elsewhere!!!,1,0
1438,2020-09-17 08:46:00,"Pay your riders/delivery executives so that your services are no longer ""restricted"" so that I can actually put my Swiggy Super subscription to use.",1,1
1439,2018-10-19 06:13:32,The customer care of swiggy is very slow and pathetic. Even though I got my order deliverd half and hour late the only compensation i got was an apology and then as i requested a refund they gave me a coupon which applies if i order above Rs.300. zomato and faasos on other end refunds 25% of yiur order amount directly. Also swiggy charges packing + Delivery Charge separately however their delivery time and packing is no better than Zomato (who dont charge it separately and sometimes even Zero). And yaa when it rains little like even just a drizzle they increase their delivery costs which are already quite high. So if you are thinking for ordering just for yourself dont prefer swiggy. I would rather go with Zomato.,2,0
1440,2020-12-03 05:54:25,"the app is ok. I've been ordering food form here for a while. the interface is easy enough. but they have removed the customer service number and replaced it with chat. the delivery guys end up late or if there is an issue, there is no direct connect to customer care.",3,8
1441,2021-05-26 12:26:11,Amazing app easy to make delivery,5,0
1442,2018-12-12 14:51:12,"This app doesn't have kannada option to talk with customer care, And they are serving in Karnataka itseems 😤😤😤😡",2,0
1443,2019-11-11 12:08:32,"Very cheap price, nice discounts,",5,0
1444,2021-01-03 11:17:52,I ordered at 3.22 pm its been one and half an hour till no response and asking to cancel order wrost service wrost app wrost customer service they are palying with people feeling highly drama playing customer service,1,0
1445,2021-08-23 08:57:37,It take too much time for dilvery,2,0
1446,2022-03-08 14:23:36,i was charged Rs.23 even the bakery is less than a kilometer..and service charge Rs.23...decided not to choose swiggy anymore,2,0
1447,2023-06-04 05:56:26,",c xm not ms by mg xn .zl ke NZ j p colour il gee",2,0
1448,2019-01-10 08:40:50,it is very cool app and delivery is very fast,5,0
1449,2019-02-10 13:40:04,other every thing is good but the problem is that only 3 restrurants are available on my phone,4,0
1450,2019-06-09 07:48:52,very poor customer care services... I was waiting for more than 50mins and did not get any responce from customer care person,1,0
1451,2020-02-24 15:05:58,Awesome and helpful when my family is not around,5,0
1452,2021-05-09 08:24:06,"Omg, used swiggy genie and vaccine came earlier than this delivery boy. So least delivery guys.",2,0
1453,2023-02-27 07:05:58,Always taking double the time it mentioned in the start!,1,0
1454,2023-06-18 07:17:09,"Not good app, item added in food .unable to find cart",2,0
1455,2023-03-20 13:31:39,I get many offers on Swiggy...compared to Zomato. The food also gets delivered very quick.,5,0
1456,2023-06-28 11:00:57,swiggy is the best food delivery app ever!!!,5,0
1457,2020-07-13 13:12:14,Well it was showing 100 rs off on SBI card but when I tried to give sbi card details it started showing offer not valid now,1,0
1458,2022-05-22 07:24:19,The price displayed in app is more than the actual restaurant's price.,1,0
1459,2020-05-01 09:00:13,"Too bad service. we should not use Swiggy. I ordered 9 vegitables but only 5 delivered in spite of full paynment. Driver didnot recieve my call. Swiggy customer call,too. waste money and time.",1,0
1460,2019-10-22 12:20:30,Prompt delivery and wider variety of restaurants!,3,0
1461,2021-11-22 18:46:22,"App is excellent but I can't opt 'COD"" / ""POD"" on website.",3,1
1462,2021-10-21 09:32:33,Very good experience.Get great discount and cashback.love to use swiggy,5,0
1463,2019-08-21 15:54:55,So many problems in loading,3,0
1464,2019-04-11 12:32:16,"I had a very bad experience after my first order. I was told that I can use 50% off coupons on my first 5 orders. but as soon as I use coupon of my first order...the remaining coupons have gone..😡😡!!!!!!and now if I enter the coupon code it shows that ""The limit of using it has exceeded""!!!!😡😡😡 Swiggy.... I'm disappointed.",1,0
1465,2020-10-19 12:39:19,THEN ITS TO MUCH WORST SERVICE I GOT FROM SWIGGY AFTERALL I WILL GO WITH ZOMATO ONLY...ZOMATO IS CARING ALL THE PEOPLES....ZOMATO PROVIDE US GREAT SERVICE. THANK YOU ZOMATO,1,0
1466,2019-11-15 07:59:00,I have a issue related with swiggy when i want to order something in day or night anytime i found that it is closed for delivery in swiggy app I am tired from these bad things in this app please help improve the app And fix these types of bugs Improve soon,3,0
1467,2019-07-19 14:07:04,ok. bt amount is variable. variable hidden charges charged,3,0
1468,2022-02-20 15:56:06,"Arrogant customer care people. They just forward the default messages (apologies, valued customer, blah blah)even if we ask for a specific support.",2,1
1469,2019-04-19 08:32:39,"Useless Customer service, they cant understand English leading to confusion and loosing their customers. No escalation path too. This is how an Super User was treated.",1,0
1470,2019-09-27 17:05:50,Person has accepted the delivery however he was serving the other order. It took more than 40 minutes for waiting and still counting.,1,0
1471,2019-11-12 09:38:33,Order and booking is excellent,5,0
1472,2021-05-24 05:57:10,Wonderful. I want to add one in my address for easy delivery .please help.,5,0
1473,2021-03-14 14:19:28,Awesome app and easy to access,5,0
1474,2019-05-04 17:07:25,the pick up guy said you are too far for delivery and said will cancel it. now why do I pay for the cancellation? I see that u are concerned. if u can shoot me and wait for my last words then am not for it. u gotta ask the customer why the cancellation if u are not for and and act just ears am out.,3,0
1475,2022-05-04 02:45:21,If you cancel the order you will not get the money!!!!,1,0
1476,2019-04-05 17:29:50,Very disappointing service ! I ordered a meal of worth 2k INR out of which several items were missing in the delivered package ! I had to contact the customer care in order to get those items delivered. This did not happened once but twice in just a span of 2 days ! And the most disgusting part was that despite of being at fault they refused to deliver the undelivered item but took the payment for the missing items as well ! The representatives are very horrible !,1,3
1477,2023-02-05 11:41:06,Earlier it was good but now app shows deliver in 20min but actual delivery happening in 45-55min.. looks like swiggy days are done!!,1,0
1478,2019-10-03 07:41:54,Supper and speed delivery,5,0
1479,2021-07-19 05:42:19,Late orders delivered. Horrible Service.,2,0
1480,2022-09-22 13:56:51,This nice app but the delivery partners are also good but they are too delay to deliver the order because they are delivering nearby orders...i m using this app from 3 years or more i give u 5 star rating that time but now i will give u 2 star🙂,2,0
1481,2022-10-11 04:51:55,Worst app... delevery not on time... taking more than 1:30 hrs for delivery for the restaurant which is just 1 kms away from my house,1,0
1482,2021-06-17 02:44:11,"I have been trying to reach out to an agent for the last 4 days to talk about the utter worst order I had recently. They close the chat asking us to write an email. When you do, they will ask us to wait for 72 hours. And then they don't even reply. We will not have a chance to talk about this issue anywhere. Worst experience",1,2
1483,2019-08-26 14:27:25,delivery boy is professional and good looking. I am really impressed with service and delivery boy.,5,0
1484,2020-03-06 12:03:31,Late deliver.Always have excuse.Poor support team.,1,0
1485,2022-04-18 05:43:26,Very bad experience..... delivery boy behaviour very bad,1,0
1486,2019-10-06 16:45:24,Used to be really good now is horrible with no way to contact swiggy people and unable to contact those cancellation guys. Such a disappointment,1,0
1487,2022-05-08 03:55:26,"Day by day swiggy going to be at its worst by providing the degrading service. The latest one i have noticed is that. If you would order something and raised a concern regarding that order over swiggy help chat box then no one will help you ,no resolution provide, no chat support as of now, coz if you raised a concern they will automatically auto closed by the system , there is no chat support executive allinged by swiggy its get auto closed by the system by said we need more time reg-14895222",1,0
1488,2020-02-14 16:10:48,Poor delivery & tracking these days.,2,0
1489,2022-10-26 10:09:45,Hugely overrated app for food delivery. During important days tends to delay food delivery by more than 45min. Only wants to promote it's delivery campaign which gets them additional revenue.,2,0
1490,2019-07-01 09:50:49,i will rate it 2 as its delivery charge is more than other comparison to zomato and all its very expensive..,2,0
1491,2020-09-05 16:37:03,"Worst app to order food they will make you wait for an hour to tell you that,they dont have any agent to deliver.",1,0
1492,2021-10-24 12:09:02,At least they don't send me tasted and leftover (जूठा) repacked food...,4,0
1493,2019-08-30 10:14:45,Easy to use and understand...in short I just love it.,5,0
1494,2023-04-18 06:40:08,"my coupon offer vanished within 4 mins and now the app shows the original price even after applying . Later the coupon itself is removed from the customer list. Nice analysis done in Background on attraction, good AI and Data analytics",2,0
1495,2019-10-26 14:51:26,Coupon shown but didn't apply,2,0
1496,2022-08-06 17:36:26,"Food takes much time than its already written, i ordered around 8:30pm and the scheduled order was to come at around 9:30 but till 9:30 the rider didn't even make it too the pickup restaurant point and arrived my place at 10:00 pm .Also , the packaging of the food was not up to the mark , i ordered the same from 'Zomato' and receiced quite a good packaging and yes it arrived even before than the scheduled time!",1,0
1497,2020-09-23 18:31:32,Payment fail on maximum discount coupon When I was ordering food and on which offer i have available that movement when applied and tried to make payment it got failed,3,0
1498,2018-10-13 15:47:21,Great for quick bites and from proper outlets,5,0
1499,2019-01-04 11:15:27,the worst app ever just showing that coupon is avail on all payment methods but they say that it is unable to pay on COD. very disappointing app,1,0
1500,2020-01-15 14:57:58,Oder cancel ed is very tuff.kindly . Oder make sure .than oder it . After cancel you should pay more money as chagers.,2,0
1501,2021-08-09 09:21:44,"Awesome app, I happy to use Swiggy.",5,0
1502,2019-12-08 14:38:27,Not able to login. It shows too many attempts detected on this device but i reality i did not.,1,0
1503,2019-08-12 12:42:15,Nice app but price is chief and best thing is promo code and amazon deal,5,0
1504,2019-08-11 10:53:41,"i have an excellent experience with this app, good quality of food and lighting fast food delivery.",5,0
1505,2023-05-19 14:39:39,This is fraud I wait for my orders for too long and then they cancel my order after they give me a coupon cost rupees 80 to use and then they blocked my account,1,0
1506,2020-02-16 15:17:04,Taste of food is too bad.,2,0
1507,2020-12-11 15:00:16,To slow couldn't track order.,2,0
1508,2019-11-19 07:54:24,Resturant is not working properly for taste and the delivery boys are so lazy and they have many excuses. In the begenning swiggy is working properly good but after sometime its not good.,2,0
1509,2021-04-17 14:12:47,Good. Please include option to turn off promotional notifications.,5,0
1510,2018-10-22 18:15:04,Bad slowest delivery app very don't order this,1,0
1511,2020-03-22 06:45:14,Very nice app according to Domino's,4,0
1512,2019-01-02 08:23:57,great app... and all the more helpfull as this app accepts sodexo payment... hence one need not be worried whether the outlet accepts sodexo cards or not.,5,0
1513,2020-07-12 15:25:59,Worst management current location not take correctly and I ordered then I can't change current àddress and I cancelled the order 143rs charged my account,1,1
1514,2023-07-19 19:53:32,"Ordered Food & Water, but received only Food not water. After complaining get refund for missing water. What a lovely experience i had, and what a lovely response received feom Swiggy Support. Thanks Swiggy for Helping with food without water.",1,0
1515,2022-03-18 16:36:57,"don't have COD, Netbanking for payment options then who will be able to buy any thing from you?",3,0
1516,2021-11-13 07:30:55,Waiting time is too much as compared to zomato..,3,0
1517,2019-09-15 06:16:13,"Unable to make payments in the app. When I click on Make payment button after entering card details, the app restarts. Hence, unable to order anything from the app.",1,0
1518,2023-07-06 11:17:07,The food was extremely spicy.my tongue almost got burned having the biriyani.Worst eating experience.,1,0
1519,2021-07-31 14:25:50,Very nice for food delivery,5,0
1520,2022-07-30 12:14:30,WORST WORST WORST Very very worst experience..i have made a payment of 317rs but order not placed so i chatted to enquire about the issue its been 3 days i have chatted with 20 executives and sent 5 to 7 mails no proper response... They are simply wasting our time and telling us 24hrs and 10 to 20hrs tat times only ... They are taking our money through this method bank has Clearly said that issue is on the other end but they are saying issue is in bank end ..what..really this mademe und streesed,1,0
1521,2019-05-08 12:48:17,till now you didn't give profile name edit option though i mailed support team as well as customer care to do something about it. i got a mail saying in next update this feature would be available but two updates have come but no work has been done on this issue. please look into that. rest app and service is good. giving 2 star because it took so long to reaolve issue but still no update on it. please look into it. Got so many updates still there is no solution for the mentioned problem.,2,0
1522,2020-03-05 15:40:19,"Sometimes a while doing payment through Zeta, I experience abnormal behaviour.",4,0
1523,2021-01-07 14:04:01,"Timing is always wrong, it shows arriving in 30 mins then 10 mins passed, still arriving in 30mins",3,0
1524,2019-09-18 16:42:00,some merchant not shiw in app some time and order tracking is not work,3,0
1525,2022-10-04 01:21:41,So bad experience with swiggy. My order is taking more than a hour and the same thing is repeated regularly. You can't find customer care number in app. No customer care assigned for issue. You're going to connect with chat bot where you will not get solution for your issues. Stupid swiggy cancelled my order many time in this year. Not deserve for one star,1,8
1526,2021-03-28 16:10:17,"Swiggy is really going to the dogs. ordered food, restaurant accepted the order, delivery person was appointed. then one hour later I was told that the order is cancelled because the restaurant is closed and I will be refunded. I mean I don't need the money, I need the order in half hour. I think it's better to move to Zomato.at least they do not cancel your order after 1 hour.",2,0
1527,2021-01-21 09:33:19,I wish I could give it a zero star. Can't believe something can be so fraudulent. The delivery guy didn't called me once or mailed me and yet the customer services informed that I been approached 3times and on top of it the order for which I was waiting since 1hour got cancelled by the delivery guy himself for which I was charged the 100%of the cost of my order and instead of resolving this matter by either giving me a full refund or reinstating the order from their side they gave just 50%.,1,0
1528,2022-08-16 04:48:06,"Roti not well cooked, Veg. Noodles also not tasty, no spoke provided and Chicken Chettinad with less gravy.",1,0
1529,2020-10-23 17:24:35,Resturent send wrong food and swiggy didnt replaced it..,1,0
1530,2021-04-16 04:57:32,The GPS location somehow changes on its own after I place my order and the delivery partners have taken extra charges multiple times. Why take delivery charges if your delivery guys are gonna charge their own?,1,0
1531,2019-04-15 19:09:25,worst app..for delivery ..it will provide good service in start then they will take u for granted...they have trained ther customer executive to give delay response every time till query gets resolved specially in delayed delivery cases.. and they rarely reply to ur actual concerns..they ignore complains in chat boxes which. and close the call on their own. even if you give the negative fees back to your chats with customer executives nothing happens it also gets ignored..,1,0
1532,2022-09-08 21:57:03,Horrible. Was offered a refund of 39 rupees for a 400 rupee missing order. And the customer care executives are non-responsive too.,1,0
1533,2020-12-07 15:24:21,"Really bad service, no follow up with delivery partner, despite the customer saying that the delivery partner is not responding, they don't assign a new delivery partner instead they ask customer to wait, a 33 min delivery time gets delayed by another 33 mins.. their app tracks the delivery partner, but they are not using that to see if the delivery partner has reached the location",1,11
1534,2019-07-29 06:59:20,swiggu used to be so good...just now I've ordered some food items and payed it online and my cash has been deducted and when i checked the order was not placed and my money is not refunded back..,2,0
1535,2019-05-06 11:09:13,I loved the app and the offers are amazing... The delivery executives are on time the behaviour of them are really good the deals are epic... I m satisfied and very happy with is app,5,0
1536,2021-11-17 16:38:26,Changing the rating to 2. Frequently it's happening that they take order and then cannot provide a delivery partner. So food reaches after 1.5-2 hrs or you have to reorder after cancelling the first. Considering to move to Zomato pro from swiggy super if this continues.,2,0
1537,2021-10-19 14:08:16,Good and delivery person's talking style is very good,5,0
1538,2021-08-08 14:33:35,Such a waste app as i am trying to log in with my number no space for password.Worst service and worst App.,1,0
1539,2022-04-15 10:19:33,"Overall, not a very pleasant experience using this app. I counted 5 ads on the order page-- most of them from banks and investment funds. And there's no way to disable them. Enjoy👍🏻",2,2
1540,2019-02-03 14:32:01,The person who picked up my order did not try to contact me and cancelled my order. The message I received was that I did not pick up the calls of the delivery boy so he had to cancellmy order. This shows swiggy does not see who they hire and randomly hire people who are not capable of dilervery.,1,77
1541,2019-11-16 14:57:34,Very bad service. Two orders cancelled providing same answer Delivery executive met with accident. Tracking says both of them not at all on route.,1,0
1542,2021-06-20 16:15:09,Good job with Tier 2 cities. Good Coverage in all cities.,5,0
1543,2021-03-06 15:28:30,Late delivery. Address feature is faulty. The delivery agent never gets the right address. Disappointed.,2,1
1544,2023-05-01 13:47:35,"Sorry... Going to uninstall the app within 15-20 days. This new platform fee is just outrageous. No prior information, nothing.",3,0
1545,2021-10-23 16:47:12,"Book an order, hotel take 15 minutes to confirm that order and then waiting time increasing,, 15 minutes to 17 minutes to 18 minues and same thing done for a hour. I am hungry and irritating.",1,0
1546,2020-11-20 14:54:19,"It's nice and user friendly. But, sometime location shows incorrect while ordering food...",4,0
1547,2020-05-25 06:25:59,Good but sometime creat bugs,3,0
1548,2018-11-07 20:08:31,This is the worst food delivery app I order once and the food came after 2 hours... Please do not order from swiggy,1,0
1549,2020-02-17 08:07:24,Easy to access and friendly app,5,0
1550,2020-02-06 16:50:02,always cancel orders. third class app..lol,1,0
1551,2022-08-28 03:31:30,"The delivery charge they expect is even more than the charge of the food.additionally...they won't take any further actions even if same complaint was reported twice.they don't even confirm the availability of the food..before confirming to the customer and making them wait..worst service .also, they increase the delivery charge considerably when the food in the cart is minimised..even with a memberzhip..no other food delivery apps do this..and i have tried them too. Not going to use this.",1,0
1552,2023-05-09 18:03:41,Delivery takes more time than told(no limit) A lot of pure veg restaurant aren't showed in pure veg category,2,0
1553,2019-10-15 17:03:58,This app work very slowly and take long time to deliver food. 😂,2,0
1554,2019-07-26 15:14:39,Nice but needs some improvement,4,0
1555,2021-03-03 09:03:26,Horrible app the real time to deliver the food shown in the app is not even close to accurate and the time consumtion is very high,1,1
1556,2019-09-18 09:42:19,"Its a shity app ,most of the times items were missing,and for their mistake customer should wait for 40 min or more for replacement",1,0
1557,2019-08-15 15:25:49,Excellent ...once got help from the delivery boy to get my order confirmed by the restaurant,5,0
1558,2022-09-28 14:18:25,The interface is very bad. The swiggy instamart option is not there in the new update. I have to search instamart to go into that zone. But i have meat option directly at home which is not useful for everyone. Please bring back instamart option at home page.,1,6
1559,2019-11-08 03:46:26,Good service...delivery on the time. Good offer.,5,0
1560,2023-07-10 07:45:23,The worst app ever... Always too pricy than the original price... Delay in preparing the order... No proper responses 😑😑😑,1,0
1561,2020-01-03 05:50:56,This app is a SCAM. They hike up the restaurant prices and then add packaging charges and then add gst (I have cross checked with the restaurant they have no idea about the prices being hiked). The portion sizes are usually less than what you would get at the restaurant. They also sell these cakes and pies and what not which are actually by swiggy and not by the restaurant. And to top it all of they mess up the order more often than not. Uninstalled!,1,0
1562,2019-11-15 15:21:47,Add some features like a small chat box for live help.,4,0
1563,2021-09-05 15:30:42,"Convenience at a cost, 11% to be precise",3,0
1564,2022-10-04 08:08:03,Keep it up Timely service,5,0
1565,2019-03-03 15:16:03,the app is better compared to others but the prices are always more than what it costs directly in the restaurant and plus there are these extra charges. they claim to give 50% off on t deliveries but on my 2nd order the coupon wasnt even there!! when I put it myself it said coupon expired but on other accounts it was working just fine.,2,0
1566,2021-05-21 13:51:38,Very disappointed I ordered food and some time i recived a cancel msg.,2,0
1567,2023-05-18 14:33:23,Very good apps for the meals,5,0
1568,2021-03-12 14:19:33,"Very bad delivery, keeps on waiting to assign agent forever",1,0
1569,2019-09-26 14:43:47,Everything thing is good except if u wnt 2 cancel or modify thats the problem faced,3,0
1570,2020-09-27 06:50:53,Delivery charges are very high I am uninstalling the app,2,0
1571,2019-04-10 15:48:33,it's really great....the fastest delivery... gd experience...,5,0
1572,2019-01-28 13:28:10,delivery timing and food quality both are very good.,5,0
1573,2019-06-18 18:31:29,waisting time in this app is not worth... charging unnecessary fees... my order didn't reached me then even after i am the one who paid 50 % of charge in my next order...,1,0
1574,2021-07-11 12:53:51,Delivery charges are too much.,1,0
1575,2023-07-17 14:48:40,I received the different order I have raised the complaint I have provided all the proofs also i.e. photos but still I haven't received any communication from swiggy yet as per their commitment they should revert me within 6-8 hrs still no response Being a one member I regret why I have taken the subscription such a poor service is not at all acceptable,1,0
1576,2019-07-12 05:34:25,seriously a worst experience I felt. whenever I ordered I get somehow problems.,1,0
1577,2021-06-03 04:32:14,I love this app. I always oder my food from this app . The new policy is good form saving to waste food. But what will happen if we oder something that shows and then they call from hotel and say no they can't provide that item what will do ?,5,0
1578,2021-02-09 13:15:26,Very tasty foods will get from this app 😋.and i like almost all food that i had ate.there are many of hotels. Its Very nice app🤩iam giving this app 5 stars,5,0
1579,2021-06-02 15:26:08,Fooding on swiggy has been a great experience. The offers are really good.,5,0
1580,2020-10-28 14:53:48,This app is excellent app and the transaction in process is safe it's a great app,5,1
1581,2019-03-03 09:38:57,worst app ever... each time order gets cancelled after 30 min of waiting!!! 6 of previous 7 orders have been cancelled... use other apps instead,1,0
1582,2019-04-04 16:14:19,wonderfull service. I would like to recommend my all near and dears.,5,0
1583,2023-06-23 14:21:45,Takes too much time to deliver + cancels the orders very often,2,0
1584,2019-03-27 09:36:49,It is worst i have ever seen the services are very bad. The delivery boys are rude to talk and sometimes they use to cancel ur order after reaching the delivery place and after waiting an hour u end up without getting food and if u try to complain about it to the higher authority they simply ingnore ur call or take in granted without taking any action over the complain. It's highly inconvenient for the customers to wait long time and not getting the food.,1,0
1585,2021-02-17 11:55:13,I ordered food and it got delivered to my old address even tho i added the new one and removed the old one still they delivered it to my old address and then i got call from executive saying it got cancelled and they said the money will not be refunded . I mean what is this some kind of joke i have been saving up just for this day to enjoy some good food now i can't even have some cuz you just ate all my money and now i am not even getting my refund or even the food,1,0
1586,2019-10-05 12:17:20,Overall ok but delivery is very late by swiggy.,3,0
1587,2019-08-06 09:34:34,"i ordered food on swiggy.i didn't receive my order.i have been waited for more than one hour.Then i called to the person who pick my order.""He said that his bike was punctured so i wouldn't able to deliver your order please kindly cancel it"".As per his request i cancel it.But i didn't receive my refund amount.I m really disappointed with swiggy refund management.",3,0
1588,2019-10-04 07:32:24,Too much Late order than expected time,1,0
1589,2019-10-27 19:41:22,Very good to use when you are hungry. Don't think just get your food at door step.,5,1
1590,2020-12-12 07:34:17,products are comparativly less in quantity nd not properly packed..,2,0
1591,2023-06-03 16:13:13,Idk why the reviews are terrible but the delivery and coupons are better than zomato,5,0
1592,2023-07-18 12:00:09,Waste app unfair prices unfair coupons taking too long time,1,0
1593,2021-04-04 12:24:47,Very good discount app it is good than zomato.zomato is robber app,5,0
1594,2023-07-08 20:51:56,Very bad services and behaviour,1,0
1595,2022-03-22 10:42:05,That is why it is essential for you to give your best shot when it comes to the guest experience.,5,0
1596,2020-02-28 16:08:56,"GPS tracker totally sucks, it totally sucks compared to zomato",2,0
1597,2021-03-09 16:40:47,Really good and valuable app for real time food delivery,5,0
1598,2019-10-03 09:42:26,Fabulous experience with this app much better than zomato.,5,0
1599,2019-06-26 07:20:59,I can't open my account..its showing some errors and if I am trying to open a new accounts it showing u have an account already,2,0
1600,2022-08-28 06:35:57,superb & smooth service and specially genie option is just awesome,5,0
1601,2019-03-31 13:45:27,i order on swiggy bt the food quility is very bad..i complain on care but they cant understand..they close my chat..i suggest everone dnt make any order for swiggy.they waste your total money,1,0
1602,2020-09-13 13:12:13,The reasons these Swiggy help chat people give are insane. Everytime I've ordered something I have had a bad experience from this app.,1,0
1603,2020-06-09 06:06:33,Superb! I don't have words to compliment this aap . It delivers the food very quickly and safely from our favourite restaurant . Thanks swiggy,5,0
1604,2018-11-23 18:28:27,Very poor customer care and late delivery,1,0
1605,2023-04-21 17:24:51,"This app today I'm uninstalling and I highly recommend people not to install this app, the whole bunch of restaurants the whole swiggy team none of them take us(customers) seriously. Totally disrespectful. Thank you",1,0
1606,2020-12-08 14:44:56,enjoy the offer's excellent 👌 thankyou,5,0
1607,2021-09-30 22:29:22,Don't show a place open when it is closed,1,0
1608,2019-10-02 09:33:49,"Very nice app i like the ordering process better tha Zomato,etc.",5,0
1609,2021-07-02 13:45:08,It is a good app rendering satisfactory services.,4,0
1610,2023-06-04 10:41:14,"Not good at all with delivery partner and customer support team from swiggy, they are intentionally missing delivery items, I was ordered two meals from Hotel navya grand but delivery partner was delivered only one meal and telling hotel people was only given same one meal, but when I was asked the restaurant people they were telling me that they given two meals separately to the same delivery partner",1,0
1611,2022-06-17 06:42:22,"frauds, fix your payment system. Didn't accept my order and have not refunded my money. I should sue you people",1,0
1612,2023-05-14 21:42:47,Earlier it was good but now it's only about Ads and overpriced restaurants with below average customer care.,1,0
1613,2021-08-25 02:11:00,"Nowadays I am not getting a single offer and the food is getting cold by the time it comes into my hand...the only reason to give u atleast 2 stars is politness of delivery person.....plsss provide some offers or reduce the price, the prices are too high compared to the restaurant",2,0
1614,2019-11-03 12:55:45,Good very convenient app very flexible timings,4,0
1615,2021-01-21 07:21:07,Worst app ...dont provide cod option for order above Rs 300 even after trying several online payment method ...and even the help centre dont provide any help too......everytime i complain they ask me to do online payment .....if they don't want to provide cod then why they even provide that option ....and placing limit over COD is again missguiding the customers....no its only ur app have parameters for COD other apps never ask for online payments they always enable the Cod option,1,0
1616,2022-04-16 17:28:13,delivery process is the best,5,0
1617,2019-01-15 14:05:01,food is good and swiggy boys very good thank you so much to swiggy 👍👍👍👍🙌🙌🙌🙌,5,0
1618,2018-10-19 07:33:44,Guys never order from this app they are looting us. They charged me 75rs for nothing. When I am cancelling the order it was showing no cancellation fee. Later one message came saying your cancellation fee is 75rs and the actual order was costing me 77rs. They took 75rs for nothing. Customer service cannot do anything they are saying that sir you are 2 seconds late so deduction happened. DISAPPOINTED,1,259
1619,2020-12-25 07:57:14,"Nice platform for food, thanks",5,0
1620,2021-10-20 11:55:57,Very very bad service . delivery charge is very very bad things all time. even if order high amount of food.Thats why I uninstall swiggy,1,0
1621,2019-05-12 15:23:27,nice app for ordering food when nothing else food in home,5,0
1622,2023-03-20 14:35:11,Notification system is not good...i get a set of 10-15 notifications are the same time for rating food.,3,0
1623,2023-03-15 06:20:26,"It's just showing recommendation, can't see whole menu🥺",3,0
1624,2022-09-15 13:12:05,"Good service, sometimes it make me disappoint but most of the time this app really serve with good and fast service 👍👍",4,0
1625,2020-08-05 13:17:12,It is very useful in lockdown time to get food,5,0
1626,2019-08-31 17:39:26,It so fast and nice delivery Thanks you swiggy,5,0
1627,2021-07-11 10:18:49,I'm using this app a very long time and i really like the way he service proving me.. It's really good. I'm happy😊 thank you for your good service.,4,0
1628,2019-11-08 09:28:43,Its too good & delivary time is so fast❤,5,0
1629,2022-07-23 09:07:19,"th offers, restaurants everything is finebut they take a lot of time to deliver..They take longer than zomato to deliver food from the same restaurant..Should focus on their speed",2,0
1630,2022-04-16 13:18:54,I just love the way it gives me coupons and make my food pocket friendly,5,0
1631,2021-05-01 19:07:36,These are fraudsters and scamsters. I wanted to change address for my order. Tapped cancel the order so i could get the options pop up on my from which i change address. But the app directly cancelled my order without any intimation of cancellation and provided no reason for the reason of cancellation. Order was on the way and I paid 125 for the pizza which the deliver guy possibly ate. Wasted my money and a couple of hours begging for my refund. GO FOR OTHER APPS. Simardeep Singh,1,0
1632,2019-10-03 14:02:57,All orders are not delivered within the specified time,2,0
1633,2021-01-08 03:17:55,The delivery address was not correctly shown in the app when manually entered. App needs to improve address and GPS sync,3,0
1634,2022-05-06 15:27:45,The UI/UX of the app is having lags frequently after the recent update. Please fix this!,2,0
1635,2018-11-30 13:21:00,one customer guy is shouting at me for late to pickup the order is it good,5,0
1636,2020-12-21 04:28:08,"Grocery tab removal is ""worst decision"" and it's giving trouble for customers with too many process. Alternate genie is not working out for Grocery and vegetables.",2,0
1637,2019-06-19 11:13:57,"There is some problem with the GPS. The location entered on map by the customers is different form what is shown to the delivery person. Every single order ,the delivery person would call me up and say you have set wrong location on the map. Its really annoying.",2,0
1638,2019-03-03 09:05:52,it is not at all be opening in my phone although i have downloaded it . it is showing me error of 504.,1,0
1639,2021-04-22 09:46:53,I love the simplicity and usefulness of this beautiful app. Service is alsoi awesome.,5,0
1640,2021-01-15 08:48:21,"Excellent app . Easy to use and most important , gets the food to your doorstep in a jiffy",5,0
1641,2023-04-22 19:08:16,"There are many mistakes in this app. Our phone is not under our control. Having this app freezes the phone. As far as duty is concerned, there are total mistakes. The owners of this app are controlling the phone as they like. Most of the instamart stores near them are not neat. Rider wears any number of zones without permission. Then he comes to take an order and places it at a distance of seven to ten kilometers. Customer support doesn't get to us quickly, it takes a lot of waiting ????",1,22
1642,2023-03-20 14:53:08,This app always saves my life!!!!! This gives me so many coupons that I do not have to worry about money anymore 💵 . They are also early than usual but the delivery man always have difficulty finding my house but it's okay because my house is in A complete JUNGLE .....4✨️ The delivery partner never read the directions to reach! Please swiggy do something about this.,3,1
1643,2019-10-11 16:33:22,there is no option to rate an restaurant.hence the mid rating.delivery and pick up is good. restaurants take online customers as granted.,3,0
1644,2018-12-08 07:34:57,Love the way swiigy treat to their customers...thank you swiggy mine experience was so gud wid swiggy,5,0
1645,2023-07-01 15:11:31,I ordered on Swiggy and got my order after 2.5 hrs after contacting customer support executive. I think it is not good.,1,0
1646,2019-12-08 13:29:06,Best but I don't got any special offers from swiggy,4,0
1647,2023-07-09 04:54:04,nice app for food lover.....,4,0
1648,2019-11-25 16:46:14,No procedure of refund if product quality is too bad... Worst ever support team... Full of arogant... No idea about how to treat with customer.,1,0
1649,2021-11-01 11:12:43,"My experience with Swiggy is a mixed bag. I'm a hotel management professional and I truly understand the saying, ""get the food on the table on time and the guest will be happy"". But then, a company like Swiggy needs to understand this better. You need a better Operations person on each site you operate. Best Abhilash Padmanabhan",5,4
1650,2023-05-13 08:36:34,many time food quality was not that good as well as quantity is not sufficient for 1 person,3,0
1651,2023-01-24 08:59:16,"Well, you just lost an order worth Rupees 500 due to No Cash On Delivery(COD) OPTION.",1,0
1652,2020-06-02 14:47:00,Swiggy management has became very irresponsible no responsibility at all if i say anything always they will ask sorry easily i hate people who repeat mistakes again and again no worth it 👎😡😡,1,0
1653,2019-07-14 08:44:25,not satisfy for this app my order was too late,1,0
1654,2018-09-30 14:14:43,Excellent app. Far better than zomato..,5,0
1655,2021-03-08 15:02:16,So I took their BINGE plan recently and all of a sudden all my favorite restaurants are not delivering food to my location... What kind of SCAM is this SWIGGY.,1,1
1656,2022-11-04 07:48:38,Good App and user friendly,5,0
1657,2020-09-08 11:48:23,It's superb and all are good . But sometimes cash on delivery is not working properly. If swiggy fix the bug it's really a good app. I think swiggy should take some step in the problem. Thankyou,3,2
1658,2019-11-17 07:47:35,First Time User...! Felt Good About The App...👍👍,5,0
1659,2021-03-14 15:32:02,This app is frauder. Beware of their offers like free 5 deliveries. Do not buy it. They have hidden terms and conditions. These people does not clearly mention terms and conditions in advertisement and does not give any free delivery. Tell us to order more than particular amount for free delivery.,1,0
1660,2018-11-10 06:35:43,Not showing to pay with amazon pay,2,0
1661,2023-04-02 14:53:17,"Awesome food, clear review system, sometimes expensive, but the cheapest of most food apps in general. Highly recommended!",5,0
1662,2018-12-31 12:32:14,"It is advertised that on swiggy ORDER50 is applicable on first 5 orders. But when i used it for 2nd order, it is saying that CODE is applicable for only 1st order. I can't Understand this",2,0
1663,2019-02-25 14:25:53,too worst... advertisements in u tube..,1,0
1664,2021-01-20 09:29:31,"When signup onced, login failed with same id and same no!",1,0
1665,2021-09-25 17:01:38,"Very good experience with swiggy people, dedicated, committed ,,🙏",4,0
1666,2019-08-18 08:24:45,observed price differences in restuarant invoice and in swiggy bill. (after considering delivery and hi demand and bad weather condition),2,0
1667,2019-07-30 17:43:43,Very user friendly app . Best convenient and fast app to use,5,0
1668,2020-10-11 12:26:47,The app was good previously but now the restuarant have raised prices on the app then in the restuarant. I have ordered with the discount code and the portion size way to small than the regular. Also with the rised price there are also delivery charges. I prefer directly Ordering from restaurant or dine in thats a better deal.,2,1
1669,2021-06-17 06:24:14,Fantastic Good service thank u so much,5,0
1670,2019-10-17 15:26:04,Good delivery time and good product in speaking,5,0
1671,2019-07-20 05:41:01,"if the app is not responding and you are in the midst of placing or editing your order, there is no way you can call up the help desk to resolve technical glitches at Swiggy's end",1,0
1672,2021-10-03 14:16:11,Not at all good service for COD orders. If delivery guy has no change than he cancelled order and i have to pay for next order. Not even for good customer side. Worst experience.,1,0
1673,2019-04-21 08:45:12,"easy and if something go wrong, theyre there to help you",5,0
1674,2019-09-26 16:09:22,One hour past. Order has not been picked up yet.,1,0
1675,2020-12-27 07:41:16,Its nice but its taking more time to deliver the order.,5,0
1676,2019-10-18 10:50:09,Brilliant job by Swiggy. The delivery guys arrive exactly at my home without much hassle. Proficient people. Food arrives almost as per the estimated time. Never late 4 stars for that. 1 star deducted as their refund policy needs to be resolved. They take a long time to refund the money that should be returned otherwise Swiggy is the best. Better than the rest.,4,1
1677,2019-08-15 16:01:05,"service good , but deliver the dish with atleast little heat before it get cooled",4,0
1678,2019-02-23 15:41:33,Totally disappointed with swiggy Its the worst site Plz dont use it They only make fool and not deliver anything and also uh lost ur money,1,0
1679,2019-12-29 19:20:06,"Being a swiggy super customer, you got to deal with rude unresponsive customer care people..they make you pay extra for item, for resraurant fault of not having the item but still shows in list...and additionl perks of being swiggy super customer is, theyll cancel your by themself you dont have to do it leave with It..pathatic never gonna subscribe to super again🙏",1,4
1680,2020-03-10 19:15:30,Most irresponsible app when it comes to quality of food and packing,1,0
1681,2021-12-28 16:04:36,Enjoying the best of the food in the comforts of home thanks to Swiggy,5,0
1682,2019-11-10 15:42:25,Very useful app and all person good response time delivery,5,0
1683,2023-06-09 08:09:22,"Selling expiring soon products and charging unfair delivery and handling charges and unhelpful support, you shouldn't even call it support!!! Thugs!!!",1,0
1684,2020-11-21 09:35:02,Searching any restutrant n order on dis app is very dimple n quick,5,0
1685,2020-04-25 09:00:07,"Swiggy money wallet is desable from yesterday, now is not open after clicking. Manage to this app through techniqal issues.",2,0
1686,2023-05-20 10:49:46,"Worst delivery experience. Always delayed deliveries. Customer support simply says to wait for the order to be delivered, even when the delivery got delayed by 20 mins. And these days they are batching the orders and it's at the mercy of the executive to deliver your order in 5 mins or 50 mins after pickup",1,0
1687,2021-04-01 09:33:19,App is great and resturent almost great and delivery boy also great,5,0
1688,2020-11-14 12:43:58,Not the Best food ordering app right now.,3,0
1689,2022-02-03 16:59:19,"If you want enjoy the food, never go with swiggy. Very disgusting service. If order food at 8 :30 then order deliverd at 10:15 . Even dustance is only 5km.",1,0
1690,2020-07-29 15:36:39,Better than Zomato 100 times,5,0
1691,2022-04-15 16:18:42,"Been using swiggy since 3 years now. I must say I couldn't have survived my hectic duties without this app... And worth mentioning is the amazing customer service offered. I appreciate the delivery persons for all the trouble they take...but the customer care executives go unnoticed who actually help us whenever there is a glitch...Today, I want to appreciate one such person..Mr. Sahil Lone for his timely assistance during my exams. Keep up the good service. Thank you.",5,5
1692,2021-11-12 16:24:55,It increases its delivery time suddenly 😤😡,1,0
1693,2021-07-23 15:31:32,2 only for good service and best price than zomato. Otherwise they don't know how to calculate time. Thanks.,2,0
1694,2020-01-23 18:02:23,Enjoyed food enjoyed service,5,0
1695,2019-03-06 02:13:28,worst app . pls be stop playing ads in between watching videos,1,0
1696,2023-05-22 13:11:39,Great options and in time delivery.,4,0
1697,2020-11-04 15:59:24,Very bad experience with Swiggy. Many times happened with me. Don't trust on Swiggy.,1,1
1698,2018-10-20 14:53:39,App work properly but there chain restaurants may not they don't take care about the app standard and deliver food jst like they giving a favour to us as well as app,4,0
1699,2023-07-22 18:15:13,"worst to deliver, I am order just 5 kilo meters restaurant ., delivery very late I am not mentioned delivery boy, it's swiggy drawback. till now I am waiting for food",1,0
1700,2019-09-01 14:20:02,Logging out every now and then. Pretty sure that qa would have caught this bug,3,0
1701,2019-10-03 15:13:32,Please develope The app more It does not show the cod option Please develope the app,3,0
1702,2023-02-19 09:23:08,"It's taking more than 1 hr to deliver any item food even if it's nearby 2 km . Delivery person will won't respond and swiggy serive will call after 1 hr that we did cancelled your order after 1hr waiting. My complain is why this is happening to put customer to wait till one HR and then do any response , let's one has to take dinner or lunch on time , even if 1hr is not enough. Swiggy change your police else you will loose huge customer subscribed.",1,0
1703,2022-01-30 10:37:57,Swiggy is expensive than Zomato ..also taking extra money from just away 2km restaurant ..now I order food directly calling to restaurant and they are delivering it without any delivery charges ...so minimize the rate..,1,2
1704,2021-08-29 06:04:58,WORST APP ....PLAYS WITH YOUR TIME AND MONEY. THEY DO NOT CARE ABOUT YOU . AGAIN WORST N WORST DELIVERY. THEY WANT TO EMAIL YOU FOR YOUR ORDERS ONCE YOU RECEIVE BURNT AND COLD FOOD WITH DELAY .,1,1
1705,2019-09-14 15:27:40,Order many times and get ordered food on time,5,0
1706,2019-08-24 08:49:35,"No delivery service when we actually need the delivery. The timing of delivery is bad. The offers are pointless as they take the amount saved for service and tax anyways. And only maximum Rs. 100 off, no matter how expensive the bill is. Then don't call it 50% off. It's just like a clickbait!!!!",2,0
1707,2019-02-19 08:41:59,"We are in main area @ Tirupur city,But delivery not Available!!!!",1,0
1708,2021-05-18 11:09:33,Awesome app. n delivery is also very fast. loved it,5,0
1709,2023-06-19 17:10:11,"Lately, the services have become pathetic and so is their ETA calculation. Partners remain busy all the time! They show an ETA of 40 mins and then deliver the order in 60 mins. To make it more frustrating, they'll batch almost half of the orders. Lol, my delivery partner just rode past my location to deliver another order. I was forced to switch to Zomato due to all this non-sense. Not gonna use Swiggy anymore. And, no, I'm not gonna email you with my concern on the email id you are gonna share.",2,1
1710,2021-02-10 13:34:17,Worst app ever. Delivery agents are hopeless,1,0
1711,2021-02-02 08:29:32,Too long time for delivery,1,0
1712,2021-01-26 07:06:10,The food quality is so ncy and the best things is swiggy save lots of timing. Thanks all swiggy members .... Thnks for giving ur services and HAPPY republic day ...,5,0
1713,2022-06-03 04:38:04,it cost so many price and Zomato app is very good then swiggy,1,0
1714,2022-12-31 18:44:41,It's new year and Swiggy just keeps us waiting for 2 hours and then cancels the order at 12.07 am ... What a way to destroy someone's new year plans !!! Shame on you ...,1,1
1715,2020-02-08 16:11:10,Delivery is too slow & delivery time is to high.,3,0
1716,2022-04-29 09:47:28,Very poor delivery and follow up service at any time. The app allowed me to order but I waited more than 2 hours and finally my order had been canceled. This happened me more than 3 to 5 times.,1,0
1717,2019-12-10 11:48:19,Items which is shown in the menu is not describing clearly,4,0
1718,2021-11-14 14:50:21,"Very bad experience with the delivery boy ,2 times latest was yesterday when he refuse to deliver the order at doorstep ,he called and said come visit on your society gate to collect the order otherwise cancel it, and cut the call",2,0
1719,2023-02-05 06:54:02,"After taking order, recieved a message from restaurant that its not available and forcing for giving alternate dish is not right.",1,0
1720,2020-02-03 10:33:16,No coupons available despite lots of orders,4,0
1721,2021-04-11 13:59:43,Very useful app when we are not able to cook at home,5,0
1722,2019-07-20 08:58:31,Awesome app for food delivery,5,0
1723,2020-01-03 17:52:04,"Have used other food apps elsewhere outside India, buy find Swiggy is the best",5,0
1724,2019-08-30 07:31:15,Executives r cool... love the services & foid i ordered.. clean packed ... over all awesum service.,5,0
1725,2022-07-03 03:05:47,Always the delivery time keeps changing and the swiggy team proudly tells the order was delivered on time.,3,0
1726,2023-04-08 17:54:45,One of the best food & grocery delivery app.,5,0
1727,2020-02-09 09:56:02,"Sometimes the 50percent discounts given by some restaurants are not applicable... Even if order is placed, the same charge is being made regardless the discounts given...",4,0
1728,2023-05-13 10:35:05,Pathetic service ....deliver boy asks for extra money to deliver the food. Saying company does not pay for petrol...so you pay the petrol amount. Otherwise not possible to deliver your food.,1,0
1729,2021-06-06 07:29:38,"quick response, very polite behaviour and punctual in delivery",5,0
1730,2022-07-11 06:51:49,Too high price difference between physical store and swiggy price,2,0
1731,2021-01-25 16:27:17,Excellent app and fasteste delivered food service............😎😎😎😎😎😎😎😎😉😉😉😉😉😉😘😘😘😘🍧🍧🍧🍰🍰🍰🍰🍫🍫🍫🍫,5,0
1732,2022-06-14 11:09:33,the delivery guy was a hooligan and had no manners to talk. Very Argumentative.,1,0
1733,2019-11-25 06:34:14,Atrocious deliveries... sometimes the food gets delivered after an hour or even more than that despite being in a close vicinity and there are no measures taken to rectify it...the customer support is more than helpless...all the advertisements are a big hoax of timely deliveries..I'm done with swiggy...I hope there are any good apps who deliver what they promise...,1,0
1734,2019-07-21 16:53:02,very bad experience I waited for 1.30 hours but i didn't got my order. v.bad,1,0
1735,2021-01-05 16:13:25,Always Gotten food order late takes too much time to pick up,1,0
1736,2022-05-04 20:44:47,The Instamart experience is the worst. They take more than hour for your parcel and do not cancel the order when you ask them to.,1,0
1737,2019-11-10 07:49:13,Good to go app.. delight for food lovers,5,0
1738,2019-09-13 11:24:55,Very costly food even after discount. Should reduce rates.,2,0
1739,2019-10-29 13:20:25,Very fast and easy to order.,5,0
1740,2021-05-10 07:23:19,Quick delivery. Excellent customer service.,5,0
1741,2020-01-01 16:20:46,"It was user friendly app, still more n effective discounts will be given.",5,0
1742,2021-11-11 16:14:24,Thanks for the giving best service in my area nd hope it will continue in future also.....with more exciting offer....,4,0
1743,2023-07-12 04:25:23,Swiggy app not installing,4,0
1744,2019-10-29 09:15:23,Good service and variety of outlets.,5,0
1745,2019-05-05 07:11:28,"Delivery is excellent.Food price is unnecessay high.Offering discount is meaningless as too much delivery charge, packaging charge and restaurant charge are imposed.Discount generally nullfy them.",3,0
1746,2018-09-12 15:08:24,I have been using this app for 3 months now... I found it very helpful and timely delivery and well behaved staff so far...,5,0
1747,2019-09-04 20:37:32,Very bad service provided by them I ordered few times order was cancelled in betweem shop and me. And there refund never comes back to my bank account,1,0
1748,2021-06-13 14:08:06,"Liked their services. They are genuinely helping if someone doing serve, during this Covid. We're delivered food for the Covid affected and swiggy attached pickup+delivery for just ₹1. Hats off to their service.👍👍👍👍",5,0
1749,2021-06-13 17:21:47,"Used to be a good app, but I feel like lately their service is getting poor.",3,0
1750,2019-08-18 19:19:49,"Clear your hunger within minutes, staying at home",5,0
1751,2019-07-24 11:06:53,The delivery charges are higher than other similar apps. Other wise ok,3,0
1752,2022-07-06 08:28:20,"Swiggy is awesome app, i order my Grocery from here,as well good app for immediate snacks n meals for mood change. I loved it. Thank you swiggy.",5,1
1753,2019-02-17 12:17:50,Excellent! Great discounts ans service is good,5,0
1754,2019-09-11 12:58:04,Time is precious! I got my delivery fast as lightning!,5,0
1755,2023-02-06 13:16:49,Time manipulation is being done by Swiggy for delivery,4,0
1756,2023-04-13 05:34:13,I have two Sims but can't login from both accounts on swiggy,1,0
1757,2019-08-31 17:34:56,Good and best. Sorry but best then Zomato,5,0
1758,2019-12-25 18:21:13,Now they increase the delivery charges. And dont understand the point of taking reataurant charges of some1 is not using its ambience.,3,0
1759,2021-08-08 14:49:49,Good to order food online and easy if u don't want to go out,5,0
1760,2021-07-07 10:57:26,Proper time delivery and good service from delivery boys,5,0
1761,2019-07-14 15:58:21,as soon as you subscribe to super they jist start ignoring you...they take 40 mins to assign you an executive to a super...and guess what my orders arrive in minimjm 2 hours,1,0
1762,2022-10-19 08:09:07,Never given a on time delivery if delivery delayed by them also they won't agree worest customer care support and waste of time to order a food in this app no proper execution. If delivery partner not there in that location why they have to take the order and delayed delivery to the people,1,0
1763,2019-10-10 14:47:55,Nice app but some bugs need to be fixed..,4,0
1764,2021-02-24 15:26:59,I must say....this app is better than Zomato... See everyone have different opinions...i am just sharing mine.,4,0
1765,2023-07-15 20:17:39,Worst One Membership. It won't affect but as a bad experience im im rating it,1,0
1766,2020-03-17 12:18:06,I have always adore swiggy because of their efficiency and taste. You have always filled your stomach with these restraunts. Make it better in terms of offers and coupon.,4,0
1767,2021-05-27 08:51:51,"Mostly it shows in offline, so I'm not satisfy in swggy",3,0
1768,2018-11-27 02:42:54,"I like Swiggy for ordering , but swiggy don't deliver to my location , please reach out to different locations.",2,0
1769,2022-06-18 13:23:45,Bad app..to much delivery charges .. restaurant also delay ..,1,0
1770,2019-04-18 09:35:16,"Worst customer service ever!!! The app promised delivery in 28 min for one of my orders. And the food was not delivered for 1.5 hours. I had to contact customer service thrice. I was informed every time food was on the way. But nothing was delivered. When I asked to escalate my complaint, there was no proper response. The customer care executive was copy pasting the same response over and over again. I had to cancel my order and order from zomato. This had happened many times with swiggy.",1,1
1771,2019-09-22 10:29:29,The topmost issue :Quantity is very less. Taste can be better rest everything is fine,4,0
1772,2021-07-30 18:20:42,You only provide offers on condition. But most of the restaurants does not have menu that match your condition. I hope you know that.,4,0
1773,2019-01-18 16:50:57,"delivery is the best!!! .... delivery people use the location properly , no need to call again and again for address...😊nice app",4,0
1774,2023-04-25 18:22:20,chopped fruits are not at all fresh .....yesterday i bought ice apple ...it was sour and pathetic in taste .....same papaya and only one grape ....better u should not have given that one grape...very cheap....but delivery was ok time ....,3,0
1775,2019-02-19 10:27:04,I have been using for more than 3 years.. These guys are good at their job! Rest depends on quality of restaurants!,5,0
1776,2019-09-27 08:30:57,It takes so much time delivery compared to ubereats... 40min in swiggy whereas 20min in ubereats.... That to from the same restaurant,3,0
1777,2022-12-08 09:43:52,Swiggy Instamart not showing up in the app. It had the instamart tab till yesterday. Now it's gone.,4,0
1778,2021-02-05 05:08:40,Nice app for food.... Still need more offers,4,0
1779,2023-06-05 05:39:51,I only order my food beverages and desserts from Cafe Coffee Day and Brew Witch at Skyye UB City everyday. I eat everything on both the menus. I go to Skyye UB City everyday for lunch tea or early dinner or get my food beverages and desserts from Skyye UB City picked up by my driver. I drink responsibly only at Skyye UB City either A Beer all types or wine imported or a Johnnie Walker all labels.,5,0
1780,2023-04-12 06:37:14,One of the platform for food delivery which in my opinion came with the reasonable prices across different factors.,5,0
1781,2021-03-31 08:17:59,Very useful. Saves us the strain of going to hotel braving the sun and showers and wait there if crowded. The only problem is prohibitive delivery charges and ghe threat of 100% cancellation charges if not cancelled immediately. Scary. ☠️,4,0
1782,2019-08-28 06:59:13,Amazing food delivery app I love this,5,0
1783,2021-08-04 14:15:32,Excellent app and excellent service,5,0
1784,2020-10-21 09:13:33,"Nice app, hope Lockdown measures are strictly applied on all home deliverys",5,0
1785,2023-05-04 16:34:04,There are very fast and secure service provider| I like it,5,0
1786,2022-03-08 09:12:51,Very bad experience always Give wrong order and very slow,1,0
1787,2021-05-16 14:04:04,Location setting is not proper.. Update locations pls,1,0
1788,2021-03-29 16:20:01,"The super prizes are very high and also the delivery charges, smetimes delivery charges and taxes are costlier than food.disappointing 😞",2,0
1789,2019-08-04 16:48:21,fantastic deivery time n food quality awesome,5,0
1790,2022-10-02 19:20:56,Worst experience. They will give you spilled bag of order then refund you 'SORRY'. LOSERS,1,0
1791,2021-06-29 13:35:54,Am not getting WELCOME50 coupon and I order only 1 times but why swiggy am not getting WELCOME50 coupon,1,0
1792,2020-09-09 10:04:47,Its a very convenient app and a great idea. This issue aries when you get you Delivery out of the time frame estimate once the order is booked. And the delivery guy dosent reach to the destination unless he or she is been called by us. Very poor service. #Swiggybadservice #Swiggyscam kindly improve your staff quality and be on your commitments #Swiggynotsatisfied,1,7
1793,2019-11-01 15:26:18,Lovely but some place the food is much cheaper if ordered directly Love the way it has created jobs Hate the way i feel deceived,3,0
1794,2021-05-28 13:44:58,It hangs . Also payment gateway is not good,3,0
1795,2020-08-14 08:12:03,It's very useful n helpful at certain time when there is emergency in cooking n I always prefer swiggy,5,0
1796,2022-04-16 07:20:48,recently service of the restaurants are not good,3,0
1797,2021-08-04 11:56:50,Worst App always low grade restuarant and makes good restuarant unserviceable.,1,0
1798,2020-12-12 05:11:45,"quality of material is diffrent from the actual. I ordered chicken fried rice on swiggy as well as direct from mao restaurant, unfortunately there was wast difference in quality of supply... meaning when u r paying less u will get less. that's d funda.",2,0
1799,2023-07-17 14:29:41,Rewriting the review again. This time I'll go to court and file and FIR. I swear. I won't spare you guys this time. No Emails nothing. some guy named Taushik he was L3 Escalations. He told me that the solution will be provided within 9-12 hours. Nothing happened. And now I can't call because your system is pathetic. Can't call for one day prior order. THIS TIME I'LL SEE THAT POLICE IS THERE IN YOUR OFFICE. I HAVE NAMES WITH WHOM I SPOKE. AND I'LL FILE A CASE IN CONSUMER COURT. Majaak bana diya h,1,5
1800,2018-11-11 17:37:37,Its a good app for food delivery...but most of the time it may be unavailable or offers not used in the app...so plz work on it for providing better consumer satisfaction...,3,0
1801,2019-02-15 14:39:45,"great experience, impressive offers",5,0
1802,2023-01-13 16:27:51,No time sence at for food delivery...and Always get the item damages in insta Mart...won't give any refund even we please an issue Always delevery late..the app shows a different time when ever we open and close the app,1,1
1803,2019-05-27 17:44:19,Easy to use and quality food.,5,0
1804,2019-03-05 15:53:36,very good...deliver the food in time,4,1
1805,2019-07-20 15:00:43,order and delivery is quite good...but today I ordered food from eshanya...it showed me wrong delivery address...so I stated the reason and asked the executive to cancel it as it was not my address...they cancelled it and fined me Rs 158 for no fault of mine...very unprofessional...I would never order from them again...zomato is much better...,1,0
1806,2021-06-28 15:38:56,Nice offers and greater flexibility,5,0
1807,2023-06-11 17:04:29,Today I was found a stale food but swiggy want's a photo is any one available to take a photo of stale photo because swiggy want's it. After All it's my mistake i was ordered food from swiggy It's worst management and business with bad service. They're not provided service With hot food. They are not liable is there delivery partner provide good food or stale or cold. How are delivery partner provide service doesn't matter. How was food handlers. So please check hygiene with swiggy.,1,6
1808,2019-08-21 14:42:02,Swiggy doesn not let half the restaurants deliver to our location. Please improve service,2,0
1809,2021-12-20 16:51:18,I am editing my review because I am totally fed up. Twice my order cancelled by Swiggy team and they informed me when all restaurants are closed. Bad experience. I am going to install.,1,0
1810,2021-06-27 09:14:45,Time not properly showingissue and grocery item not sending,3,0
1811,2021-07-19 08:12:16,Very expensive food. Zomato is better than swiggy in terms of quality and money. No offers given by swiggy. Unable to login. Go to hell swiggy. Only zomato.,1,0
1812,2023-01-31 06:51:50,delivery is very slow delivery partner taking 1or more parcels for multiple customer. so orders not reach on time,2,1
1813,2021-12-24 08:06:23,Doing great! Just maintain and keep it up :),5,0
1814,2023-06-08 14:55:03,"Saves time and energy, but should be cost efficient",5,0
1815,2023-05-10 12:56:12,"Best app to order food. Has all varities of food, restaurant, cuisines. Now u can also do any document delivery and pick ups. Only one thing is the offers of discount are pretty less.",4,0
1816,2019-12-16 08:28:49,Delivery people are rude....they have no control over them.... Zomato is better....,2,0
1817,2021-05-16 10:42:56,Top class service. Our savior in times of pandemic lockdown.,5,0
1818,2020-02-07 16:34:03,Very costly and charges extra for many deliveries in the name of taxes and charges. When in some restaurents there r no charges.,2,0
1819,2023-06-29 04:53:45,There is no support from customer care very poor service,1,0
1820,2020-09-19 15:33:27,I seen so many time i yout app and also confirmed from restaurant no buddy will reach to collect my order for long time i am waiting from last 1 hour. Very poor service . And never recommend to others.,1,0
1821,2019-03-09 13:33:40,"Bloody hell..disgusting with SWIGGY.. I could have given it a zero rating... in the beginning this was a good one but later their services are faded ..they r thinking that people are going to place their order only through their swiggy...Bloody cheating app..I totally hate this one from now..on Feb 22 of 2019 @7:23 pm ..I have placed an order of rs.398/_ .. REFERENCE is ( IGAFMDEPR1 ). the thing is when I did ol payment to my order through net banking ..the amount from my account was debited immediately to some other FAKE ACCOUNT .. ( ATOM TECHNOLOGIES) ..and my order was not confirmed.. their customer service is very very worst... they are not even responding to the situation ,instead they said that ur amount will be credited back to u within 7 to 8 business days.. it has been almost 15 days + but still I didn't get even a single rupee of my amount back... when I called ATOM tech they said that it's not their fault .. instead they told that it was completely mistake of the SWIGGY.. BLODDY SWIGGY am Never ever gonna trust u again until I get my refund .. don't cheat ppl and break their trust swiggy... am gonna explain the situation to my frnds relatives and will surely suggest them not to go with sWiggy for ordering their foods. Instead I will insist them to go with ZOMATO or some other ones. Am very much vexed and irritated to peaks with ur cheap CHEAP customer services... if this keeps continuing definitely all ur fame goes off like anything within no time... HATING SWIGGY COMPLETELY FOR CHEATING ME FOR JUST rs 398/_ .. hope I get my refund ..",1,0
1822,2023-03-01 16:38:40,"All my orders are late. If they tell me that my order will be delivered in 30 mins, it takes 45-60 mins. Customer support is very bad and complain resolution is not satisfactory",2,0
1823,2019-05-25 03:25:35,"DO NOT ORDER YOU WILL LOSE YOUR MONEY. Don't get entangled in this fraudulent company. I paid for my order, nothing received, reported it and i was informed some team will handle it. Contact 2 days later and then being informed nothing can be done after 24 hours. Go for zomato, much more reliable, better service and support.",1,6
1824,2023-01-28 16:01:58,Cold food all the time. Scamming everyone with full delivery fees and shared deliveries. Absolutely disgusting and greedy algorithm. Made a mistake by buying swiggy one. Finally uninstalled the app after my tenth cold mutton roll because of multiple deliveries by a single partner. Stingy losers,1,1
1825,2020-01-12 15:03:16,Wrost aap due to some price escalation according to restaurant rates and swiggy rates. I am very disappointed I am placed a order today then I have seen the rate difference.,5,0
1826,2019-10-27 07:28:15,Price little bit higher and no pic and quality of items in some hotels. Quantity also less in orders.,3,0
1827,2021-10-04 11:15:01,I have ordered from burger King and the delivery guy after an hour gave the order to some random address and didn't even call to confirm if that's the right address then after that I reordered the same one but burger king was out of stock on that this makes me sooo mad cause I have already waited for 2 freaking hrs but I didn't recieve the order. But other than that swiggy has great offers and deals its way better than Zomato.,2,1
1828,2019-10-11 10:03:35,Very awesome service and delivery timing,5,0
1829,2020-01-15 19:57:25,It is showing too many log in attempt on this device..my friends login their account then logged out.. Now i m not able to open my own account.. What is this,1,5
1830,2019-01-24 13:43:43,Pretty handy app... Very helpful for quick meals,5,8
1831,2020-04-18 09:41:26,"Biggest thieves. Tax, GST, packaging charge, delivery charge and to top it off, GST on delivery charge.",1,0
1832,2022-12-25 05:40:37,Each and every food very delicious the delivery boy is little rude but okay,5,0
1833,2022-11-17 14:53:12,Unable to save any card for transaction which is very bad and every time I have to search my card and do the transaction,2,0
1834,2019-06-15 16:04:20,swiggy is really amazing..,5,0
1835,2019-12-28 14:50:43,No stability..app crashes. Improper updates...,1,0
1836,2019-07-13 08:20:22,Worst app and delivery services,1,0
1837,2019-01-20 04:31:44,disgusting App... waste service. I experienced a bad service.. they do not have tie with many of the restaurants which they show in their app...,1,0
1838,2020-03-04 12:51:02,Worst app it changes delivery tym according to them only,2,0
1839,2019-11-10 12:17:34,Swiggy is not poperly working Swiggy worker doesn't poper work,5,0
1840,2018-12-07 09:10:17,Its superb for foodieszzz...love this,5,0
1841,2019-09-03 08:49:32,"I ordered lunch today and the delivery guy took a lot of time to deliver. The reason quoted was delivering a order near by. I was waiting and watching from the balcony that the delivery guy was tampering with the order. swiggy can mix poison, give away half eaten licked food by some one else, or pick up some left over food from garbage and deliver. THIS IS A WARNING TO ALL OF OTHER SWIGGY USERS...PLEASE COOK.YOUR OWN FOOD OR GO TO THE RESTAURANT AND PACK THE FOOD ALL BY YOURSELF. Update stil same",1,0
1842,2023-07-22 19:53:28,Not delivery on time/ damaged or spoiled. It's been 3-4 months since everyone is facing this problem. Swiggy provides no solution .,1,0
1843,2021-12-14 17:09:05,Not enjoying it. They disable the Cash on Delivery orders at any random time. Their delivery executives don't have change anymore.,2,0
1844,2019-12-22 15:36:02,"CANNOT SEE REVIEWS WE OR OTHERS SUBMIT. We receive a bad food which could not be eaten, say too spicy, too salty or even if the portion is very less you can only complaint in the app in the name of feedback. In ZOMATO we can see others review and be ushar but here😠😡 I don't know when will they bring this feature in this app. What happens to all user reviews ? Why are we not allowed to see it ???",2,0
1845,2023-06-11 14:25:44,Most restaurants are not available on Swiggy. Plus many a times after waiting for the order to be delivered with guests at home you get a sorry message and a refund which is extremely annoying and embarassing,2,0
1846,2020-11-03 15:02:13,Taking of action for an issue is very bad and executives working in the app are having problems with app and we had to compensate for them at the cost of our hunger very poor of the app,1,0
1847,2019-12-02 11:51:22,"Swiggy cancelled my order even without asking me.And the customer care officer told md that he is unable to contact delivery boy,How this us going to be my mistake.Worst experience ever.",1,0
1848,2019-10-15 09:27:40,Facing worst experience today had to cancel order twice as for more than last 1 hr I've been requesting to deliver my order on time as I don't have time to prepare food with my 2 months old and have to go for his scheduled vaccine. But inspite many requests they took their usual time. Worst worst experience.,1,0
1849,2022-01-14 12:04:17,The day you have get together or you are super hungry dont order via them they will be super late. Will take approx 1hour and 30 mins or more to deliver.,2,0
1850,2019-03-31 06:55:39,wrost app really bad experience with it they are forcing me to not unsubscribe and they give reason that they can't unsubscribe me,1,1
1851,2019-12-27 17:57:26,"Please place zoom - abled Map , on places required , like addresses and after order checkout above status of the food.",2,0
1852,2018-11-21 08:54:44,Absolutely poor service & this is not the first time I have experienced it. Food doesn't get delivered & they don't have basic courtesy to call or notify you about it. You will wait and then when you contact chat support nobody replies or replies in generic terms. Pathetic. After that there is no other option than cancelling it. Complete waste of time.,1,46
1853,2019-09-06 14:21:57,According to Zomato this app is very good,5,0
1854,2018-11-24 10:14:25,My life became very easy with this app... Someone finally understood my endless craving for food all the day 😁😂Thank you Swiggy.. You are the best 😍,5,0
1855,2022-03-11 15:51:32,Day by day service going to worst and where is option for order if i wanted to give instructions for food,1,0
1856,2023-05-31 05:51:21,I ordered from swiggy. But mistakely i orders an wrong address but when I want to cancel my order they charged me and also they disabled my COD this a wrost aap ..,1,1
1857,2019-07-26 21:12:49,"Have been using swiggy pretty much every day for the past 2 years, it started off well, but now since past week, i have to wait 50 minutes only to know that i have to cancel my order! the entire customer service and delivery is down the drain! and they will refund ""your"" money after 5 days! unacceptable!",1,0
1858,2021-05-03 13:23:29,In the period of covid they are like warrior thank you so much,5,0
1859,2023-02-12 09:43:08,"Worst services, they will keep wait the customers and after proceeds to cancel the order ..when we want to cancel the will charge half of the amount but when they do it from their mistake why they are not paying extra money for making the people fools....worst se worst food delivery app",1,1
1860,2022-04-11 17:45:51,"I have placed order and waited for more then 2 hours but still I didn't recived it , the distance is less then 1.5 km.",1,0
1861,2021-10-24 17:54:29,"Very Good experiences for deliveried like safe delivery, good packaging & good offers. It gets better if you pay from Amazon Pay.",5,0
1862,2020-03-14 13:59:46,"good app. but some times it does not show all menu n resto. Every time we have shout at delivery staff, because of yr wrong map location of my residence. I already complained abt this problem but ...no update in yr map. I uninstalling now.",3,5
1863,2022-01-01 16:57:07,Late delivery. The delivery time is manipulated always,2,0
1864,2019-08-12 16:32:22,sometime wrong items delivered after complaining again wrong item is deliverd,4,0
1865,2019-12-04 22:15:00,Applied coupon but dint get any discount,1,0
1866,2021-02-15 07:45:58,Please fix the latency and bugs in your app.,3,0
1867,2019-08-12 12:06:27,earlier i was facing some.login issues.. but now its going good.. thanks swiggy,4,0
1868,2020-11-28 17:59:17,I ordered the food and after more than one hour didn't received order from restaurant 5 minutes away from my location. Then I called restaurant and came to know that delivery boy has not reached yet and order is ready from last 40 minutes. My guests went without having dinner. Very unsatisfactory!!,1,0
1869,2019-11-26 06:47:39,Nice app for order food at home..... And deliver at time,5,0
1870,2019-12-07 12:52:00,I had ordered food from Domino's pizza. I applied 40% offervto earn 100 rs off and then went ahead and selected cash on delivery. Later Offer was not applied!! No riminder received for non applicable of offer for COD.!! Delivery boy took back my order saying to contact swiggy. Swiggy CC team on chat saying all these which no customer will notice while ordering as they still assume that offer is applied as I believed.!! Very disappointed!!!,1,0
1871,2021-08-07 15:44:58,"Ui and design of the app is top class, good offers and speedy delivery👌",5,0
1872,2022-03-29 14:54:39,"Worst ever food delivery app that I see till now in market. Order food through this worst app, initially it was showing in 30 mins it will get delivered. Post 30 mins when we call customer service, they said they will contact a delivery partner and will send. After sometime delivery partner reached restaurant and then the app was showing restaurant is delaying the order. I got food after one hour 30 mins. I have ordered only 3 times from this app and faced the same issue twice.",1,8
1873,2020-12-12 12:55:22,this is offer applied pay amount more than expansive,3,0
1874,2019-10-31 19:17:47,Everything thing is fine in this app easy to use good interface. But I got disappointed when my order unable to reach because of delivery boy's bike issues it happens over four times to me. Because of it I got insulted in front of the guests.,2,1
1875,2019-07-21 08:26:05,worst app ever many other food apps are far better then this app does not even feel sorry after reporting their food and this company always delievers food in very bad packaging so i kindly request to all that pls dont order from them if you dont want to waste your money.,1,0
1876,2019-08-04 11:33:04,"When my order was failed around 12 days ago,even after complaining many times the refund has not been done yet ! I neither received my order nor refund . So better order from other applications like uber or Zomato .",1,0
1877,2019-05-22 10:18:04,"Many times i order the food by other app, i dint got single dissatisfied, 1st i order in swiggy, its taken wrong location, after my online paid its reflecting to other locations .. and i contact with CSE they said we can't able to change the location, if the product is cancelled the cancellation charges is 200/- , actually my total bill amount is 700/ , the cancellation charges is too much Upto 30% its didected my money, this is ridiculous .. this worst food app.. .😡😡😡😡😡😡😡😡😡😡😡😡😡😡",1,0
1878,2019-09-27 10:59:41,Very bad app because offer are automatic removed ......,1,0
1879,2022-04-07 16:29:45,"Soo much negligence recently by the swiggy. I ordered from swiggy and payment was done while ordering , after receiving the order I checked the entire order was not delivered , so I contacted the delivery boy as he blamed the restaurant, i contacted the swiggy department and no immediate response they asked me to send a mail explaining the problem so i even mailed them with the pictures and still no reply from them till now.",1,0
1880,2019-08-18 14:22:46,worst app I have ever used... no customer satisfaction. . I would love to give them 0 star but there wasn't any option.,1,0
1881,2021-11-06 09:18:38,It's okay sometimes faster delivery and sometimes it takes an hour but it's fine.,2,0
1882,2020-12-24 14:21:34,Not working it hangs up kindly update,2,0
1883,2022-03-07 18:16:57,"They will give you an offer or discounts and while checking out they will say ""The offer/coupon code is not applicable for this payment method"". Bluddy scammers. Unistalled immediately.",1,0
1884,2022-07-29 02:33:08,Amazing app osm food delivery Love to use this app,5,0
1885,2021-03-12 09:08:43,Not placed the order at near by hotels..,1,0
1886,2021-12-06 15:21:04,"One of the best Online Food Delivery app. Easy to use, easy to understand. Keep up the good work Swiggy. 👍",5,0
1887,2022-09-16 16:22:53,"Third class service 80 to 90% orders delivered after ETA. For 50% time orders pickd up after ETA. And 20% order need to cancelled out of frustration of being waiting and see that still delivery person not assigned after ETA passed 5 minutes back. Very inconsistent and inconvenient accross all the category Food, Instamart and Liquor. Be aware your order can be cancelled or never reach to you.",1,0
1888,2022-05-01 16:20:57,Very nice clean interface and cluster free,5,0
1889,2018-10-07 14:52:53,"1) order 3 food items due to hunger 2) shocked to discover only 2 items delivered, 1 item missed out 3) Call delivery person and he disowns responsibility 4) make an STD call to bangalore office 5) they say it will take 1hr to deliver the pending item 6) make do with what is delivered and manage with coupons for next order. Happened to me more than twice. IS THIS HOW SWIGGY RUNS ITS DELIVERY WITH ME?!",2,0
1890,2019-11-09 07:58:27,"App is good, but it could be more better..... I believe zomoto app is better than this...",3,0
1891,2019-07-26 15:46:37,I like this app every time there delivers are very fast I love it can i get some discount card for the kids,5,0
1892,2020-02-26 16:36:30,Good app but login failed many times automatically,4,0
1893,2023-05-25 04:06:19,The worst the worst i just lost my money tomorrow because of swiggy 🤷 zomato is the best they respond on time and give value / and consider the customers problems,1,0
1894,2019-03-27 13:59:25,Very good app to use For food lovers in such small city its very useful For outstation students it is very essential Also job will create Overall good Great service,5,2
1895,2021-04-02 14:58:08,Not accurate with executive's location and estimated time.,2,0
1896,2021-03-04 05:47:36,In cuddalore TN swiggy very help full app i love it thanks for swiggy,5,0
1897,2021-01-20 09:36:59,They do not deliver on time.... Do not get your service from them.,1,0
1898,2023-06-12 05:46:44,Stop asking for adress confirmation again and again. I have same address for decades.,2,0
1899,2020-07-13 14:56:27,"It's a very bad experience here, I had ordered food and after half hour order gets cancelled by swiggy, it's been a 3 weeks like almost a month , I still haven't received my money back, you guys really have a bad refund process. Not happy at all.",1,0
1900,2019-06-29 18:27:32,worst app ever please because they modified your order without your permission and when they guve you wrong product they dont give you refund also i am super user and i pay for it but from today i never order from swiggy zomato and uber eats is best,1,0
1901,2021-11-03 22:21:47,Wonderful app and world class service 👍,5,0
1902,2019-06-15 08:00:58,i am trying to download the app but it did not happen...it is getting struck in 96,1,0
1903,2020-07-30 14:52:33,"U will surely disappoint i ordered waited for an hour.. in the end swiggy call me and refunding my amount.. they ruined my party what if your item delivering within 15min which you waited for hour and at the last minutes swiggy call u and telling for refund.. ruined everything .. i hope they refund my precious amount timely .. they asking for 3 ,5 days for refund be careful guys..",1,0
1904,2020-05-11 12:12:21,Thirdclass app address not updating,1,0
1905,2019-04-01 10:10:08,Awesome App.. Fast service.. loving it... :-),5,0
1906,2022-04-22 07:11:29,very nice experience till I m using the app i m very happy and satisfied,5,0
1907,2019-11-01 14:21:45,Better than zomato no delivery charge and sometimes u can get 90% of on first 5 orders,5,0
1908,2022-09-28 19:32:06,"but very slow, and very costly manner",3,0
1909,2020-03-14 11:33:24,"You get swiggy's add several times on youtube, ignore these ads, this app is basically robbing you! They take extra 25 for delivery and 30 or more than that for tax even if the restaurant doesn't charge that amount!!! The delivery is the worst, they ask for address multiple times on call. They end up canceling if there's a delay for 5 minutes and you get the cancelation fee even if you end up getting the order and pay for it! . Their costumer service just delays the matter. Don't install!",1,0
1910,2019-11-12 07:02:53,Add Ons and Supplement along with chat option with an expert / supplier should be available,4,0
1911,2020-03-09 17:58:25,Very late order food delivered,2,0
1912,2021-10-07 14:31:23,From 17 minutes it was showing 17 minutes only its been more than 40 minutes still didn't receive order,2,0
1913,2019-09-07 10:38:45,Awsme food with before delivery i loving it,4,0
1914,2023-06-11 05:59:42,Great app for delivering food online..,5,0
1915,2020-04-29 12:24:29,My personal experience is very good thank you swiggy food delivery partner and thank you so much all delivery staff ™ Love From India ❣️❣️❣️,5,0
1916,2021-07-03 15:37:01,App is good but there is problem in loading every time,3,0
1917,2020-07-21 17:24:31,"One of the WORST food delivery apps ive come across purely because they have terrible delivery persons. They give your order to whomever they see first and never seem to know where to deliver the food in the first place. Completely unaware of the local geography and absolutely unprofessional in their conduct, i have had nothing but bad experiences with the persons affiliated with this establishment. I will not suggest it to anyone and will actively tell everyone i know, about this.",1,1
1918,2020-12-03 02:22:31,"Not an App for Jains For the last few months, the app has gone down in terms of order tracking and reliability. Many times when I ordered Jain food, I have been delivered Non-Jain food. Worst part is, the call-centre (helpline) employees are insensitive to this food preference. Not only do Swiggy employees blatantly ask you to compromise, but the company has also changed its policies on refund. Avoid using the app",1,2
1919,2021-09-24 19:17:10,3rd class service I ordered food they gave me discount n the delivery boy met with accident n food was cancelled n again the charged me with full amount,1,0
1920,2023-06-10 19:41:51,You people always send wrong food and after ordering food you call us to say that the food is not available and that is not mentioned in the app . Shame on you.,1,0
1921,2020-06-18 04:25:54,You guys should have control over your service provider. Some times food is not good and return is not a solution . Quality does matters,4,0
1922,2021-06-12 17:41:51,For wrong order swigy gives m coupon for another order...best service swigy provide to customers,4,0
1923,2019-04-05 08:32:23,simply gr8 we found food home made from kanikas kitchen please add more services for those who roam around like ca engineer and other professionals,5,0
1924,2021-12-16 14:27:21,Good and bad.. experienced both.. not blaming the app though.. by the way this is the only food delivery app that's working for my area.. so I'm more thankful..,4,0
1925,2020-01-01 08:32:51,"I ordered from swiggy, but they cancelled my order for such a lame reason that i want not reachable at my phone, but was present at the address quoted. Such a pathetic policy for customers. Bogus company.",1,0
1926,2020-02-08 10:39:51,Good for instant food delivery,4,0
1927,2019-08-16 15:48:01,A simple egg roll was prepared in 1 hour and delivery took another half an hour.. In between i have ordered from zomato and got delivered earlier than swiggy.. LOL what a shame swiggy.. and the restaurant was just witing half KM.,2,0
1928,2023-01-14 10:26:20,"It was one of the best apps till few years back but the service now sucks. Don't get into their hefty marketing strategy of membership and advertisement. They can provide some average service on normal days but no one gives a damn on festivals/weekends. Customer support is worst, delivery partners are untrained and not able to timely deliver. Even in metro city. Shared my last experience on twitter @divyamkharey on 13th Jan '23. Seriously competition is better in terms of app and giving service.",1,4
1929,2020-05-26 15:55:33,I see frequent in app updates these days. Its really annoying !,4,0
1930,2020-03-10 15:38:55,No customer service help usually wrost experiences,1,0
1931,2019-12-08 16:06:47,Worst delivery service..... Always delay in delivery and no proper response from customer care,1,0
1932,2022-03-26 15:16:51,"Search bar and location only shows on display.,🤬",1,0
1933,2019-07-27 09:13:10,worst app I have ever seen. I cannot add my address. I can not edit my location. iIt always takes location something else which is wrong. so uninstalling this. very bad experience. If possible I will give negative 10,1,2
1934,2023-05-30 17:39:08,Pathetic service even with swiggy one. They themselves can't reach restaurant on a late delivery and want customer to just wait.,1,0
1935,2019-08-17 17:16:23,this has been like 3 rd time within a week when i had to cancel the order. because it took 2 and an half hour to figure out the so called professionals of swiggy that they cannot deliver the order. i have also witnessed lies from the team executives that order cannot be delivered due to ongoing strike when am standing at the location outside and everything is normal out there and around. i shall not use swiggy onwards and i shall not recommend as well.,1,0
1936,2019-04-04 03:05:56,"Appreciate the concept but the very first experience was bad.. Packing from restaurant was not proper and the same not taken care by delivery person so lost half of my food.. If this is taken care of, I'll can be worry ordering every time..",3,1
1937,2021-01-28 09:03:51,Pathetic service Still waiting for the food which was ordered 1:30 min back. And they are doing this for the second time.,1,0
1938,2019-10-02 12:52:41,Nyc service but if delivery will fast then better ..,2,0
1939,2023-07-16 09:32:53,"It's time west for app just one item cancelled another item selected cancelled fee 200,300 total one item100 rs selected 500 charge west",1,0
1940,2019-04-29 04:10:52,facing issues with payment now after update unable to link the Amazon pay account,1,0
1941,2021-07-11 14:30:41,very good app easy to use and I love this app,5,0
1942,2021-08-26 08:31:52,It's soo fast in delivery,5,0
1943,2018-12-22 18:33:36,if swiggy will add visible rating of restaurant it will be better to identify good restaurant..for now this app is not better than zomato..,3,0
1944,2019-04-17 08:14:50,very nice app for foddies thank you swigggy,5,0
1945,2018-09-26 10:45:10,Food is not good and every time food gets cold the dont deliver food on time,2,0
1946,2019-11-02 06:44:57,Location tracking does not work properly.,3,0
1947,2021-02-16 21:19:06,This is a very good aap for ordering online food but the dilevery parterners dont give us the change of the money if anytime we dont have change money soo they say that ma'am pls give the change if you will not give the change in that it is not our profit That's an opinion. Pls cooperate.. And the dosen't comes hot it always come cold...🤣,5,0
1948,2021-05-19 03:05:42,Swiggy is the leader in food order delivery and other delivery services and Swiggy App is the best and easy to use. I recommend every one to use Swiggy.,5,0
1949,2022-08-13 09:20:49,The helpline is the worst. The delivery executive cancelled my order and they are changing me cancellation fee and the helpline didn't do anything. Don't order your food from this app,1,0
1950,2019-10-10 15:04:00,They give the discount amount genuinely compared other food delivery apps,5,0
1951,2023-05-05 10:36:27,The swiggy support was very rude.,1,0
1952,2019-07-15 13:50:00,some of the time the food is not nice,2,0
1953,2023-03-16 08:29:16,Third class delevery service and third class apps,1,0
1954,2020-09-20 12:19:49,Amazing app with good sanitation!,5,0
1955,2021-07-25 16:34:16,"Very bad delivery, food was good in taste",2,0
1956,2021-09-19 11:28:36,Login problem..... Only surfing created .. not otp section page will be open ....,1,0
1957,2018-11-18 16:37:59,No comments all is good but have to keep some discounts,4,0
1958,2021-01-03 04:24:13,Very nice aap really love it seriously very fast service 😘😘,5,0
1959,2019-09-21 16:57:19,This app is very bad because this aap can't give items at prefect time.,1,0
1960,2021-08-04 10:11:16,"Estimated Time shown chages automatically every time , whenever i order it take around 1 hour for delivery even if the restaurant is 2 min away. Time auto change is not acceptable.",2,0
1961,2023-07-23 15:29:31,very bad experience you are cheater,1,0
1962,2021-05-03 16:56:07,Person who comes for delivery all are very nice 👍🏽,5,0
1963,2023-02-15 18:51:36,"Ordering small quantity is really expensive, pay big delivery charges and extra taxes even for a small distance.. Even a coupon code cant help you save anything, other hand the instamart if i want to buy milk everyday i have to pay 15 rs extra for delivery charge where as my milkman comes to my home everyday for free,.. It is better i walk to my nearby shop and save money. I will buy membership if I going to run some catering company",2,0
1964,2020-01-06 09:28:09,"Restaurants supply wrong food, later swiggy says we given u 25rupee coupon, what the hell is happening, restaurant and swiggy is only cheating with customers, no one ready to listen and change dish from wrong to right.... Sad...",1,0
1965,2021-06-25 21:40:31,If there is 0 rating or negative rating I give that... I ordered for chicken roll... The food quality is not good... When I share this to the supporting executive he misbehaved and close the chat... Nobody is listening my concern and nobody is resolving it...zomato is better than this there support team resolve the issue within a min...such a bad supporting team...,1,0
1966,2023-06-04 11:06:19,"Very poor not up to expectation. Roti overcooked, banal in taste for paneer ,missing salt,.papad seemed fungi, Dal was totally tasless.",1,0
1967,2020-12-02 03:18:16,swiggy is much better compared to other platforms i love it,4,0
1968,2019-08-01 08:12:37,"very worst service and low quality food, bad packaging..never ever want to try it again..",1,0
1969,2020-03-31 16:07:30,"Good..... But sometimes their services are too bad. While ordering, sometimes you get notified that food is being delivered but, actually it's not. When you raise a complaint they just say we'll look into it and make sure this never happens again. Ok i understand but what about the money i have paid to you!! Whenever, i ask this question i do not get a concrete answer. I don't want to contribute in increasing trouble during this lockdown period but, just a heads-up.",3,0
1970,2021-03-16 14:44:26,"i ordered from ramdeo hotel which is hardly 15mins away from my home & its been an hour i haven't received my food and delivery partner is not attending call.. after 1 hour another delivery partner is assigned which will take more 30-40mins to reach, so poor service. placed ordered at 7pm and still haven't received the order and there is no guarantee that i will recieve this order or just stay hungry & chat support instead of fastening the delivery is saying we will try to improve this in future",1,0
1971,2023-05-18 05:12:00,For cancel order no reason specified. Swiggy does not mind customer inconvenience when order is cancelled by Swiggy lately. FULL REFUND UNFORTUNATELY DOES NOT HELP HUNGRY STOMACH. Do customer need to check SMS and status every now and then to know if order is cancelled ? Otherwise happy with most of other things.,2,6
1972,2020-12-31 14:21:36,The call icon of the delivery executive is inaccessible. Need proper functioning of the interface,3,0
1973,2020-12-15 09:18:58,Very bad. Have to wait for long time as swiggy makes delivery for more than one customer through one agent,1,0
1974,2019-06-05 15:09:57,not happy with swiggy..they people never deliver food on time. in app it shows 30 mint delivery time but usually they take 1 hour to 1.30 hours. this is regular issue,2,0
1975,2020-03-20 15:39:26,i ill give you 4 stars .. coz u have to do some work on.. off coupons,4,0
1976,2022-04-19 08:44:12,Resturant needs to acknowledge your comments or have working phone numbers to acknowledge the Instructions conveyed. Not sure Why thy have a not working number published on the Site have that Resolved Immediately.,5,0
1977,2020-11-30 10:08:52,Worst and worst iam canceled before 60 seconds also charged full cancellation money,1,0
1978,2021-06-06 07:42:48,All the time it delievers inferior and damaged food and missing some item .packing is very poor ...dont trust on delivery it is better to go out for food ...or order very few items never order in bulk,1,0
1979,2019-09-03 07:19:06,Everything is good bt swiggy food rate is much higher then resturant nd then they delivery too so must control one thing in both,4,0
1980,2019-09-25 07:50:16,Great app n hassle free food delivery,5,0
1981,2023-07-24 09:37:45,very wrost experience. food quality and taste is very bad.,1,0
1982,2019-02-20 14:57:54,great appppp. i evet seeeen . the delivery is very fasttttttt .tooooo good,5,1
1983,2021-04-09 15:31:59,movement of swiggy staff and app both are in oposite direction....,2,0
1984,2018-12-28 18:59:45,good but not the best hope 5stars next time,3,0
1985,2019-08-04 08:14:05,Very happy with Swiggy food delivery services!!,4,0
1986,2021-09-08 17:04:08,"At last moment they have canceled my order. No reason , no support and no help provided. Very bad service.",1,0
1987,2019-08-30 06:37:58,Pls suggest restaurants to maintain quantity they are giving 50./.off then they will cut the quantity.no meanings of off,4,0
1988,2021-01-23 11:21:24,Worst in term of service and i experience it and will not advice my friends and family to use this,1,0
1989,2020-06-29 12:54:47,Good but tracker not available in jammu,3,0
1990,2022-05-25 09:53:09,Very bad. I have suffered 1.30 hours with hunger for food. They says just 20 minutes and waits for 1.30 hour. Such a bad experience,1,0
1991,2022-04-29 08:12:49,"Such a third class service, they canceled your order without any reason If you guys could not deliver the items kindly delete your app from play store",1,0
1992,2023-03-03 17:07:17,Very good app very 1st delivery and fresh food,5,0
1993,2023-03-26 07:26:51,I love to give only one star for this app bt this app itself insist us to give two stars .Really very unworthy app they never deliever the ordered food items properly and many times skipped order after an hour of waiting ...they tell no partners awailable and now I ordered 1 1/2 kilo mutton and received rotton very smelly decayed mutton so SWIGGY IS A VERY WORST APP .,2,0
1994,2023-07-04 11:54:26,Awesome experience everytime,5,0
1995,2020-02-16 15:46:37,"Swiggy delivery ok, but they prescribed time for my order is 30 minites, but the restaruent unable to deliverd the order in time and they wait some more time, due to that i cancelled my order. Swiggy can charge me 75 rs for cancellation. I talk to swiggy, reason for cancelation. Even though they are do like that...",2,0
1996,2019-11-14 10:23:17,Its nice But the coupon codes r not comming,3,0
1997,2019-04-04 08:27:45,barely any offers and hiked prices,3,0
1998,2022-09-07 09:31:17,Because.. you send a Muslim delivery person.. so only 2*..actually i want to give u only 1*or zero for that.. very disappointed,2,0
1999,2021-05-23 15:41:41,Nice app for online food delivery....,4,0
2000,2019-09-22 15:40:09,If Restaurant do not have some itmen so the problem is app do not show it except you see in the card,3,0
